"IssueName","IssueStatus","RecordID1","Comment","Modified","Created"
"Reading materials not distributed","Escalated","d4fafb5f-9327-4b25-8c20-1e478d8e06e4","I am unable to address this issue at present, as the training has already been conducted.","8/24/2026 10:48 AM","5/28/2026 4:36 AM"
"Not gender-sensitive","Issue","a4db0487-0259-4006-85fd-76d145be9181",,"5/28/2026 4:36 AM","5/28/2026 4:36 AM"
"Action plan not approved","Issue","8a2fd5bb-6c93-4f1b-a794-31de9e0f9edf",,"5/28/2026 4:36 AM","5/28/2026 4:36 AM"
"Activities not on schedule","Issue","8a2fd5bb-6c93-4f1b-a794-31de9e0f9edf",,"5/28/2026 4:36 AM","5/28/2026 4:36 AM"
"No supporting evidence available","Issue","8a2fd5bb-6c93-4f1b-a794-31de9e0f9edf",,"5/28/2026 4:36 AM","5/28/2026 4:36 AM"
"Budget not aligned with activities","Issue","3369d421-c00f-4e8d-a5b1-1eb4c6da3a97",,"5/28/2026 4:36 AM","5/28/2026 4:36 AM"
"Misuse/delay of funds found","Issue","3369d421-c00f-4e8d-a5b1-1eb4c6da3a97",,"5/28/2026 4:36 AM","5/28/2026 4:36 AM"
"Challenges or risks reported","Issue","3369d421-c00f-4e8d-a5b1-1eb4c6da3a97",,"5/28/2026 4:36 AM","5/28/2026 4:36 AM"
"Challenges or risks reported","Issue","00ab74e8-1c26-423e-9722-86343fdde770",,"5/28/2026 4:36 AM","5/28/2026 4:36 AM"
"CSO/Youth club not registered","Issue","eccff317-2bad-4a5f-9a61-0f9bf905b34f",,"5/28/2026 4:36 AM","5/28/2026 4:36 AM"
"Challenges or risks reported","Issue","ae8c8062-a52f-4dee-b2e9-d0f7ea73c893",,"5/28/2026 4:36 AM","5/28/2026 4:36 AM"
"No written/IEC materials received","Issue","e3a583ad-9292-4c39-b32d-40b9c7d30ad5",,"5/28/2026 4:36 AM","5/28/2026 4:36 AM"
"Not trained/oriented on provided materials","Issue","8a25bbb1-2d30-4e90-b26a-b32a14f56a53",,"5/28/2026 4:36 AM","5/28/2026 4:36 AM"
"Beneficiary contribution not provided","Issue","8a25bbb1-2d30-4e90-b26a-b32a14f56a53",,"5/28/2026 4:36 AM","5/28/2026 4:36 AM"
"Materials not delivered as agreed","Issue","8a25bbb1-2d30-4e90-b26a-b32a14f56a53",,"5/28/2026 4:36 AM","5/28/2026 4:36 AM"
"Materials not in good/working condition","Issue","8a25bbb1-2d30-4e90-b26a-b32a14f56a53",,"5/28/2026 4:36 AM","5/28/2026 4:36 AM"
"Insurance not provided (if applicable)","Issue","8a25bbb1-2d30-4e90-b26a-b32a14f56a53",,"5/28/2026 4:36 AM","5/28/2026 4:36 AM"
"Warranty card not received (if applicable)","Issue","8a25bbb1-2d30-4e90-b26a-b32a14f56a53",,"5/28/2026 4:36 AM","5/28/2026 4:36 AM"
"Materials not in use","Issue","8a25bbb1-2d30-4e90-b26a-b32a14f56a53",,"5/28/2026 4:36 AM","5/28/2026 4:36 AM"
"Working/business days not increased","Issue","8a25bbb1-2d30-4e90-b26a-b32a14f56a53",,"5/28/2026 4:36 AM","5/28/2026 4:36 AM"
"Production/output not improved","Issue","8a25bbb1-2d30-4e90-b26a-b32a14f56a53",,"5/28/2026 4:36 AM","5/28/2026 4:36 AM"
"Income not increased","Issue","8a25bbb1-2d30-4e90-b26a-b32a14f56a53",,"5/28/2026 4:36 AM","5/28/2026 4:36 AM"
"Family not engaged in livelihood","Issue","8a25bbb1-2d30-4e90-b26a-b32a14f56a53",,"5/28/2026 4:36 AM","5/28/2026 4:36 AM"
"No record keeping practiced","Issue","8a25bbb1-2d30-4e90-b26a-b32a14f56a53",,"5/28/2026 4:36 AM","5/28/2026 4:36 AM"
"No savings generated","Issue","8a25bbb1-2d30-4e90-b26a-b32a14f56a53",,"5/28/2026 4:36 AM","5/28/2026 4:36 AM"
"Insurance not renewed (if applicable)","Issue","8a25bbb1-2d30-4e90-b26a-b32a14f56a53",,"5/28/2026 4:36 AM","5/28/2026 4:36 AM"
"No loans/financial linkages made","Issue","8a25bbb1-2d30-4e90-b26a-b32a14f56a53",,"5/28/2026 4:36 AM","5/28/2026 4:36 AM"
"Livelihood not yet sustainable","Issue","8a25bbb1-2d30-4e90-b26a-b32a14f56a53",,"5/28/2026 4:36 AM","5/28/2026 4:36 AM"
"Low motivation/commitment to continue","Issue","8a25bbb1-2d30-4e90-b26a-b32a14f56a53",,"5/28/2026 4:36 AM","5/28/2026 4:36 AM"
"Family wellbeing not improved","Issue","8a25bbb1-2d30-4e90-b26a-b32a14f56a53",,"5/28/2026 4:36 AM","5/28/2026 4:36 AM"
"No community/market linkages","Issue","8a25bbb1-2d30-4e90-b26a-b32a14f56a53",,"5/28/2026 4:36 AM","5/28/2026 4:36 AM"
"Beneficiary contribution not provided","Issue","c1ee5901-96d1-48fa-a0c8-25b28aadd86b",,"5/28/2026 4:36 AM","5/28/2026 4:36 AM"
"Insurance not provided (if applicable)","Issue","c1ee5901-96d1-48fa-a0c8-25b28aadd86b",,"5/28/2026 4:36 AM","5/28/2026 4:36 AM"
"Warranty card not received (if applicable)","Issue","c1ee5901-96d1-48fa-a0c8-25b28aadd86b",,"5/28/2026 4:36 AM","5/28/2026 4:36 AM"
"Family not engaged in livelihood","Issue","c1ee5901-96d1-48fa-a0c8-25b28aadd86b",,"5/28/2026 4:36 AM","5/28/2026 4:36 AM"
"Insurance not renewed (if applicable)","Issue","c1ee5901-96d1-48fa-a0c8-25b28aadd86b",,"5/28/2026 4:36 AM","5/28/2026 4:36 AM"
"No loans/financial linkages made","Issue","c1ee5901-96d1-48fa-a0c8-25b28aadd86b",,"5/28/2026 4:36 AM","5/28/2026 4:36 AM"
"No community/market linkages","Issue","c1ee5901-96d1-48fa-a0c8-25b28aadd86b",,"5/28/2026 4:36 AM","5/28/2026 4:36 AM"
"Beneficiary contribution not provided","Issue","8207f629-48bc-49d9-bdc0-6dec143a3066",,"5/28/2026 4:36 AM","5/28/2026 4:36 AM"
"Insurance not provided (if applicable)","Issue","8207f629-48bc-49d9-bdc0-6dec143a3066",,"5/28/2026 4:36 AM","5/28/2026 4:36 AM"
"Warranty card not received (if applicable)","Issue","8207f629-48bc-49d9-bdc0-6dec143a3066",,"5/28/2026 4:36 AM","5/28/2026 4:36 AM"
"Family wellbeing not improved","Issue","8207f629-48bc-49d9-bdc0-6dec143a3066",,"5/28/2026 4:37 AM","5/28/2026 4:37 AM"
"No community/market linkages","Issue","8207f629-48bc-49d9-bdc0-6dec143a3066",,"5/28/2026 4:36 AM","5/28/2026 4:36 AM"
"Beneficiary contribution not provided","Issue","372cc4b6-6f46-43f5-9b52-3dc291f52084",,"5/28/2026 4:36 AM","5/28/2026 4:36 AM"
"Insurance not provided (if applicable)","Issue","372cc4b6-6f46-43f5-9b52-3dc291f52084",,"5/28/2026 4:37 AM","5/28/2026 4:37 AM"
"Warranty card not received (if applicable)","Issue","372cc4b6-6f46-43f5-9b52-3dc291f52084",,"5/28/2026 4:37 AM","5/28/2026 4:37 AM"
"Family not engaged in livelihood","Issue","372cc4b6-6f46-43f5-9b52-3dc291f52084",,"5/28/2026 4:37 AM","5/28/2026 4:37 AM"
"Insurance not renewed (if applicable)","Issue","372cc4b6-6f46-43f5-9b52-3dc291f52084",,"5/28/2026 4:37 AM","5/28/2026 4:37 AM"
"No loans/financial linkages made","Issue","372cc4b6-6f46-43f5-9b52-3dc291f52084",,"5/28/2026 4:37 AM","5/28/2026 4:37 AM"
"Beneficiary contribution not provided","Issue","f69bbb2b-d8de-459e-acff-a400f5c972d9",,"5/28/2026 4:37 AM","5/28/2026 4:37 AM"
"Insurance not provided (if applicable)","Issue","f69bbb2b-d8de-459e-acff-a400f5c972d9",,"5/28/2026 4:37 AM","5/28/2026 4:37 AM"
"Warranty card not received (if applicable)","Issue","f69bbb2b-d8de-459e-acff-a400f5c972d9",,"5/28/2026 4:37 AM","5/28/2026 4:37 AM"
"Family not engaged in livelihood","Issue","f69bbb2b-d8de-459e-acff-a400f5c972d9",,"5/28/2026 4:37 AM","5/28/2026 4:37 AM"
"Insurance not renewed (if applicable)","Issue","f69bbb2b-d8de-459e-acff-a400f5c972d9",,"5/28/2026 4:37 AM","5/28/2026 4:37 AM"
"No loans/financial linkages made","Issue","f69bbb2b-d8de-459e-acff-a400f5c972d9",,"5/28/2026 4:37 AM","5/28/2026 4:37 AM"
"Beneficiary contribution not provided","Issue","0066e02a-51d4-4d50-bbbe-c69fc704934d",,"5/28/2026 4:37 AM","5/28/2026 4:37 AM"
"Insurance not provided (if applicable)","Issue","0066e02a-51d4-4d50-bbbe-c69fc704934d",,"5/28/2026 4:37 AM","5/28/2026 4:37 AM"
"Warranty card not received (if applicable)","Issue","0066e02a-51d4-4d50-bbbe-c69fc704934d",,"5/28/2026 4:37 AM","5/28/2026 4:37 AM"
"Family not engaged in livelihood","Issue","0066e02a-51d4-4d50-bbbe-c69fc704934d",,"5/28/2026 4:37 AM","5/28/2026 4:37 AM"
"Insurance not renewed (if applicable)","Issue","0066e02a-51d4-4d50-bbbe-c69fc704934d",,"5/28/2026 4:37 AM","5/28/2026 4:37 AM"
"No loans/financial linkages made","Issue","0066e02a-51d4-4d50-bbbe-c69fc704934d",,"5/28/2026 4:37 AM","5/28/2026 4:37 AM"
"Insurance not provided (if applicable)","Issue","ed7bfb7f-7a0f-4428-8520-f9cff5c4e5e9",,"5/28/2026 4:37 AM","5/28/2026 4:37 AM"
"Warranty card not received (if applicable)","Issue","ed7bfb7f-7a0f-4428-8520-f9cff5c4e5e9",,"5/28/2026 4:37 AM","5/28/2026 4:37 AM"
"Working/business days not increased","Issue","ed7bfb7f-7a0f-4428-8520-f9cff5c4e5e9",,"5/28/2026 4:37 AM","5/28/2026 4:37 AM"
"Production/output not improved","Issue","ed7bfb7f-7a0f-4428-8520-f9cff5c4e5e9",,"5/28/2026 4:37 AM","5/28/2026 4:37 AM"
"Income not increased","Issue","ed7bfb7f-7a0f-4428-8520-f9cff5c4e5e9",,"5/28/2026 4:37 AM","5/28/2026 4:37 AM"
"No savings generated","Issue","ed7bfb7f-7a0f-4428-8520-f9cff5c4e5e9",,"5/28/2026 4:37 AM","5/28/2026 4:37 AM"
"Insurance not renewed (if applicable)","Issue","ed7bfb7f-7a0f-4428-8520-f9cff5c4e5e9",,"5/28/2026 4:37 AM","5/28/2026 4:37 AM"
"No loans/financial linkages made","Issue","ed7bfb7f-7a0f-4428-8520-f9cff5c4e5e9",,"5/28/2026 4:37 AM","5/28/2026 4:37 AM"
"Beneficiary contribution not provided","Issue","2231fbcc-793c-4451-9e8d-d71c8853dd07",,"5/28/2026 4:37 AM","5/28/2026 4:37 AM"
"Materials not delivered as agreed","Issue","2231fbcc-793c-4451-9e8d-d71c8853dd07",,"5/28/2026 4:37 AM","5/28/2026 4:37 AM"
"Materials not in good/working condition","Issue","2231fbcc-793c-4451-9e8d-d71c8853dd07",,"5/28/2026 4:37 AM","5/28/2026 4:37 AM"
"Materials not suitable for livelihood","Issue","2231fbcc-793c-4451-9e8d-d71c8853dd07",,"5/28/2026 4:37 AM","5/28/2026 4:37 AM"
"Insurance not provided (if applicable)","Issue","2231fbcc-793c-4451-9e8d-d71c8853dd07",,"5/28/2026 4:37 AM","5/28/2026 4:37 AM"
"Warranty card not received (if applicable)","Issue","2231fbcc-793c-4451-9e8d-d71c8853dd07",,"5/28/2026 4:37 AM","5/28/2026 4:37 AM"
"Materials not in use","Issue","2231fbcc-793c-4451-9e8d-d71c8853dd07",,"5/28/2026 4:37 AM","5/28/2026 4:37 AM"
"Working/business days not increased","Issue","2231fbcc-793c-4451-9e8d-d71c8853dd07",,"5/28/2026 4:37 AM","5/28/2026 4:37 AM"
"Production/output not improved","Issue","2231fbcc-793c-4451-9e8d-d71c8853dd07",,"5/28/2026 4:37 AM","5/28/2026 4:37 AM"
"Income not increased","Issue","2231fbcc-793c-4451-9e8d-d71c8853dd07",,"5/28/2026 4:37 AM","5/28/2026 4:37 AM"
"Family not engaged in livelihood","Issue","2231fbcc-793c-4451-9e8d-d71c8853dd07",,"5/28/2026 4:37 AM","5/28/2026 4:37 AM"
"No record keeping practiced","Issue","2231fbcc-793c-4451-9e8d-d71c8853dd07",,"5/28/2026 4:37 AM","5/28/2026 4:37 AM"
"No savings generated","Issue","2231fbcc-793c-4451-9e8d-d71c8853dd07",,"5/28/2026 4:37 AM","5/28/2026 4:37 AM"
"Insurance not renewed (if applicable)","Issue","2231fbcc-793c-4451-9e8d-d71c8853dd07",,"5/28/2026 4:37 AM","5/28/2026 4:37 AM"
"No loans/financial linkages made","Issue","2231fbcc-793c-4451-9e8d-d71c8853dd07",,"5/28/2026 4:37 AM","5/28/2026 4:37 AM"
"Livelihood not yet sustainable","Issue","2231fbcc-793c-4451-9e8d-d71c8853dd07",,"5/28/2026 4:37 AM","5/28/2026 4:37 AM"
"Low motivation/commitment to continue","Issue","2231fbcc-793c-4451-9e8d-d71c8853dd07",,"5/28/2026 4:37 AM","5/28/2026 4:37 AM"
"Family wellbeing not improved","Issue","2231fbcc-793c-4451-9e8d-d71c8853dd07",,"5/28/2026 4:37 AM","5/28/2026 4:37 AM"
"No community/market linkages","Issue","2231fbcc-793c-4451-9e8d-d71c8853dd07",,"5/28/2026 4:37 AM","5/28/2026 4:37 AM"
"Insurance not provided (if applicable)","Issue","1a694ea0-0995-4b87-80ec-a989f7fdf945",,"5/28/2026 4:37 AM","5/28/2026 4:37 AM"
"Warranty card not received (if applicable)","Issue","1a694ea0-0995-4b87-80ec-a989f7fdf945",,"5/28/2026 4:37 AM","5/28/2026 4:37 AM"
"Insurance not renewed (if applicable)","Issue","1a694ea0-0995-4b87-80ec-a989f7fdf945",,"5/28/2026 4:37 AM","5/28/2026 4:37 AM"
"No loans/financial linkages made","Issue","1a694ea0-0995-4b87-80ec-a989f7fdf945",,"5/28/2026 4:37 AM","5/28/2026 4:37 AM"
"Materials not delivered as agreed","Escalated","8317d346-2a59-496a-b178-e8c8c8e4b38c","We are currently unable to resolve this issue as the beneficiary has independently negotiated with the vendor and procured sprinklers instead of the proposed drip irrigation system, without prior notification to BDS.","8/24/2026 11:12 AM","5/28/2026 4:37 AM"
"Working/business days not increased","Closed","8317d346-2a59-496a-b178-e8c8c8e4b38c","The beneficiary is currently utilizing sprinklers for cultivation and is actively engaged in agricultural practices.","8/24/2026 11:13 AM","5/28/2026 4:37 AM"
"No record keeping practiced","Issue","8317d346-2a59-496a-b178-e8c8c8e4b38c",,"5/28/2026 4:37 AM","5/28/2026 4:37 AM"
"Warranty card not received (if applicable)","Issue","17574944-80c2-4ba9-b7f0-e85c0392e5ab",,"5/28/2026 4:37 AM","5/28/2026 4:37 AM"
"Working/business days not increased","Issue","17574944-80c2-4ba9-b7f0-e85c0392e5ab",,"5/28/2026 4:37 AM","5/28/2026 4:37 AM"
"No record keeping practiced","Issue","17574944-80c2-4ba9-b7f0-e85c0392e5ab",,"5/28/2026 4:37 AM","5/28/2026 4:37 AM"
"No savings generated","Issue","17574944-80c2-4ba9-b7f0-e85c0392e5ab",,"5/28/2026 4:37 AM","5/28/2026 4:37 AM"
"No loans/financial linkages made","Issue","17574944-80c2-4ba9-b7f0-e85c0392e5ab",,"5/28/2026 4:37 AM","5/28/2026 4:37 AM"
"No community/market linkages","Issue","17574944-80c2-4ba9-b7f0-e85c0392e5ab",,"5/28/2026 4:37 AM","5/28/2026 4:37 AM"
"Challenges or risks observed","Issue","17574944-80c2-4ba9-b7f0-e85c0392e5ab",,"5/28/2026 4:37 AM","5/28/2026 4:37 AM"
"Insurance not provided (if applicable)","Issue","18c2c12c-9df4-4b64-b033-0a9261c32f88",,"5/28/2026 4:37 AM","5/28/2026 4:37 AM"
"Warranty card not received (if applicable)","Issue","18c2c12c-9df4-4b64-b033-0a9261c32f88",,"5/28/2026 4:37 AM","5/28/2026 4:37 AM"
"Family not engaged in livelihood","Issue","18c2c12c-9df4-4b64-b033-0a9261c32f88",,"5/28/2026 4:37 AM","5/28/2026 4:37 AM"
"Insurance not renewed (if applicable)","Issue","18c2c12c-9df4-4b64-b033-0a9261c32f88",,"5/28/2026 4:37 AM","5/28/2026 4:37 AM"
"No loans/financial linkages made","Issue","18c2c12c-9df4-4b64-b033-0a9261c32f88",,"5/28/2026 4:37 AM","5/28/2026 4:37 AM"
"Livelihood not yet sustainable","Issue","18c2c12c-9df4-4b64-b033-0a9261c32f88",,"5/28/2026 4:37 AM","5/28/2026 4:37 AM"
"Insurance not provided (if applicable)","Issue","566eb1a1-63dc-4089-b86d-9baae87bd60e",,"5/28/2026 4:37 AM","5/28/2026 4:37 AM"
"Insurance not renewed (if applicable)","Issue","566eb1a1-63dc-4089-b86d-9baae87bd60e",,"5/28/2026 4:37 AM","5/28/2026 4:37 AM"
"No loans/financial linkages made","Issue","566eb1a1-63dc-4089-b86d-9baae87bd60e",,"5/28/2026 4:37 AM","5/28/2026 4:37 AM"
"Materials not delivered as agreed","Issue","c524797a-a810-4610-bc58-efd4f8545f5d",,"5/28/2026 4:37 AM","5/28/2026 4:37 AM"
"Materials not in good/working condition","Issue","c524797a-a810-4610-bc58-efd4f8545f5d",,"5/28/2026 4:37 AM","5/28/2026 4:37 AM"
"Insurance not provided (if applicable)","Issue","c524797a-a810-4610-bc58-efd4f8545f5d",,"5/28/2026 4:37 AM","5/28/2026 4:37 AM"
"Warranty card not received (if applicable)","Issue","c524797a-a810-4610-bc58-efd4f8545f5d",,"5/28/2026 4:37 AM","5/28/2026 4:37 AM"
"Working/business days not increased","Issue","c524797a-a810-4610-bc58-efd4f8545f5d",,"5/28/2026 4:37 AM","5/28/2026 4:37 AM"
"Insurance not renewed (if applicable)","Issue","c524797a-a810-4610-bc58-efd4f8545f5d",,"5/28/2026 4:37 AM","5/28/2026 4:37 AM"
"No loans/financial linkages made","Issue","c524797a-a810-4610-bc58-efd4f8545f5d",,"5/28/2026 4:37 AM","5/28/2026 4:37 AM"
"No record keeping practiced","Issue","8ff3d2cd-6b0b-4a9d-8ef2-3c366d2252a6",,"5/28/2026 4:37 AM","5/28/2026 4:37 AM"
"No record keeping practiced","Issue","5f429c6e-4263-4a93-bfca-25f79670d454",,"5/28/2026 4:37 AM","5/28/2026 4:37 AM"
"Insurance not provided (if applicable)","Issue","412457cd-87f7-4735-a78f-16965894eaba",,"5/28/2026 4:37 AM","5/28/2026 4:37 AM"
"Warranty card not received (if applicable)","Issue","412457cd-87f7-4735-a78f-16965894eaba",,"5/28/2026 4:37 AM","5/28/2026 4:37 AM"
"Family not engaged in livelihood","Issue","412457cd-87f7-4735-a78f-16965894eaba",,"5/28/2026 4:37 AM","5/28/2026 4:37 AM"
"No record keeping practiced","Issue","412457cd-87f7-4735-a78f-16965894eaba",,"5/28/2026 4:37 AM","5/28/2026 4:37 AM"
"No savings generated","Issue","412457cd-87f7-4735-a78f-16965894eaba",,"5/28/2026 4:37 AM","5/28/2026 4:37 AM"
"Insurance not renewed (if applicable)","Issue","412457cd-87f7-4735-a78f-16965894eaba",,"5/28/2026 4:37 AM","5/28/2026 4:37 AM"
"No loans/financial linkages made","Issue","412457cd-87f7-4735-a78f-16965894eaba",,"5/28/2026 4:37 AM","5/28/2026 4:37 AM"
"Not selected via livelihood assessment","Issue","76706509-a524-4dfa-972d-fef25db05c03",,"5/28/2026 4:37 AM","5/28/2026 4:37 AM"
"No approved livelihood plan","Issue","76706509-a524-4dfa-972d-fef25db05c03",,"5/28/2026 4:37 AM","5/28/2026 4:37 AM"
"Not trained/oriented on provided materials","Issue","76706509-a524-4dfa-972d-fef25db05c03",,"5/28/2026 4:37 AM","5/28/2026 4:37 AM"
"Materials not suitable for livelihood","Issue","76706509-a524-4dfa-972d-fef25db05c03",,"5/28/2026 4:37 AM","5/28/2026 4:37 AM"
"Insurance not provided (if applicable)","Issue","76706509-a524-4dfa-972d-fef25db05c03",,"5/28/2026 4:37 AM","5/28/2026 4:37 AM"
"Warranty card not received (if applicable)","Issue","76706509-a524-4dfa-972d-fef25db05c03",,"5/28/2026 4:37 AM","5/28/2026 4:37 AM"
"Working/business days not increased","Issue","76706509-a524-4dfa-972d-fef25db05c03",,"5/28/2026 4:37 AM","5/28/2026 4:37 AM"
"Family not engaged in livelihood","Issue","76706509-a524-4dfa-972d-fef25db05c03",,"5/28/2026 4:37 AM","5/28/2026 4:37 AM"
"Insurance not renewed (if applicable)","Issue","76706509-a524-4dfa-972d-fef25db05c03",,"5/28/2026 4:37 AM","5/28/2026 4:37 AM"
"No loans/financial linkages made","Issue","76706509-a524-4dfa-972d-fef25db05c03",,"5/28/2026 4:37 AM","5/28/2026 4:37 AM"
"Livelihood not yet sustainable","Issue","76706509-a524-4dfa-972d-fef25db05c03",,"5/28/2026 4:37 AM","5/28/2026 4:37 AM"
"Beneficiary contribution not provided","Issue","e546bc1e-22aa-416b-9df5-b2c5c9266d0d",,"5/28/2026 4:37 AM","5/28/2026 4:37 AM"
"Materials not delivered as agreed","Issue","e546bc1e-22aa-416b-9df5-b2c5c9266d0d",,"5/28/2026 4:37 AM","5/28/2026 4:37 AM"
"Materials not in good/working condition","Issue","e546bc1e-22aa-416b-9df5-b2c5c9266d0d",,"5/28/2026 4:37 AM","5/28/2026 4:37 AM"
"Materials not suitable for livelihood","Issue","e546bc1e-22aa-416b-9df5-b2c5c9266d0d",,"5/28/2026 4:37 AM","5/28/2026 4:37 AM"
"Insurance not provided (if applicable)","Issue","e546bc1e-22aa-416b-9df5-b2c5c9266d0d",,"5/28/2026 4:37 AM","5/28/2026 4:37 AM"
"Warranty card not received (if applicable)","Issue","e546bc1e-22aa-416b-9df5-b2c5c9266d0d",,"5/28/2026 4:37 AM","5/28/2026 4:37 AM"
"Materials not in use","Issue","e546bc1e-22aa-416b-9df5-b2c5c9266d0d",,"5/28/2026 4:37 AM","5/28/2026 4:37 AM"
"Working/business days not increased","Issue","e546bc1e-22aa-416b-9df5-b2c5c9266d0d",,"5/28/2026 4:37 AM","5/28/2026 4:37 AM"
"Production/output not improved","Issue","e546bc1e-22aa-416b-9df5-b2c5c9266d0d",,"5/28/2026 4:37 AM","5/28/2026 4:37 AM"
"Income not increased","Issue","e546bc1e-22aa-416b-9df5-b2c5c9266d0d",,"5/28/2026 4:37 AM","5/28/2026 4:37 AM"
"Family not engaged in livelihood","Issue","e546bc1e-22aa-416b-9df5-b2c5c9266d0d",,"5/28/2026 4:37 AM","5/28/2026 4:37 AM"
"No record keeping practiced","Issue","e546bc1e-22aa-416b-9df5-b2c5c9266d0d",,"5/28/2026 4:37 AM","5/28/2026 4:37 AM"
"No savings generated","Issue","e546bc1e-22aa-416b-9df5-b2c5c9266d0d",,"5/28/2026 4:37 AM","5/28/2026 4:37 AM"
"Insurance not renewed (if applicable)","Issue","e546bc1e-22aa-416b-9df5-b2c5c9266d0d",,"5/28/2026 4:37 AM","5/28/2026 4:37 AM"
"No loans/financial linkages made","Issue","e546bc1e-22aa-416b-9df5-b2c5c9266d0d",,"5/28/2026 4:37 AM","5/28/2026 4:37 AM"
"Livelihood not yet sustainable","Issue","e546bc1e-22aa-416b-9df5-b2c5c9266d0d",,"5/28/2026 4:37 AM","5/28/2026 4:37 AM"
"Family wellbeing not improved","Issue","e546bc1e-22aa-416b-9df5-b2c5c9266d0d",,"5/28/2026 4:37 AM","5/28/2026 4:37 AM"
"No community/market linkages","Issue","e546bc1e-22aa-416b-9df5-b2c5c9266d0d",,"5/28/2026 4:37 AM","5/28/2026 4:37 AM"
"Beneficiary contribution not provided","Issue","850dc64e-db88-4ee1-a1eb-d88e59ed3ead",,"5/28/2026 4:37 AM","5/28/2026 4:37 AM"
"Materials not delivered as agreed","Issue","850dc64e-db88-4ee1-a1eb-d88e59ed3ead",,"5/28/2026 4:37 AM","5/28/2026 4:37 AM"
"Materials not in good/working condition","Issue","850dc64e-db88-4ee1-a1eb-d88e59ed3ead",,"5/28/2026 4:37 AM","5/28/2026 4:37 AM"
"Materials not suitable for livelihood","Issue","850dc64e-db88-4ee1-a1eb-d88e59ed3ead",,"5/28/2026 4:37 AM","5/28/2026 4:37 AM"
"Insurance not provided (if applicable)","Issue","850dc64e-db88-4ee1-a1eb-d88e59ed3ead",,"5/28/2026 4:37 AM","5/28/2026 4:37 AM"
"Warranty card not received (if applicable)","Issue","850dc64e-db88-4ee1-a1eb-d88e59ed3ead",,"5/28/2026 4:37 AM","5/28/2026 4:37 AM"
"Materials not in use","Issue","850dc64e-db88-4ee1-a1eb-d88e59ed3ead",,"5/28/2026 4:37 AM","5/28/2026 4:37 AM"
"Working/business days not increased","Issue","850dc64e-db88-4ee1-a1eb-d88e59ed3ead",,"5/28/2026 4:37 AM","5/28/2026 4:37 AM"
"Income not increased","Issue","850dc64e-db88-4ee1-a1eb-d88e59ed3ead",,"5/28/2026 4:37 AM","5/28/2026 4:37 AM"
"Family not engaged in livelihood","Issue","850dc64e-db88-4ee1-a1eb-d88e59ed3ead",,"5/28/2026 4:37 AM","5/28/2026 4:37 AM"
"No record keeping practiced","Issue","850dc64e-db88-4ee1-a1eb-d88e59ed3ead",,"5/28/2026 4:38 AM","5/28/2026 4:38 AM"
"No savings generated","Issue","850dc64e-db88-4ee1-a1eb-d88e59ed3ead",,"5/28/2026 4:38 AM","5/28/2026 4:38 AM"
"Insurance not renewed (if applicable)","Issue","850dc64e-db88-4ee1-a1eb-d88e59ed3ead",,"5/28/2026 4:38 AM","5/28/2026 4:38 AM"
"No loans/financial linkages made","Issue","850dc64e-db88-4ee1-a1eb-d88e59ed3ead",,"5/28/2026 4:38 AM","5/28/2026 4:38 AM"
"Livelihood not yet sustainable","Issue","850dc64e-db88-4ee1-a1eb-d88e59ed3ead",,"5/28/2026 4:38 AM","5/28/2026 4:38 AM"
"Low motivation/commitment to continue","Issue","850dc64e-db88-4ee1-a1eb-d88e59ed3ead",,"5/28/2026 4:38 AM","5/28/2026 4:38 AM"
"Family wellbeing not improved","Issue","850dc64e-db88-4ee1-a1eb-d88e59ed3ead",,"5/28/2026 4:38 AM","5/28/2026 4:38 AM"
"No community/market linkages","Issue","850dc64e-db88-4ee1-a1eb-d88e59ed3ead",,"5/28/2026 4:38 AM","5/28/2026 4:38 AM"
"No approved livelihood plan","Issue","9eda9b1b-1b71-4213-9161-ddbf504afd58",,"5/28/2026 4:38 AM","5/28/2026 4:38 AM"
"Beneficiary contribution not provided","Issue","9eda9b1b-1b71-4213-9161-ddbf504afd58",,"5/28/2026 4:38 AM","5/28/2026 4:38 AM"
"Materials not delivered as agreed","Issue","9eda9b1b-1b71-4213-9161-ddbf504afd58",,"5/28/2026 4:38 AM","5/28/2026 4:38 AM"
"Materials not in good/working condition","Issue","9eda9b1b-1b71-4213-9161-ddbf504afd58",,"5/28/2026 4:38 AM","5/28/2026 4:38 AM"
"Materials not suitable for livelihood","Issue","9eda9b1b-1b71-4213-9161-ddbf504afd58",,"5/28/2026 4:38 AM","5/28/2026 4:38 AM"
"Insurance not provided (if applicable)","Issue","9eda9b1b-1b71-4213-9161-ddbf504afd58",,"5/28/2026 4:38 AM","5/28/2026 4:38 AM"
"Warranty card not received (if applicable)","Issue","9eda9b1b-1b71-4213-9161-ddbf504afd58",,"5/28/2026 4:38 AM","5/28/2026 4:38 AM"
"Materials not in use","Issue","9eda9b1b-1b71-4213-9161-ddbf504afd58",,"5/28/2026 4:38 AM","5/28/2026 4:38 AM"
"Working/business days not increased","Issue","9eda9b1b-1b71-4213-9161-ddbf504afd58",,"5/28/2026 4:38 AM","5/28/2026 4:38 AM"
"Production/output not improved","Issue","9eda9b1b-1b71-4213-9161-ddbf504afd58",,"5/28/2026 4:38 AM","5/28/2026 4:38 AM"
"Income not increased","Issue","9eda9b1b-1b71-4213-9161-ddbf504afd58",,"5/28/2026 4:38 AM","5/28/2026 4:38 AM"
"Family not engaged in livelihood","Issue","9eda9b1b-1b71-4213-9161-ddbf504afd58",,"5/28/2026 4:38 AM","5/28/2026 4:38 AM"
"No record keeping practiced","Issue","9eda9b1b-1b71-4213-9161-ddbf504afd58",,"5/28/2026 4:38 AM","5/28/2026 4:38 AM"
"No savings generated","Issue","9eda9b1b-1b71-4213-9161-ddbf504afd58",,"5/28/2026 4:38 AM","5/28/2026 4:38 AM"
"Insurance not renewed (if applicable)","Issue","9eda9b1b-1b71-4213-9161-ddbf504afd58",,"5/28/2026 4:38 AM","5/28/2026 4:38 AM"
"No loans/financial linkages made","Issue","9eda9b1b-1b71-4213-9161-ddbf504afd58",,"5/28/2026 4:38 AM","5/28/2026 4:38 AM"
"Low motivation/commitment to continue","Issue","9eda9b1b-1b71-4213-9161-ddbf504afd58",,"5/28/2026 4:38 AM","5/28/2026 4:38 AM"
"Family wellbeing not improved","Issue","9eda9b1b-1b71-4213-9161-ddbf504afd58",,"5/28/2026 4:38 AM","5/28/2026 4:38 AM"
"No community/market linkages","Issue","9eda9b1b-1b71-4213-9161-ddbf504afd58",,"5/28/2026 4:38 AM","5/28/2026 4:38 AM"
"Beneficiary contribution not provided","Issue","69e0626d-8176-419d-b33e-04f52854fee8",,"5/28/2026 4:38 AM","5/28/2026 4:38 AM"
"Materials not delivered as agreed","Issue","69e0626d-8176-419d-b33e-04f52854fee8",,"5/28/2026 4:38 AM","5/28/2026 4:38 AM"
"Materials not in good/working condition","Issue","69e0626d-8176-419d-b33e-04f52854fee8",,"5/28/2026 4:38 AM","5/28/2026 4:38 AM"
"Materials not suitable for livelihood","Issue","69e0626d-8176-419d-b33e-04f52854fee8",,"5/28/2026 4:38 AM","5/28/2026 4:38 AM"
"Insurance not provided (if applicable)","Issue","69e0626d-8176-419d-b33e-04f52854fee8",,"5/28/2026 4:38 AM","5/28/2026 4:38 AM"
"Warranty card not received (if applicable)","Issue","69e0626d-8176-419d-b33e-04f52854fee8",,"5/28/2026 4:38 AM","5/28/2026 4:38 AM"
"Materials not in use","Issue","69e0626d-8176-419d-b33e-04f52854fee8",,"5/28/2026 4:38 AM","5/28/2026 4:38 AM"
"Working/business days not increased","Issue","69e0626d-8176-419d-b33e-04f52854fee8",,"5/28/2026 4:38 AM","5/28/2026 4:38 AM"
"Production/output not improved","Issue","69e0626d-8176-419d-b33e-04f52854fee8",,"5/28/2026 4:38 AM","5/28/2026 4:38 AM"
"Income not increased","Issue","69e0626d-8176-419d-b33e-04f52854fee8",,"5/28/2026 4:38 AM","5/28/2026 4:38 AM"
"Family not engaged in livelihood","Issue","69e0626d-8176-419d-b33e-04f52854fee8",,"5/28/2026 4:38 AM","5/28/2026 4:38 AM"
"No record keeping practiced","Issue","69e0626d-8176-419d-b33e-04f52854fee8",,"5/28/2026 4:38 AM","5/28/2026 4:38 AM"
"No savings generated","Issue","69e0626d-8176-419d-b33e-04f52854fee8",,"5/28/2026 4:38 AM","5/28/2026 4:38 AM"
"Insurance not renewed (if applicable)","Issue","69e0626d-8176-419d-b33e-04f52854fee8",,"5/28/2026 4:38 AM","5/28/2026 4:38 AM"
"No loans/financial linkages made","Issue","69e0626d-8176-419d-b33e-04f52854fee8",,"5/28/2026 4:38 AM","5/28/2026 4:38 AM"
"Livelihood not yet sustainable","Issue","69e0626d-8176-419d-b33e-04f52854fee8",,"5/28/2026 4:38 AM","5/28/2026 4:38 AM"
"Low motivation/commitment to continue","Issue","69e0626d-8176-419d-b33e-04f52854fee8",,"5/28/2026 4:38 AM","5/28/2026 4:38 AM"
"Family wellbeing not improved","Issue","69e0626d-8176-419d-b33e-04f52854fee8",,"5/28/2026 4:38 AM","5/28/2026 4:38 AM"
"No community/market linkages","Issue","69e0626d-8176-419d-b33e-04f52854fee8",,"5/28/2026 4:38 AM","5/28/2026 4:38 AM"
"No record keeping practiced","Issue","a880c5dd-d3ff-4b94-a9c3-30563bb02057",,"5/28/2026 4:38 AM","5/28/2026 4:38 AM"
"No record keeping practiced","Issue","c01729b4-eb85-4568-806a-0c864b81ee35",,"5/28/2026 4:38 AM","5/28/2026 4:38 AM"
"Materials not in use","Issue","b4331d65-46ad-4804-a714-05bf97d262cc",,"5/28/2026 4:38 AM","5/28/2026 4:38 AM"
"No record keeping practiced","Issue","b4331d65-46ad-4804-a714-05bf97d262cc",,"5/28/2026 4:38 AM","5/28/2026 4:38 AM"
"Challenges or risks observed","Issue","b4331d65-46ad-4804-a714-05bf97d262cc",,"5/28/2026 4:38 AM","5/28/2026 4:38 AM"
"Insurance not provided (if applicable)","Issue","5a24e57f-e86e-4fb3-9259-77bda0cae490",,"5/28/2026 4:38 AM","5/28/2026 4:38 AM"
"No record keeping practiced","Issue","5a24e57f-e86e-4fb3-9259-77bda0cae490",,"5/28/2026 4:38 AM","5/28/2026 4:38 AM"
"Insurance not renewed (if applicable)","Issue","5a24e57f-e86e-4fb3-9259-77bda0cae490",,"5/28/2026 4:38 AM","5/28/2026 4:38 AM"
"No loans/financial linkages made","Issue","5a24e57f-e86e-4fb3-9259-77bda0cae490",,"5/28/2026 4:38 AM","5/28/2026 4:38 AM"
"Materials not in good/working condition","Closed","c6534922-a492-409e-afc5-88c46e0186f6","Cattle shed floor has renovated and now it is in good condition","8/24/2026 11:17 AM","5/28/2026 4:38 AM"
"Working/business days not increased","Closed","c6534922-a492-409e-afc5-88c46e0186f6","Now beneficiary is actively engaged in cattle rearing ","8/24/2026 11:18 AM","5/28/2026 4:38 AM"
"Income not increased","Issue","c6534922-a492-409e-afc5-88c46e0186f6",,"5/28/2026 4:38 AM","5/28/2026 4:38 AM"
"No record keeping practiced","Issue","c6534922-a492-409e-afc5-88c46e0186f6",,"5/28/2026 4:38 AM","5/28/2026 4:38 AM"
"No savings generated","Issue","c6534922-a492-409e-afc5-88c46e0186f6",,"5/28/2026 4:38 AM","5/28/2026 4:38 AM"
"Challenges or risks observed","Closed","c6534922-a492-409e-afc5-88c46e0186f6","Beneficiaries cattle shed is now in good condition after renovation and there is no any issue or risks","8/24/2026 11:19 AM","5/28/2026 4:38 AM"
"Working/business days not increased","Issue","ef137fd3-8bf2-4ad2-b78a-24948dbaa1ad",,"5/28/2026 4:38 AM","5/28/2026 4:38 AM"
"Income not increased","Issue","ef137fd3-8bf2-4ad2-b78a-24948dbaa1ad",,"5/28/2026 4:38 AM","5/28/2026 4:38 AM"
"No record keeping practiced","Issue","ef137fd3-8bf2-4ad2-b78a-24948dbaa1ad",,"5/28/2026 4:38 AM","5/28/2026 4:38 AM"
"No savings generated","Issue","ef137fd3-8bf2-4ad2-b78a-24948dbaa1ad",,"5/28/2026 4:38 AM","5/28/2026 4:38 AM"
"Challenges or risks observed","Issue","ef137fd3-8bf2-4ad2-b78a-24948dbaa1ad",,"5/28/2026 4:38 AM","5/28/2026 4:38 AM"
"Income not increased","Issue","e13b6ebd-bb77-4810-bf15-7c31c3f7081c",,"5/28/2026 4:38 AM","5/28/2026 4:38 AM"
"No record keeping practiced","Issue","e13b6ebd-bb77-4810-bf15-7c31c3f7081c",,"5/28/2026 4:38 AM","5/28/2026 4:38 AM"
"Income not increased","Issue","ccd6442b-e8fe-4f43-b0b9-2fc2fcfa0462",,"5/28/2026 4:38 AM","5/28/2026 4:38 AM"
"No record keeping practiced","Issue","ccd6442b-e8fe-4f43-b0b9-2fc2fcfa0462",,"5/28/2026 4:38 AM","5/28/2026 4:38 AM"
"No savings generated","Issue","ccd6442b-e8fe-4f43-b0b9-2fc2fcfa0462",,"5/28/2026 4:38 AM","5/28/2026 4:38 AM"
"No record keeping practiced","Issue","8595cecc-b67c-45c0-8371-d5d41da9c95e",,"5/28/2026 4:38 AM","5/28/2026 4:38 AM"
"Materials not in good/working condition","Closed","f16e1f0f-974d-4adb-8270-a65e96397561","Cattle shed re renovated and now there is no any issues ","8/24/2026 11:20 AM","5/28/2026 4:38 AM"
"Working/business days not increased","Issue","f16e1f0f-974d-4adb-8270-a65e96397561",,"5/28/2026 4:38 AM","5/28/2026 4:38 AM"
"Income not increased","Issue","f16e1f0f-974d-4adb-8270-a65e96397561",,"5/28/2026 4:38 AM","5/28/2026 4:38 AM"
"No record keeping practiced","Issue","f16e1f0f-974d-4adb-8270-a65e96397561",,"5/28/2026 4:38 AM","5/28/2026 4:38 AM"
"Insurance not renewed (if applicable)","Issue","f16e1f0f-974d-4adb-8270-a65e96397561",,"5/28/2026 4:38 AM","5/28/2026 4:38 AM"
"Challenges or risks observed","Issue","f16e1f0f-974d-4adb-8270-a65e96397561",,"5/28/2026 4:38 AM","5/28/2026 4:38 AM"
"Income not increased","Closed","9d3698e4-08c6-453b-b0f1-7cc150f03b9d","Now the beneficiary is milking from the cattle and income has increased ","8/24/2026 11:20 AM","5/28/2026 4:38 AM"
"Working/business days not increased","Issue","e1d096b5-861f-4372-b63b-8182e2d70173",,"5/28/2026 4:38 AM","5/28/2026 4:38 AM"
"No record keeping practiced","Issue","e1d096b5-861f-4372-b63b-8182e2d70173",,"5/28/2026 4:38 AM","5/28/2026 4:38 AM"
"No savings generated","Issue","e1d096b5-861f-4372-b63b-8182e2d70173",,"5/28/2026 4:38 AM","5/28/2026 4:38 AM"
"Insurance not renewed (if applicable)","Issue","e1d096b5-861f-4372-b63b-8182e2d70173",,"5/28/2026 4:38 AM","5/28/2026 4:38 AM"
"Insurance not renewed (if applicable)","Issue","db872d4c-94fa-47fe-9494-6f04e71602aa",,"5/28/2026 4:38 AM","5/28/2026 4:38 AM"
"Materials not in use","Closed","01a26dab-416f-4dff-95f0-a8a444bbae2d","Beneficiary has installed his electric fence ","8/24/2026 11:21 AM","5/28/2026 4:38 AM"
"No record keeping practiced","Issue","01a26dab-416f-4dff-95f0-a8a444bbae2d",,"5/28/2026 4:38 AM","5/28/2026 4:38 AM"
"No savings generated","Closed","01a26dab-416f-4dff-95f0-a8a444bbae2d","Beneficiary has started to save from his income ","8/24/2026 11:22 AM","5/28/2026 4:38 AM"
"Income not increased","Issue","3bad20ce-0657-4c80-81e0-f310e030d569",,"5/28/2026 4:38 AM","5/28/2026 4:38 AM"
"No record keeping practiced","Issue","3bad20ce-0657-4c80-81e0-f310e030d569",,"5/28/2026 4:38 AM","5/28/2026 4:38 AM"
"No record keeping practiced","Issue","6f86fe59-c210-4ce5-80ce-4a90c057b3bd",,"5/28/2026 4:38 AM","5/28/2026 4:38 AM"
"No loans/financial linkages made","Closed","6f86fe59-c210-4ce5-80ce-4a90c057b3bd","Beneficiary has opportunities to get loans now","8/24/2026 11:22 AM","5/28/2026 4:38 AM"
"No record keeping practiced","Issue","79ad9e95-ec99-44a4-82a3-3ebf0c9ef443",,"5/28/2026 4:38 AM","5/28/2026 4:38 AM"
"Materials not in use","Closed","b0be7bf9-e385-4e36-ac0f-41bc7d7cdc8b","Now manoj is using provided toos for his livelihood ","8/24/2026 11:23 AM","5/28/2026 4:38 AM"
"Working/business days not increased","Closed","b0be7bf9-e385-4e36-ac0f-41bc7d7cdc8b","Now the beneficiary is actively engagein in his livelihood ","8/24/2026 11:23 AM","5/28/2026 4:38 AM"
"Income not increased","Closed","b0be7bf9-e385-4e36-ac0f-41bc7d7cdc8b","Income is increased as the beneficiary is now actively involves in his livelihood ","8/24/2026 11:24 AM","5/28/2026 4:38 AM"
"Materials not in use","Issue","8b3c2321-3e7e-4039-9eb0-2a2556c9dd1e",,"5/28/2026 4:38 AM","5/28/2026 4:38 AM"
"Working/business days not increased","Issue","8b3c2321-3e7e-4039-9eb0-2a2556c9dd1e",,"5/28/2026 4:38 AM","5/28/2026 4:38 AM"
"Income not increased","Issue","8b3c2321-3e7e-4039-9eb0-2a2556c9dd1e",,"5/28/2026 4:38 AM","5/28/2026 4:38 AM"
"Materials not in use","Issue","ae53f787-4228-4d16-b33a-dde7e0c0bcbf",,"5/28/2026 4:38 AM","5/28/2026 4:38 AM"
"Working/business days not increased","Issue","ae53f787-4228-4d16-b33a-dde7e0c0bcbf",,"5/28/2026 4:38 AM","5/28/2026 4:38 AM"
"Production/output not improved","Issue","ae53f787-4228-4d16-b33a-dde7e0c0bcbf",,"5/28/2026 4:38 AM","5/28/2026 4:38 AM"
"Income not increased","Issue","ae53f787-4228-4d16-b33a-dde7e0c0bcbf",,"5/28/2026 4:38 AM","5/28/2026 4:38 AM"
"Working/business days not increased","Issue","ba654613-f2d8-4ba7-8fda-371adb8a067c",,"5/28/2026 4:38 AM","5/28/2026 4:38 AM"
"Income not increased","Issue","ba654613-f2d8-4ba7-8fda-371adb8a067c",,"5/28/2026 4:38 AM","5/28/2026 4:38 AM"
"Insufficient knowledge to operate materials","Issue","479efe88-f3cd-453a-8e78-59900e685647",,"5/28/2026 4:38 AM","5/28/2026 4:38 AM"
"No record keeping practiced","Issue","479efe88-f3cd-453a-8e78-59900e685647",,"5/28/2026 4:38 AM","5/28/2026 4:38 AM"
"Insurance not provided (if applicable)","Issue","91f62908-1ed3-465a-b1c7-0cbab18e9b23",,"5/28/2026 4:38 AM","5/28/2026 4:38 AM"
"Materials not in use","Issue","91f62908-1ed3-465a-b1c7-0cbab18e9b23",,"5/28/2026 4:38 AM","5/28/2026 4:38 AM"
"Income not increased","Issue","91f62908-1ed3-465a-b1c7-0cbab18e9b23",,"5/28/2026 4:38 AM","5/28/2026 4:38 AM"
"No record keeping practiced","Issue","91f62908-1ed3-465a-b1c7-0cbab18e9b23",,"5/28/2026 4:38 AM","5/28/2026 4:38 AM"
"No savings generated","Issue","91f62908-1ed3-465a-b1c7-0cbab18e9b23",,"5/28/2026 4:38 AM","5/28/2026 4:38 AM"
"Insurance not renewed (if applicable)","Issue","91f62908-1ed3-465a-b1c7-0cbab18e9b23",,"5/28/2026 4:38 AM","5/28/2026 4:38 AM"
"No loans/financial linkages made","Issue","91f62908-1ed3-465a-b1c7-0cbab18e9b23",,"5/28/2026 4:38 AM","5/28/2026 4:38 AM"
"Working/business days not increased","Issue","71cf6c58-c5a0-4f24-9bbe-6102d7167dde",,"5/28/2026 4:38 AM","5/28/2026 4:38 AM"
"Production/output not improved","Issue","71cf6c58-c5a0-4f24-9bbe-6102d7167dde",,"5/28/2026 4:38 AM","5/28/2026 4:38 AM"
"Income not increased","Issue","71cf6c58-c5a0-4f24-9bbe-6102d7167dde",,"5/28/2026 4:38 AM","5/28/2026 4:38 AM"
"Family not engaged in livelihood","Issue","71cf6c58-c5a0-4f24-9bbe-6102d7167dde",,"5/28/2026 4:38 AM","5/28/2026 4:38 AM"
"No record keeping practiced","Issue","71cf6c58-c5a0-4f24-9bbe-6102d7167dde",,"5/28/2026 4:38 AM","5/28/2026 4:38 AM"
"No savings generated","Issue","71cf6c58-c5a0-4f24-9bbe-6102d7167dde",,"5/28/2026 4:38 AM","5/28/2026 4:38 AM"
"Insurance not renewed (if applicable)","Issue","71cf6c58-c5a0-4f24-9bbe-6102d7167dde",,"5/28/2026 4:38 AM","5/28/2026 4:38 AM"
"No loans/financial linkages made","Issue","71cf6c58-c5a0-4f24-9bbe-6102d7167dde",,"5/28/2026 4:38 AM","5/28/2026 4:38 AM"
"Livelihood not yet sustainable","Issue","71cf6c58-c5a0-4f24-9bbe-6102d7167dde",,"5/28/2026 4:38 AM","5/28/2026 4:38 AM"
"Family wellbeing not improved","Issue","71cf6c58-c5a0-4f24-9bbe-6102d7167dde",,"5/28/2026 4:38 AM","5/28/2026 4:38 AM"
"Challenges or risks observed","Issue","71cf6c58-c5a0-4f24-9bbe-6102d7167dde",,"5/28/2026 4:38 AM","5/28/2026 4:38 AM"
"No loans/financial linkages made","Issue","9f03c9f8-7ee2-4f24-9798-7dd79ad81130",,"5/28/2026 4:38 AM","5/28/2026 4:38 AM"
"No record keeping practiced","Issue","fcc0cf43-ab9c-4b73-97de-e6c07a346a3c",,"5/28/2026 4:38 AM","5/28/2026 4:38 AM"
"Challenges or risks observed","Issue","fcc0cf43-ab9c-4b73-97de-e6c07a346a3c",,"5/28/2026 4:38 AM","5/28/2026 4:38 AM"
"No record keeping practiced","Issue","a2e50ab9-8ace-489b-8c08-6632f406d53b",,"5/28/2026 4:38 AM","5/28/2026 4:38 AM"
"No savings generated","Issue","a2e50ab9-8ace-489b-8c08-6632f406d53b",,"5/28/2026 4:38 AM","5/28/2026 4:38 AM"
"Materials not delivered as agreed","Issue","26795bb3-5422-4e5a-a420-b5c10af679a0",,"5/28/2026 4:38 AM","5/28/2026 4:38 AM"
"No record keeping practiced","Issue","26795bb3-5422-4e5a-a420-b5c10af679a0",,"5/28/2026 4:38 AM","5/28/2026 4:38 AM"
"No record keeping practiced","Issue","e5912cd5-77b9-477c-aade-9b166606f0e6",,"5/28/2026 4:38 AM","5/28/2026 4:38 AM"
"No record keeping practiced","Issue","54817203-efd2-4be7-98f9-33edc585517e",,"5/28/2026 4:38 AM","5/28/2026 4:38 AM"
"No record keeping practiced","Issue","f378aaae-713f-4183-a98d-2964869fef95",,"5/28/2026 4:38 AM","5/28/2026 4:38 AM"
"No record keeping practiced","Issue","5d06f818-eb5f-4079-b4ff-d57bdaa75a9e",,"5/28/2026 4:38 AM","5/28/2026 4:38 AM"
"No record keeping practiced","Issue","515cc372-b084-470d-8e14-98f95f346c98",,"5/28/2026 4:38 AM","5/28/2026 4:38 AM"
"No record keeping practiced","Issue","91faba06-49fd-4b87-a185-6b0857e3d2b3",,"5/28/2026 4:38 AM","5/28/2026 4:38 AM"
"No savings generated","Issue","91faba06-49fd-4b87-a185-6b0857e3d2b3",,"5/28/2026 4:38 AM","5/28/2026 4:38 AM"
"No record keeping practiced","Issue","6bb07a42-477f-4727-a8cf-6f21ee750ef4",,"5/28/2026 4:38 AM","5/28/2026 4:38 AM"
"No record keeping practiced","Issue","8881fbd5-084e-4a85-b096-ef72514de107",,"5/28/2026 4:38 AM","5/28/2026 4:38 AM"
"No savings generated","Issue","8881fbd5-084e-4a85-b096-ef72514de107",,"5/28/2026 4:38 AM","5/28/2026 4:38 AM"
"Materials not in use","Issue","215dc842-8651-4220-beb7-f6d93c4da3b3",,"5/28/2026 4:38 AM","5/28/2026 4:38 AM"
"Challenges or risks observed","Issue","215dc842-8651-4220-beb7-f6d93c4da3b3",,"5/28/2026 4:38 AM","5/28/2026 4:38 AM"
"No record keeping practiced","Issue","2b978370-404e-4b4f-aa23-bac832b8ffaf",,"5/28/2026 4:38 AM","5/28/2026 4:38 AM"
"No record keeping practiced","Closed","37368a78-f40e-4c49-9a94-bef91d3ce272","Now beneficiary is keeping regular records ","8/24/2026 11:15 AM","5/28/2026 4:38 AM"
"No savings generated","Closed","37368a78-f40e-4c49-9a94-bef91d3ce272","Beneficiary has started to save money from his cultivation income ","8/24/2026 11:15 AM","5/28/2026 4:38 AM"
"Materials not in use","Issue","9998ca15-6c90-46c0-9780-437b5cedd012",,"5/28/2026 4:38 AM","5/28/2026 4:38 AM"
"No savings generated","Issue","9998ca15-6c90-46c0-9780-437b5cedd012",,"5/28/2026 4:38 AM","5/28/2026 4:38 AM"
"No record keeping practiced","Issue","dad503f3-8663-4454-86b7-5630cf7c8d5e",,"5/28/2026 4:38 AM","5/28/2026 4:38 AM"
"Materials not in use","Issue","98ce15f5-c848-4c7d-a891-046291697ab8",,"5/28/2026 4:38 AM","5/28/2026 4:38 AM"
"Challenges or risks observed","Issue","98ce15f5-c848-4c7d-a891-046291697ab8",,"5/28/2026 4:38 AM","5/28/2026 4:38 AM"
"No record keeping practiced","Issue","d45d561b-34cd-473f-a3bb-d3e7a2d90196",,"5/28/2026 4:38 AM","5/28/2026 4:38 AM"
"Materials not in use","Issue","a4cb37ab-928f-447c-b574-16d7fd79086f",,"5/28/2026 4:38 AM","5/28/2026 4:38 AM"
"Challenges or risks observed","Issue","1ebc21f4-a95a-4ed3-a844-87d2009fda1a",,"5/28/2026 4:38 AM","5/28/2026 4:38 AM"
"No record keeping practiced","Issue","964377bf-f37e-475e-a94b-7994457cdb5b",,"5/28/2026 4:38 AM","5/28/2026 4:38 AM"
"No record keeping practiced","Issue","eecc4f3a-885c-4580-be29-1fe4be1e5a8a",,"5/28/2026 4:38 AM","5/28/2026 4:38 AM"
"No record keeping practiced","Issue","e1ad7a92-b24a-4477-80a6-8645f898bc67",,"5/28/2026 4:38 AM","5/28/2026 4:38 AM"
"No record keeping practiced","Issue","b5ebdeb4-04c4-4ad4-9d2c-517fdf9b433f",,"5/28/2026 4:38 AM","5/28/2026 4:38 AM"
"No savings generated","Issue","b5ebdeb4-04c4-4ad4-9d2c-517fdf9b433f",,"5/28/2026 4:38 AM","5/28/2026 4:38 AM"
"No record keeping practiced","Issue","43fa6e8d-92f3-45d7-a19b-d320afaed09a",,"5/28/2026 4:38 AM","5/28/2026 4:38 AM"
"Low motivation/commitment to continue","Issue","43fa6e8d-92f3-45d7-a19b-d320afaed09a",,"5/28/2026 4:38 AM","5/28/2026 4:38 AM"
"Challenges or risks observed","Issue","43fa6e8d-92f3-45d7-a19b-d320afaed09a",,"5/28/2026 4:38 AM","5/28/2026 4:38 AM"
"No record keeping practiced","Issue","910d9326-92d6-41fb-b2b4-c6e18167ee5a",,"5/28/2026 4:38 AM","5/28/2026 4:38 AM"
"No record keeping practiced","Issue","08af6069-639f-4f3a-ba35-5f78997d5993",,"5/28/2026 4:38 AM","5/28/2026 4:38 AM"
"Materials not in use","Closed","0ec306c6-803f-402d-8b2c-1426941ed6ef","The beneficiary has successfully established the provided tea plantations. No further issues are anticipated at this time.","8/24/2026 11:04 AM","5/28/2026 4:38 AM"
"Working/business days not increased","Closed","0ec306c6-803f-402d-8b2c-1426941ed6ef","The beneficiary has successfully established the provided tea plantations. No further issues are anticipated at this time and beneficiary is now working in his tea land.","8/24/2026 11:04 AM","5/28/2026 4:38 AM"
"Challenges or risks observed","Closed","0ec306c6-803f-402d-8b2c-1426941ed6ef","The beneficiary has successfully established the provided tea plantations. No further issues are anticipated at this time.","8/24/2026 11:04 AM","5/28/2026 4:38 AM"
"No record keeping practiced","Issue","7cfc7752-8a25-4ae3-82e8-949d6b4f9132",,"5/28/2026 4:39 AM","5/28/2026 4:39 AM"
"No record keeping practiced","Issue","dd3435ff-d669-46ba-ac4c-08b3da46849f",,"5/28/2026 4:39 AM","5/28/2026 4:39 AM"
"No record keeping practiced","Issue","e5d90598-abd1-4d9b-ab87-c9b5787c1935",,"5/28/2026 4:39 AM","5/28/2026 4:39 AM"
"No record keeping practiced","Issue","c2785945-6a70-4599-810f-7ad78b718b75",,"5/28/2026 4:39 AM","5/28/2026 4:39 AM"
"Current monthly profit is less than LKR 10000","Issue","a60c55fc-a826-4991-bdc8-d599865fc589",,"8/14/2026 4:13 AM","5/28/2026 4:39 AM"
"No record keeping practiced","Issue","fd037bff-20e8-429c-b0e7-34d436fbfc71",,"5/28/2026 4:39 AM","5/28/2026 4:39 AM"
"Current monthly profit is less than LKR 10000","Issue","fa4f9a74-7890-407c-8488-a1bfda62fbed",,"8/14/2026 4:13 AM","5/28/2026 4:39 AM"
"No record keeping practiced","Issue","52a2715e-98ee-4308-80e6-d27582e93422",,"5/28/2026 4:39 AM","5/28/2026 4:39 AM"
"No record keeping practiced","Issue","bd31c88e-f010-4e5c-b125-924258f99d80",,"5/28/2026 4:39 AM","5/28/2026 4:39 AM"
"Current monthly profit is less than LKR 10000","Issue","b2b0076d-d521-44d8-bb43-d621edc7c37d",,"8/14/2026 4:13 AM","5/28/2026 4:39 AM"
"No record keeping practiced","Issue","ac4926f8-3103-4e49-bb65-760b297efe62",,"5/28/2026 4:39 AM","5/28/2026 4:39 AM"
"Current monthly profit is less than LKR 10000","Issue","ac4926f8-3103-4e49-bb65-760b297efe62",,"8/14/2026 4:14 AM","5/28/2026 4:39 AM"
"Materials not delivered as agreed","Issue","bb2204fe-e051-4bbd-aa0c-0f70c8a66ee5",,"5/28/2026 4:39 AM","5/28/2026 4:39 AM"
"No record keeping practiced","Issue","ea3c3e9a-062c-4be6-a49e-6231b8e007de",,"5/28/2026 4:39 AM","5/28/2026 4:39 AM"
"Materials not delivered as agreed","Issue","13080fa0-5409-4ded-a3f2-260b8fdd67a8",,"5/28/2026 4:39 AM","5/28/2026 4:39 AM"
"Materials not in use","Issue","13080fa0-5409-4ded-a3f2-260b8fdd67a8",,"5/28/2026 4:39 AM","5/28/2026 4:39 AM"
"Production/output not improved","Issue","13080fa0-5409-4ded-a3f2-260b8fdd67a8",,"5/28/2026 4:39 AM","5/28/2026 4:39 AM"
"Family not engaged in livelihood","Issue","13080fa0-5409-4ded-a3f2-260b8fdd67a8",,"5/28/2026 4:39 AM","5/28/2026 4:39 AM"
"No record keeping practiced","Issue","13080fa0-5409-4ded-a3f2-260b8fdd67a8",,"5/28/2026 4:39 AM","5/28/2026 4:39 AM"
"Livelihood not yet sustainable","Issue","13080fa0-5409-4ded-a3f2-260b8fdd67a8",,"5/28/2026 4:39 AM","5/28/2026 4:39 AM"
"Low motivation/commitment to continue","Issue","13080fa0-5409-4ded-a3f2-260b8fdd67a8",,"5/28/2026 4:39 AM","5/28/2026 4:39 AM"
"Family wellbeing not improved","Issue","13080fa0-5409-4ded-a3f2-260b8fdd67a8",,"5/28/2026 4:39 AM","5/28/2026 4:39 AM"
"Challenges or risks observed","Issue","13080fa0-5409-4ded-a3f2-260b8fdd67a8",,"5/28/2026 4:39 AM","5/28/2026 4:39 AM"
"Current monthly profit is less than LKR 10000","Issue","1e1ddbbd-1944-4748-8b0a-cc707cc6c603",,"8/14/2026 4:14 AM","5/28/2026 4:39 AM"
"Materials not delivered as agreed","Issue","8c90b214-bb9f-4e1c-842f-4468a94a666e",,"5/28/2026 4:39 AM","5/28/2026 4:39 AM"
"Current monthly profit is less than LKR 10000","Issue","8c90b214-bb9f-4e1c-842f-4468a94a666e",,"8/14/2026 4:14 AM","5/28/2026 4:39 AM"
"Materials not in good/working condition","Issue","d30d942c-1976-4fc5-ae73-85694019c05a",,"5/28/2026 4:39 AM","5/28/2026 4:39 AM"
"Materials not in use","Issue","d30d942c-1976-4fc5-ae73-85694019c05a",,"5/28/2026 4:39 AM","5/28/2026 4:39 AM"
"Income not increased","Issue","d30d942c-1976-4fc5-ae73-85694019c05a",,"5/28/2026 4:39 AM","5/28/2026 4:39 AM"
"No savings generated","Issue","d30d942c-1976-4fc5-ae73-85694019c05a",,"5/28/2026 4:39 AM","5/28/2026 4:39 AM"
"Challenges or risks observed","Issue","d30d942c-1976-4fc5-ae73-85694019c05a",,"5/28/2026 4:39 AM","5/28/2026 4:39 AM"
"Beneficiary contribution not provided","Issue","c7205563-b0c0-4a48-b6d9-2f475d701070",,"5/28/2026 4:39 AM","5/28/2026 4:39 AM"
"Current monthly profit is less than LKR 10000","Issue","c7205563-b0c0-4a48-b6d9-2f475d701070",,"8/14/2026 4:14 AM","5/28/2026 4:39 AM"
"Beneficiary contribution not provided","Issue","12af3592-d299-4b80-aab1-11e02f4d5664",,"5/28/2026 4:39 AM","5/28/2026 4:39 AM"
"Beneficiary contribution not provided","Issue","23f15a5f-6f0d-468b-bc46-38d3f26c8139",,"5/28/2026 4:39 AM","5/28/2026 4:39 AM"
"Challenges or risks observed","Issue","23f15a5f-6f0d-468b-bc46-38d3f26c8139",,"5/28/2026 4:39 AM","5/28/2026 4:39 AM"
"Beneficiary contribution not provided","Issue","8335385f-80dc-4992-8ebe-ca9ffe4e6623",,"5/28/2026 4:39 AM","5/28/2026 4:39 AM"
"Beneficiary contribution not provided","Issue","88c83a74-12c5-4a28-9fbb-01142d5f549a",,"5/28/2026 4:39 AM","5/28/2026 4:39 AM"
"Beneficiary contribution not provided","Issue","1adf74eb-a0fd-4838-864c-ff2633787eb2",,"5/28/2026 4:39 AM","5/28/2026 4:39 AM"
"Working/business days not increased","Issue","cb7afbd1-29f1-4835-8dd9-6274d089b671",,"5/28/2026 4:39 AM","5/28/2026 4:39 AM"
"Production/output not improved","Issue","cb7afbd1-29f1-4835-8dd9-6274d089b671",,"5/28/2026 4:39 AM","5/28/2026 4:39 AM"
"Family not engaged in livelihood","Issue","cb7afbd1-29f1-4835-8dd9-6274d089b671",,"5/28/2026 4:39 AM","5/28/2026 4:39 AM"
"Livelihood not yet sustainable","Issue","cb7afbd1-29f1-4835-8dd9-6274d089b671",,"5/28/2026 4:39 AM","5/28/2026 4:39 AM"
"Low motivation/commitment to continue","Issue","cb7afbd1-29f1-4835-8dd9-6274d089b671",,"5/28/2026 4:39 AM","5/28/2026 4:39 AM"
"No community/market linkages","Issue","cb7afbd1-29f1-4835-8dd9-6274d089b671",,"5/28/2026 4:39 AM","5/28/2026 4:39 AM"
"Challenges or risks observed","Issue","cb7afbd1-29f1-4835-8dd9-6274d089b671",,"5/28/2026 4:39 AM","5/28/2026 4:39 AM"
"Income not increased","Issue","cbf4680e-5f58-4101-aa46-ed25f0e91712",,"5/28/2026 4:39 AM","5/28/2026 4:39 AM"
"Livelihood not yet sustainable","Issue","cbf4680e-5f58-4101-aa46-ed25f0e91712",,"5/28/2026 4:39 AM","5/28/2026 4:39 AM"
"No record keeping practiced","Issue","41103fb2-ae8e-4e15-80ce-753c9144da86",,"5/28/2026 4:39 AM","5/28/2026 4:39 AM"
"No savings generated","Issue","41103fb2-ae8e-4e15-80ce-753c9144da86",,"5/28/2026 4:39 AM","5/28/2026 4:39 AM"
"No community/market linkages","Issue","41103fb2-ae8e-4e15-80ce-753c9144da86",,"5/28/2026 4:39 AM","5/28/2026 4:39 AM"
"Beneficiary contribution not provided","Issue","1d1fe360-3e6a-4b9f-9fea-5095082ecf48",,"5/28/2026 4:39 AM","5/28/2026 4:39 AM"
"No record keeping practiced","Issue","16cfee17-4b6e-4775-a707-d5bb361c6af0",,"5/28/2026 4:39 AM","5/28/2026 4:39 AM"
"Beneficiary contribution not provided","Issue","68b177b5-8f67-4642-8b26-f9c944088ea0",,"5/28/2026 4:39 AM","5/28/2026 4:39 AM"
"No loans/financial linkages made","Issue","68b177b5-8f67-4642-8b26-f9c944088ea0",,"5/28/2026 4:39 AM","5/28/2026 4:39 AM"
"Materials not in use","Closed","75e1f535-3a2d-4f90-9a8a-58ceb446088a","The beneficiary has successfully established the provided tea plantations. No further issues are anticipated at this time.","8/24/2026 11:05 AM","5/28/2026 4:39 AM"
"Challenges or risks observed","Closed","75e1f535-3a2d-4f90-9a8a-58ceb446088a","The beneficiary has successfully established the provided tea plantations. No further issues are anticipated at this time.","8/24/2026 11:05 AM","5/28/2026 4:39 AM"
"No record keeping practiced","Issue","bf9a4cd9-2c34-4e11-8433-422665720969",,"5/28/2026 4:39 AM","5/28/2026 4:39 AM"
"Beneficiary contribution not provided","Issue","103c854c-be4b-4d4f-a398-e04023083a0e",,"5/28/2026 4:39 AM","5/28/2026 4:39 AM"
"Insufficient knowledge to operate materials","Closed","c60a1bc3-ab60-4a79-a3b2-3ed13a192e03","We provided comprehensive tea cultivation training to the beneficiary to address existing knowledge gaps.","8/24/2026 11:06 AM","5/28/2026 4:39 AM"
"Beneficiary contribution not provided","Issue","d6484c73-6b6b-44c2-8448-a834c98b1212",,"5/28/2026 4:39 AM","5/28/2026 4:39 AM"
"No loans/financial linkages made","Issue","eb93646f-a893-4e8b-a4bc-fbed84cc5873",,"5/28/2026 4:39 AM","5/28/2026 4:39 AM"
"No community/market linkages","Issue","eb93646f-a893-4e8b-a4bc-fbed84cc5873",,"5/28/2026 4:39 AM","5/28/2026 4:39 AM"
"No record keeping practiced","Issue","1793f6d1-a714-4722-99ab-733a899d6d31",,"5/28/2026 4:39 AM","5/28/2026 4:39 AM"
"Beneficiary contribution not provided","Issue","fca44bf0-d268-4f4d-baab-050f283c76cc",,"5/28/2026 4:39 AM","5/28/2026 4:39 AM"
"No management committee","Issue","de81dc17-57b9-4581-b9d8-4a41c6731e34",,"5/28/2026 4:39 AM","5/28/2026 4:39 AM"
"No maintenance fund","Issue","de81dc17-57b9-4581-b9d8-4a41c6731e34",,"5/28/2026 4:39 AM","5/28/2026 4:39 AM"
"No records kept","Issue","de81dc17-57b9-4581-b9d8-4a41c6731e34",,"5/28/2026 4:39 AM","5/28/2026 4:39 AM"
"Standards not met","Issue","e468ab4c-cd11-444b-9e7b-3f54b822bf49",,"5/28/2026 4:39 AM","5/28/2026 4:39 AM"
"Inspection not done","Issue","e468ab4c-cd11-444b-9e7b-3f54b822bf49",,"5/28/2026 4:39 AM","5/28/2026 4:39 AM"
"No usage rules","Issue","e468ab4c-cd11-444b-9e7b-3f54b822bf49",,"5/28/2026 4:39 AM","5/28/2026 4:39 AM"
"No maintenance fund","Issue","e468ab4c-cd11-444b-9e7b-3f54b822bf49",,"5/28/2026 4:39 AM","5/28/2026 4:39 AM"
"No records kept","Issue","e468ab4c-cd11-444b-9e7b-3f54b822bf49",,"5/28/2026 4:39 AM","5/28/2026 4:39 AM"
"Challenges reported","Issue","e468ab4c-cd11-444b-9e7b-3f54b822bf49",,"5/28/2026 4:39 AM","5/28/2026 4:39 AM"
"Standards not met","Issue","9b0b3bb7-2850-4f13-8e0a-79dd5fd5c991",,"5/28/2026 4:39 AM","5/28/2026 4:39 AM"
"Repairs not done","Issue","83a33a98-67a1-406e-a06f-4b9309da8871",,"5/28/2026 4:39 AM","5/28/2026 4:39 AM"
"Standards not met","Issue","79fd2f84-05c2-4d19-ac55-6b114e1ba669",,"5/28/2026 4:39 AM","5/28/2026 4:39 AM"
"Agreement not signed","Issue","833be189-3c49-4bf1-8d16-a2477d4f66c4",,"5/28/2026 4:39 AM","5/28/2026 4:39 AM"
"Agreement not signed","Issue","224f2e5a-fc5c-4161-8baa-bee934594a4e",,"5/28/2026 4:39 AM","5/28/2026 4:39 AM"
"Standards not met","Issue","224f2e5a-fc5c-4161-8baa-bee934594a4e",,"5/28/2026 4:39 AM","5/28/2026 4:39 AM"
"No maintenance fund","Issue","ef9ffc65-fe56-46b8-b6ac-3f811fce2cf5",,"5/28/2026 4:39 AM","5/28/2026 4:39 AM"
"No records kept","Issue","ef9ffc65-fe56-46b8-b6ac-3f811fce2cf5",,"5/28/2026 4:39 AM","5/28/2026 4:39 AM"
"No maintenance fund","Issue","f073b2f4-fe5c-48a7-9b72-0551f80a2fbf",,"5/28/2026 4:39 AM","5/28/2026 4:39 AM"
"No records kept","Issue","f073b2f4-fe5c-48a7-9b72-0551f80a2fbf",,"5/28/2026 4:39 AM","5/28/2026 4:39 AM"
"No maintenance fund","Issue","b8a5892b-461d-49b1-bcc6-06bf4acf2452",,"5/28/2026 4:39 AM","5/28/2026 4:39 AM"
"No records kept","Issue","b8a5892b-461d-49b1-bcc6-06bf4acf2452",,"5/28/2026 4:39 AM","5/28/2026 4:39 AM"
"No maintenance fund","Issue","db129157-d766-4f4c-8b11-75ac6f213113",,"5/28/2026 4:39 AM","5/28/2026 4:39 AM"
"No records kept","Issue","db129157-d766-4f4c-8b11-75ac6f213113",,"5/28/2026 4:39 AM","5/28/2026 4:39 AM"
"No production increase","Issue","db129157-d766-4f4c-8b11-75ac6f213113",,"5/28/2026 4:39 AM","5/28/2026 4:39 AM"
"Agreement not signed","Issue","fe69111e-4bb4-49e2-861b-2f77b74c1818",,"5/28/2026 4:39 AM","5/28/2026 4:39 AM"
"No maintenance fund","Issue","fe69111e-4bb4-49e2-861b-2f77b74c1818",,"5/28/2026 4:39 AM","5/28/2026 4:39 AM"
"Agreement not signed","Issue","a9c078f9-c21e-4592-b593-74f4f358ed90",,"5/28/2026 4:39 AM","5/28/2026 4:39 AM"
"Agreement not signed","Issue","94a95ebf-5f91-4057-a7ac-786d4de55533",,"5/28/2026 4:39 AM","5/28/2026 4:39 AM"
"No maintenance fund","Issue","94a95ebf-5f91-4057-a7ac-786d4de55533",,"5/28/2026 4:39 AM","5/28/2026 4:39 AM"
"Repairs not done","Issue","94a95ebf-5f91-4057-a7ac-786d4de55533",,"5/28/2026 4:39 AM","5/28/2026 4:39 AM"
"Challenges reported","Issue","94a95ebf-5f91-4057-a7ac-786d4de55533",,"5/28/2026 4:39 AM","5/28/2026 4:39 AM"
"Agreement not signed","Issue","4f5637ae-fbc5-4f30-9b12-051f3ce3aea3",,"5/28/2026 4:39 AM","5/28/2026 4:39 AM"
"Construction off schedule","Issue","4f5637ae-fbc5-4f30-9b12-051f3ce3aea3",,"5/28/2026 4:39 AM","5/28/2026 4:39 AM"
"No management committee","Issue","131beff6-d1a4-4b3a-8a24-022bd302b6bc",,"5/28/2026 4:39 AM","5/28/2026 4:39 AM"
"No maintenance fund","Issue","131beff6-d1a4-4b3a-8a24-022bd302b6bc",,"5/28/2026 4:39 AM","5/28/2026 4:39 AM"
"No management committee","Issue","f12cf2a1-cd47-4aac-8157-d36950fb574b",,"5/28/2026 4:39 AM","5/28/2026 4:39 AM"
"No maintenance fund","Issue","f12cf2a1-cd47-4aac-8157-d36950fb574b",,"5/28/2026 4:39 AM","5/28/2026 4:39 AM"
"No maintenance fund","Issue","f44381a3-f54f-4cdf-b487-7cb11ff13a5a",,"5/28/2026 4:39 AM","5/28/2026 4:39 AM"
"Module not prepared/aligned with curriculum","Issue","13047e1b-5872-403f-a976-aaaf708bbfd4",,"5/28/2026 4:39 AM","5/28/2026 4:39 AM"
"Module not adapted to local context","Issue","13047e1b-5872-403f-a976-aaaf708bbfd4",,"5/28/2026 4:39 AM","5/28/2026 4:39 AM"
"Resource person lacks experience","Issue","13047e1b-5872-403f-a976-aaaf708bbfd4",,"5/28/2026 4:39 AM","5/28/2026 4:39 AM"
"Approval for resource person not obtained","Issue","13047e1b-5872-403f-a976-aaaf708bbfd4",,"5/28/2026 4:39 AM","5/28/2026 4:39 AM"
"Participants inattentive or disengaged","Issue","13047e1b-5872-403f-a976-aaaf708bbfd4",,"5/28/2026 4:39 AM","5/28/2026 4:39 AM"
"Module not prepared/aligned with curriculum","Issue","114cdef8-6f4a-4ed0-a984-edcc7e8ddc65",,"5/28/2026 4:39 AM","5/28/2026 4:39 AM"
"Module not adapted to local context","Issue","114cdef8-6f4a-4ed0-a984-edcc7e8ddc65",,"5/28/2026 4:39 AM","5/28/2026 4:39 AM"
"Resource person lacks experience","Issue","114cdef8-6f4a-4ed0-a984-edcc7e8ddc65",,"5/28/2026 4:39 AM","5/28/2026 4:39 AM"
"Approval for resource person not obtained","Issue","114cdef8-6f4a-4ed0-a984-edcc7e8ddc65",,"5/28/2026 4:39 AM","5/28/2026 4:39 AM"
"Staff did not review module before training","Issue","114cdef8-6f4a-4ed0-a984-edcc7e8ddc65",,"5/28/2026 4:39 AM","5/28/2026 4:39 AM"
"Household had a prior safe water connection","Issue","de98de28-3930-4531-b16c-c57d072269eb",,"5/28/2026 4:39 AM","5/28/2026 4:39 AM"
"Connection not installed within agreed timeframe","Issue","de98de28-3930-4531-b16c-c57d072269eb",,"5/28/2026 4:39 AM","5/28/2026 4:39 AM"
"Pipe fitting and meter not fixed to standard","Issue","de98de28-3930-4531-b16c-c57d072269eb",,"5/28/2026 4:39 AM","5/28/2026 4:39 AM"
"Water supply pressure and quality not adequate","Issue","de98de28-3930-4531-b16c-c57d072269eb",,"5/28/2026 4:39 AM","5/28/2026 4:39 AM"
"Household not using water connection regularly","Issue","de98de28-3930-4531-b16c-c57d072269eb",,"5/28/2026 4:39 AM","5/28/2026 4:39 AM"
"elderly unable to access water easily","Issue","de98de28-3930-4531-b16c-c57d072269eb",,"5/28/2026 4:39 AM","5/28/2026 4:39 AM"
"Previous unsafe/unhygienic water sources still used","Issue","de98de28-3930-4531-b16c-c57d072269eb",,"5/28/2026 4:39 AM","5/28/2026 4:39 AM"
"Household not satisfied with the service","Issue","de98de28-3930-4531-b16c-c57d072269eb",,"5/28/2026 4:39 AM","5/28/2026 4:39 AM"
"Household unaware of monthly water bill and payment process","Issue","de98de28-3930-4531-b16c-c57d072269eb",,"5/28/2026 4:39 AM","5/28/2026 4:39 AM"
"No signed agreement","Issue","55e15732-c2aa-47e1-a08c-08f54c92aeb7",,"5/28/2026 4:40 AM","5/28/2026 4:40 AM"
"Contribution not provided","Issue","55e15732-c2aa-47e1-a08c-08f54c92aeb7",,"5/28/2026 4:40 AM","5/28/2026 4:40 AM"
"Construction below standard","Issue","55e15732-c2aa-47e1-a08c-08f54c92aeb7",,"5/28/2026 4:40 AM","5/28/2026 4:40 AM"
"Doors/windows not fixed properly","Issue","55e15732-c2aa-47e1-a08c-08f54c92aeb7",,"5/28/2026 4:40 AM","5/28/2026 4:40 AM"
"Plastering/flooring incomplete","Issue","55e15732-c2aa-47e1-a08c-08f54c92aeb7",,"5/28/2026 4:40 AM","5/28/2026 4:40 AM"
"Poor ventilation/lighting","Issue","55e15732-c2aa-47e1-a08c-08f54c92aeb7",,"5/28/2026 4:40 AM","5/28/2026 4:40 AM"
"Unsafe during rains","Issue","55e15732-c2aa-47e1-a08c-08f54c92aeb7",,"5/28/2026 4:40 AM","5/28/2026 4:40 AM"
"House not spacious enough","Issue","55e15732-c2aa-47e1-a08c-08f54c92aeb7",,"5/28/2026 4:40 AM","5/28/2026 4:40 AM"
"Unsafe wiring/fittings","Issue","55e15732-c2aa-47e1-a08c-08f54c92aeb7",,"5/28/2026 4:40 AM","5/28/2026 4:40 AM"
"Not aware of maintenance","Issue","55e15732-c2aa-47e1-a08c-08f54c92aeb7",,"5/28/2026 4:40 AM","5/28/2026 4:40 AM"
"No wellbeing improvement","Issue","55e15732-c2aa-47e1-a08c-08f54c92aeb7",,"5/28/2026 4:40 AM","5/28/2026 4:40 AM"
"Not satisfied with support","Issue","55e15732-c2aa-47e1-a08c-08f54c92aeb7",,"5/28/2026 4:40 AM","5/28/2026 4:40 AM"
"Family not residing","Issue","89744bc2-05bf-442d-949f-b9ce1c24fce9",,"5/28/2026 4:40 AM","5/28/2026 4:40 AM"
"Unsafe wiring/fittings","Issue","89744bc2-05bf-442d-949f-b9ce1c24fce9",,"5/28/2026 4:40 AM","5/28/2026 4:40 AM"
"Contribution not provided","Issue","bef44fbb-baa5-4a61-9ad4-311ff1447fac",,"5/28/2026 4:40 AM","5/28/2026 4:40 AM"
"Plastering/flooring incomplete","Issue","bef44fbb-baa5-4a61-9ad4-311ff1447fac",,"5/28/2026 4:40 AM","5/28/2026 4:40 AM"
"Family not residing","Issue","bef44fbb-baa5-4a61-9ad4-311ff1447fac",,"5/28/2026 4:40 AM","5/28/2026 4:40 AM"
"Unsafe wiring/fittings","Issue","bef44fbb-baa5-4a61-9ad4-311ff1447fac",,"5/28/2026 4:40 AM","5/28/2026 4:40 AM"
"Complaints reported","Issue","bef44fbb-baa5-4a61-9ad4-311ff1447fac",,"5/28/2026 4:40 AM","5/28/2026 4:40 AM"
"Doors/windows not fixed properly","Issue","3a9f4e96-3816-4060-b275-31a249d7a1b0",,"5/28/2026 4:40 AM","5/28/2026 4:40 AM"
"Plastering/flooring incomplete","Issue","3a9f4e96-3816-4060-b275-31a249d7a1b0",,"5/28/2026 4:40 AM","5/28/2026 4:40 AM"
"Poor ventilation/lighting","Issue","3a9f4e96-3816-4060-b275-31a249d7a1b0",,"5/28/2026 4:40 AM","5/28/2026 4:40 AM"
"Unsafe during rains","Issue","3a9f4e96-3816-4060-b275-31a249d7a1b0",,"5/28/2026 4:40 AM","5/28/2026 4:40 AM"
"House not spacious enough","Issue","3a9f4e96-3816-4060-b275-31a249d7a1b0",,"5/28/2026 4:40 AM","5/28/2026 4:40 AM"
"Unsafe wiring/fittings","Issue","3a9f4e96-3816-4060-b275-31a249d7a1b0",,"5/28/2026 4:40 AM","5/28/2026 4:40 AM"
"Not aware of maintenance","Issue","3a9f4e96-3816-4060-b275-31a249d7a1b0",,"5/28/2026 4:40 AM","5/28/2026 4:40 AM"
"No wellbeing improvement","Issue","3a9f4e96-3816-4060-b275-31a249d7a1b0",,"5/28/2026 4:40 AM","5/28/2026 4:40 AM"
"Not satisfied with support","Issue","3a9f4e96-3816-4060-b275-31a249d7a1b0",,"5/28/2026 4:40 AM","5/28/2026 4:40 AM"
"No signed agreement","Issue","3dab7757-e982-446f-94cd-c12e7185ab59",,"5/28/2026 4:40 AM","5/28/2026 4:40 AM"
"Construction below standard","Issue","3dab7757-e982-446f-94cd-c12e7185ab59",,"5/28/2026 4:40 AM","5/28/2026 4:40 AM"
"Doors/windows not fixed properly","Issue","3dab7757-e982-446f-94cd-c12e7185ab59",,"5/28/2026 4:40 AM","5/28/2026 4:40 AM"
"Plastering/flooring incomplete","Issue","3dab7757-e982-446f-94cd-c12e7185ab59",,"5/28/2026 4:40 AM","5/28/2026 4:40 AM"
"Poor ventilation/lighting","Issue","3dab7757-e982-446f-94cd-c12e7185ab59",,"5/28/2026 4:40 AM","5/28/2026 4:40 AM"
"Unsafe during rains","Issue","3dab7757-e982-446f-94cd-c12e7185ab59",,"5/28/2026 4:40 AM","5/28/2026 4:40 AM"
"House not spacious enough","Issue","3dab7757-e982-446f-94cd-c12e7185ab59",,"5/28/2026 4:40 AM","5/28/2026 4:40 AM"
"Unsafe wiring/fittings","Issue","3dab7757-e982-446f-94cd-c12e7185ab59",,"5/28/2026 4:40 AM","5/28/2026 4:40 AM"
"No wellbeing improvement","Issue","3dab7757-e982-446f-94cd-c12e7185ab59",,"5/28/2026 4:40 AM","5/28/2026 4:40 AM"
"Not satisfied with support","Issue","3dab7757-e982-446f-94cd-c12e7185ab59",,"5/28/2026 4:40 AM","5/28/2026 4:40 AM"
"Doors/windows not fixed properly","Issue","9029d9bf-64b0-4adc-820d-c2c34e64ecbf",,"5/28/2026 4:40 AM","5/28/2026 4:40 AM"
"Plastering/flooring incomplete","Issue","9029d9bf-64b0-4adc-820d-c2c34e64ecbf",,"5/28/2026 4:40 AM","5/28/2026 4:40 AM"
"Poor ventilation/lighting","Issue","9029d9bf-64b0-4adc-820d-c2c34e64ecbf",,"5/28/2026 4:40 AM","5/28/2026 4:40 AM"
"Unsafe during rains","Issue","9029d9bf-64b0-4adc-820d-c2c34e64ecbf",,"5/28/2026 4:40 AM","5/28/2026 4:40 AM"
"House not spacious enough","Issue","9029d9bf-64b0-4adc-820d-c2c34e64ecbf",,"5/28/2026 4:40 AM","5/28/2026 4:40 AM"
"Unsafe wiring/fittings","Issue","9029d9bf-64b0-4adc-820d-c2c34e64ecbf",,"5/28/2026 4:40 AM","5/28/2026 4:40 AM"
"Not aware of maintenance","Issue","9029d9bf-64b0-4adc-820d-c2c34e64ecbf",,"5/28/2026 4:40 AM","5/28/2026 4:40 AM"
"Cannot afford repairs","Issue","9029d9bf-64b0-4adc-820d-c2c34e64ecbf",,"5/28/2026 4:40 AM","5/28/2026 4:40 AM"
"No wellbeing improvement","Issue","9029d9bf-64b0-4adc-820d-c2c34e64ecbf",,"5/28/2026 4:40 AM","5/28/2026 4:40 AM"
"Not satisfied with support","Issue","9029d9bf-64b0-4adc-820d-c2c34e64ecbf",,"5/28/2026 4:40 AM","5/28/2026 4:40 AM"
"Construction below standard","Issue","9261e683-6b05-4311-8fb0-05b64fd9733a",,"5/28/2026 4:40 AM","5/28/2026 4:40 AM"
"Doors/windows not fixed properly","Issue","9261e683-6b05-4311-8fb0-05b64fd9733a",,"5/28/2026 4:40 AM","5/28/2026 4:40 AM"
"Plastering/flooring incomplete","Issue","9261e683-6b05-4311-8fb0-05b64fd9733a",,"5/28/2026 4:40 AM","5/28/2026 4:40 AM"
"Poor ventilation/lighting","Issue","9261e683-6b05-4311-8fb0-05b64fd9733a",,"5/28/2026 4:40 AM","5/28/2026 4:40 AM"
"Unsafe during rains","Issue","9261e683-6b05-4311-8fb0-05b64fd9733a",,"5/28/2026 4:40 AM","5/28/2026 4:40 AM"
"House not spacious enough","Issue","9261e683-6b05-4311-8fb0-05b64fd9733a",,"5/28/2026 4:40 AM","5/28/2026 4:40 AM"
"Unsafe wiring/fittings","Issue","9261e683-6b05-4311-8fb0-05b64fd9733a",,"5/28/2026 4:40 AM","5/28/2026 4:40 AM"
"No wellbeing improvement","Issue","9261e683-6b05-4311-8fb0-05b64fd9733a",,"5/28/2026 4:40 AM","5/28/2026 4:40 AM"
"Not satisfied with support","Issue","9261e683-6b05-4311-8fb0-05b64fd9733a",,"5/28/2026 4:40 AM","5/28/2026 4:40 AM"
"Poor ventilation/lighting","Issue","afcdeda4-2f07-4fd5-b467-1261ce067dba",,"5/28/2026 4:40 AM","5/28/2026 4:40 AM"
"Family not residing","Issue","afcdeda4-2f07-4fd5-b467-1261ce067dba",,"5/28/2026 4:40 AM","5/28/2026 4:40 AM"
"House not spacious enough","Issue","afcdeda4-2f07-4fd5-b467-1261ce067dba",,"5/28/2026 4:40 AM","5/28/2026 4:40 AM"
"Unsafe wiring/fittings","Issue","afcdeda4-2f07-4fd5-b467-1261ce067dba",,"5/28/2026 4:40 AM","5/28/2026 4:40 AM"
"No wellbeing improvement","Issue","afcdeda4-2f07-4fd5-b467-1261ce067dba",,"5/28/2026 4:40 AM","5/28/2026 4:40 AM"
"Not satisfied with support","Issue","afcdeda4-2f07-4fd5-b467-1261ce067dba",,"5/28/2026 4:40 AM","5/28/2026 4:40 AM"
"Contribution not provided","Issue","b71221d7-ac1f-4004-bf4b-fc6fe750b520",,"5/28/2026 4:40 AM","5/28/2026 4:40 AM"
"Construction below standard","Issue","b71221d7-ac1f-4004-bf4b-fc6fe750b520",,"5/28/2026 4:40 AM","5/28/2026 4:40 AM"
"Doors/windows not fixed properly","Issue","b71221d7-ac1f-4004-bf4b-fc6fe750b520",,"5/28/2026 4:40 AM","5/28/2026 4:40 AM"
"Plastering/flooring incomplete","Issue","b71221d7-ac1f-4004-bf4b-fc6fe750b520",,"5/28/2026 4:40 AM","5/28/2026 4:40 AM"
"Poor ventilation/lighting","Issue","b71221d7-ac1f-4004-bf4b-fc6fe750b520",,"5/28/2026 4:40 AM","5/28/2026 4:40 AM"
"Family not residing","Issue","b71221d7-ac1f-4004-bf4b-fc6fe750b520",,"5/28/2026 4:40 AM","5/28/2026 4:40 AM"
"Unsafe during rains","Issue","b71221d7-ac1f-4004-bf4b-fc6fe750b520",,"5/28/2026 4:40 AM","5/28/2026 4:40 AM"
"House not spacious enough","Issue","b71221d7-ac1f-4004-bf4b-fc6fe750b520",,"5/28/2026 4:40 AM","5/28/2026 4:40 AM"
"Unsafe wiring/fittings","Issue","b71221d7-ac1f-4004-bf4b-fc6fe750b520",,"5/28/2026 4:40 AM","5/28/2026 4:40 AM"
"Cannot afford repairs","Issue","b71221d7-ac1f-4004-bf4b-fc6fe750b520",,"5/28/2026 4:40 AM","5/28/2026 4:40 AM"
"No wellbeing improvement","Issue","b71221d7-ac1f-4004-bf4b-fc6fe750b520",,"5/28/2026 4:40 AM","5/28/2026 4:40 AM"
"Not satisfied with support","Issue","b71221d7-ac1f-4004-bf4b-fc6fe750b520",,"5/28/2026 4:40 AM","5/28/2026 4:40 AM"
"Construction below standard","Issue","2a5844db-184c-47aa-bae5-d1cd295b73ff",,"5/28/2026 4:40 AM","5/28/2026 4:40 AM"
"Doors/windows not fixed properly","Issue","2a5844db-184c-47aa-bae5-d1cd295b73ff",,"5/28/2026 4:40 AM","5/28/2026 4:40 AM"
"Plastering/flooring incomplete","Issue","2a5844db-184c-47aa-bae5-d1cd295b73ff",,"5/28/2026 4:40 AM","5/28/2026 4:40 AM"
"Poor ventilation/lighting","Issue","2a5844db-184c-47aa-bae5-d1cd295b73ff",,"5/28/2026 4:40 AM","5/28/2026 4:40 AM"
"Unsafe during rains","Issue","2a5844db-184c-47aa-bae5-d1cd295b73ff",,"5/28/2026 4:40 AM","5/28/2026 4:40 AM"
"House not spacious enough","Issue","2a5844db-184c-47aa-bae5-d1cd295b73ff",,"5/28/2026 4:40 AM","5/28/2026 4:40 AM"
"Unsafe wiring/fittings","Issue","2a5844db-184c-47aa-bae5-d1cd295b73ff",,"5/28/2026 4:40 AM","5/28/2026 4:40 AM"
"Not aware of maintenance","Issue","2a5844db-184c-47aa-bae5-d1cd295b73ff",,"5/28/2026 4:40 AM","5/28/2026 4:40 AM"
"No wellbeing improvement","Issue","2a5844db-184c-47aa-bae5-d1cd295b73ff",,"5/28/2026 4:40 AM","5/28/2026 4:40 AM"
"Not satisfied with support","Issue","2a5844db-184c-47aa-bae5-d1cd295b73ff",,"5/28/2026 4:40 AM","5/28/2026 4:40 AM"
"No signed agreement","Issue","742c9ecd-3cc2-42d9-9686-edf7fcfd86e0",,"5/28/2026 4:40 AM","5/28/2026 4:40 AM"
"Construction below standard","Issue","742c9ecd-3cc2-42d9-9686-edf7fcfd86e0",,"5/28/2026 4:40 AM","5/28/2026 4:40 AM"
"Doors/windows not fixed properly","Issue","742c9ecd-3cc2-42d9-9686-edf7fcfd86e0",,"5/28/2026 4:40 AM","5/28/2026 4:40 AM"
"Plastering/flooring incomplete","Issue","742c9ecd-3cc2-42d9-9686-edf7fcfd86e0",,"5/28/2026 4:40 AM","5/28/2026 4:40 AM"
"Poor ventilation/lighting","Issue","742c9ecd-3cc2-42d9-9686-edf7fcfd86e0",,"5/28/2026 4:40 AM","5/28/2026 4:40 AM"
"House not spacious enough","Issue","742c9ecd-3cc2-42d9-9686-edf7fcfd86e0",,"5/28/2026 4:40 AM","5/28/2026 4:40 AM"
"Unsafe wiring/fittings","Issue","742c9ecd-3cc2-42d9-9686-edf7fcfd86e0",,"5/28/2026 4:40 AM","5/28/2026 4:40 AM"
"No wellbeing improvement","Issue","742c9ecd-3cc2-42d9-9686-edf7fcfd86e0",,"5/28/2026 4:40 AM","5/28/2026 4:40 AM"
"Not satisfied with support","Issue","742c9ecd-3cc2-42d9-9686-edf7fcfd86e0",,"5/28/2026 4:40 AM","5/28/2026 4:40 AM"
"No signed agreement","Issue","49825fb3-c42f-4c0d-b5bb-d2ea4e8ef6d9",,"5/28/2026 4:40 AM","5/28/2026 4:40 AM"
"Contribution not provided","Issue","49825fb3-c42f-4c0d-b5bb-d2ea4e8ef6d9",,"5/28/2026 4:40 AM","5/28/2026 4:40 AM"
"Construction below standard","Issue","49825fb3-c42f-4c0d-b5bb-d2ea4e8ef6d9",,"5/28/2026 4:40 AM","5/28/2026 4:40 AM"
"Doors/windows not fixed properly","Issue","49825fb3-c42f-4c0d-b5bb-d2ea4e8ef6d9",,"5/28/2026 4:40 AM","5/28/2026 4:40 AM"
"Plastering/flooring incomplete","Issue","49825fb3-c42f-4c0d-b5bb-d2ea4e8ef6d9",,"5/28/2026 4:40 AM","5/28/2026 4:40 AM"
"Poor ventilation/lighting","Issue","49825fb3-c42f-4c0d-b5bb-d2ea4e8ef6d9",,"5/28/2026 4:40 AM","5/28/2026 4:40 AM"
"Unsafe wiring/fittings","Issue","49825fb3-c42f-4c0d-b5bb-d2ea4e8ef6d9",,"5/28/2026 4:40 AM","5/28/2026 4:40 AM"
"No wellbeing improvement","Issue","49825fb3-c42f-4c0d-b5bb-d2ea4e8ef6d9",,"5/28/2026 4:40 AM","5/28/2026 4:40 AM"
"Doors/windows not fixed properly","Issue","9b179fd2-defc-4826-b31a-3bedfbabf4e4",,"5/28/2026 4:40 AM","5/28/2026 4:40 AM"
"Plastering/flooring incomplete","Issue","9b179fd2-defc-4826-b31a-3bedfbabf4e4",,"5/28/2026 4:40 AM","5/28/2026 4:40 AM"
"Poor ventilation/lighting","Issue","9b179fd2-defc-4826-b31a-3bedfbabf4e4",,"5/28/2026 4:40 AM","5/28/2026 4:40 AM"
"Unsafe during rains","Issue","9b179fd2-defc-4826-b31a-3bedfbabf4e4",,"5/28/2026 4:40 AM","5/28/2026 4:40 AM"
"House not spacious enough","Issue","9b179fd2-defc-4826-b31a-3bedfbabf4e4",,"5/28/2026 4:41 AM","5/28/2026 4:41 AM"
"Unsafe wiring/fittings","Issue","9b179fd2-defc-4826-b31a-3bedfbabf4e4",,"5/28/2026 4:41 AM","5/28/2026 4:41 AM"
"No wellbeing improvement","Issue","9b179fd2-defc-4826-b31a-3bedfbabf4e4",,"5/28/2026 4:41 AM","5/28/2026 4:41 AM"
"Not satisfied with support","Issue","9b179fd2-defc-4826-b31a-3bedfbabf4e4",,"5/28/2026 4:41 AM","5/28/2026 4:41 AM"
"Complaints reported","Issue","9b179fd2-defc-4826-b31a-3bedfbabf4e4",,"5/28/2026 4:41 AM","5/28/2026 4:41 AM"
"Construction below standard","Issue","66d7e649-2010-4833-a266-8bf27a3e345e",,"5/28/2026 4:41 AM","5/28/2026 4:41 AM"
"Doors/windows not fixed properly","Issue","66d7e649-2010-4833-a266-8bf27a3e345e",,"5/28/2026 4:41 AM","5/28/2026 4:41 AM"
"Plastering/flooring incomplete","Issue","66d7e649-2010-4833-a266-8bf27a3e345e",,"5/28/2026 4:41 AM","5/28/2026 4:41 AM"
"Poor ventilation/lighting","Issue","66d7e649-2010-4833-a266-8bf27a3e345e",,"5/28/2026 4:41 AM","5/28/2026 4:41 AM"
"Family not residing","Issue","66d7e649-2010-4833-a266-8bf27a3e345e",,"5/28/2026 4:41 AM","5/28/2026 4:41 AM"
"Unsafe during rains","Issue","66d7e649-2010-4833-a266-8bf27a3e345e",,"5/28/2026 4:41 AM","5/28/2026 4:41 AM"
"House not spacious enough","Issue","66d7e649-2010-4833-a266-8bf27a3e345e",,"5/28/2026 4:41 AM","5/28/2026 4:41 AM"
"Unsafe wiring/fittings","Issue","66d7e649-2010-4833-a266-8bf27a3e345e",,"5/28/2026 4:41 AM","5/28/2026 4:41 AM"
"Not aware of maintenance","Issue","66d7e649-2010-4833-a266-8bf27a3e345e",,"5/28/2026 4:41 AM","5/28/2026 4:41 AM"
"Cannot afford repairs","Issue","66d7e649-2010-4833-a266-8bf27a3e345e",,"5/28/2026 4:41 AM","5/28/2026 4:41 AM"
"No wellbeing improvement","Issue","66d7e649-2010-4833-a266-8bf27a3e345e",,"5/28/2026 4:41 AM","5/28/2026 4:41 AM"
"Not satisfied with support","Issue","66d7e649-2010-4833-a266-8bf27a3e345e",,"5/28/2026 4:41 AM","5/28/2026 4:41 AM"
"Plastering/flooring incomplete","Closed","ed4f1a1d-3a8b-437b-a4bb-7376a887bf8f","We have completed the agreed task as per the BOQ. Plastering is beyond our approved BOQ.","8/20/2026 3:27 AM","5/28/2026 4:41 AM"
"Plastering/flooring incomplete","Closed","6ab0f28c-814c-436e-b1bb-98af02bbff0d","We have completed the agreed construction work as per the approved BOQ. Plastering and flooring are beyond the agreed scope. ","8/20/2026 3:28 AM","5/28/2026 4:41 AM"
"Unsafe wiring/fittings","Issue","6ab0f28c-814c-436e-b1bb-98af02bbff0d",,"8/20/2026 3:25 AM","5/28/2026 4:41 AM"
"Doors/windows not fixed properly","Issue","2920fecd-9167-43da-ac3d-af4dc81d767f",,"8/22/2026 6:07 AM","5/28/2026 4:41 AM"
"Unsafe wiring/fittings","Issue","2920fecd-9167-43da-ac3d-af4dc81d767f",,"8/20/2026 3:25 AM","5/28/2026 4:41 AM"
"Unsafe wiring/fittings","Issue","6ad0c3b1-96a0-4b85-8334-f5dc3c9a768d",,"5/28/2026 4:41 AM","5/28/2026 4:41 AM"
"Plastering/flooring incomplete","Issue","15045847-c9bb-4b96-952a-c56e2c4437fa",,"5/28/2026 4:41 AM","5/28/2026 4:41 AM"
"Family not residing","Issue","15045847-c9bb-4b96-952a-c56e2c4437fa",,"5/28/2026 4:41 AM","5/28/2026 4:41 AM"
"Family not residing","Issue","34ecd2cd-d0a8-450d-9d5b-b6c9ad3a63ee",,"5/28/2026 4:41 AM","5/28/2026 4:41 AM"
"Plastering/flooring incomplete","Issue","53b2be51-6fd4-4023-8e5f-2b4647121dc8",,"5/28/2026 4:41 AM","5/28/2026 4:41 AM"
"Plastering/flooring incomplete","Issue","c94a918a-58bd-4e78-bc11-9cb50f7348a6",,"8/20/2026 3:24 AM","5/28/2026 4:41 AM"
"Complaints reported","Issue","c94a918a-58bd-4e78-bc11-9cb50f7348a6",,"5/28/2026 4:41 AM","5/28/2026 4:41 AM"
"Family not residing","Issue","8ec59e6c-6926-4228-98f3-32208dfe464c",,"5/28/2026 4:41 AM","5/28/2026 4:41 AM"
"Complaints reported","Issue","8ec59e6c-6926-4228-98f3-32208dfe464c",,"5/28/2026 4:41 AM","5/28/2026 4:41 AM"
"Construction below standard","Issue","bae07be8-2ac7-4350-b93f-27aeeb80dd84",,"5/28/2026 4:41 AM","5/28/2026 4:41 AM"
"Family not residing","Issue","e27ffc42-4a4b-48c2-9587-5a05ecbac294",,"5/28/2026 4:41 AM","5/28/2026 4:41 AM"
"No wellbeing improvement","Issue","e27ffc42-4a4b-48c2-9587-5a05ecbac294",,"5/28/2026 4:41 AM","5/28/2026 4:41 AM"
"Construction below standard","Issue","e36d13d8-2afc-4e13-b68e-31581fa806c9",,"5/28/2026 4:41 AM","5/28/2026 4:41 AM"
"Complaints reported","Issue","3286fd14-cfb7-4379-b44f-d26228ff73a2",,"5/28/2026 4:41 AM","5/28/2026 4:41 AM"
"Cannot afford repairs","Issue","a58009ba-fff9-438f-bb8a-ac8f7767f4ab",,"5/28/2026 4:41 AM","5/28/2026 4:41 AM"
"Contribution not provided","Issue","d56ad76e-d8f7-4e51-b375-3876a516bfb6",,"5/28/2026 4:41 AM","5/28/2026 4:41 AM"
"Cannot afford repairs","Issue","d56ad76e-d8f7-4e51-b375-3876a516bfb6",,"5/28/2026 4:41 AM","5/28/2026 4:41 AM"
"Complaints reported","Issue","d56ad76e-d8f7-4e51-b375-3876a516bfb6",,"5/28/2026 4:41 AM","5/28/2026 4:41 AM"
"Unsafe during rains","Issue","37bfea23-47a9-4f93-8574-d77ce1cf4b68",,"5/28/2026 4:41 AM","5/28/2026 4:41 AM"
"Unsafe wiring/fittings","Issue","d81360bf-7477-4e36-96b0-aa6f5f4abf10",,"5/28/2026 4:41 AM","5/28/2026 4:41 AM"
"Site not approved/safe","Issue","668ddb73-3336-45f2-83fb-cee188ee4d9b",,"5/28/2026 4:41 AM","5/28/2026 4:41 AM"
"Unsafe wiring/fittings","Issue","668ddb73-3336-45f2-83fb-cee188ee4d9b",,"5/28/2026 4:41 AM","5/28/2026 4:41 AM"
"Doors/windows not fixed properly","Closed","7ce09a44-c76c-45f8-9d1d-1898be18fa7c","The doors and windows are now fully operational following the completion of their repairs.","8/24/2026 10:55 AM","5/28/2026 4:41 AM"
"Family not residing","Closed","7ce09a44-c76c-45f8-9d1d-1898be18fa7c","The family currently resides in the house.","8/24/2026 10:55 AM","5/28/2026 4:41 AM"
"Complaints reported","Closed","7ce09a44-c76c-45f8-9d1d-1898be18fa7c","The reported issue concerning the functionality of the door window has been successfully resolved, and the system is now operating without any further complications.","8/24/2026 10:57 AM","5/28/2026 4:41 AM"
"Doors/windows not fixed properly","Closed","4d49b603-cfe0-42f7-848a-65d71f2d1517","The issue has been rectified. The doors and windows have been repaired.","8/24/2026 10:51 AM","5/28/2026 4:41 AM"
"Complaints reported","Closed","4d49b603-cfe0-42f7-848a-65d71f2d1517","The previous complaint regarding the door's inability to close properly due to construction defects has been addressed. The necessary repairs have been completed, and the door is now functioning correctly. We anticipate no further issues.","8/24/2026 10:53 AM","5/28/2026 4:41 AM"
"Doors/windows not fixed properly","Issue","9da399f8-46e3-4c7a-85ef-0a0c610feae8",,"5/28/2026 4:41 AM","5/28/2026 4:41 AM"
"Family not residing","Issue","9da399f8-46e3-4c7a-85ef-0a0c610feae8",,"5/28/2026 4:41 AM","5/28/2026 4:41 AM"
"Complaints reported","Issue","9da399f8-46e3-4c7a-85ef-0a0c610feae8",,"5/28/2026 4:41 AM","5/28/2026 4:41 AM"
"Unsafe wiring/fittings","Issue","4581be46-f2d8-43b6-9841-d827ed040268",,"8/19/2026 4:26 AM","5/28/2026 4:41 AM"
"Doors/windows not fixed properly","Issue","2b41df79-876a-4ef6-a88b-8669721d0570",,"5/28/2026 4:41 AM","5/28/2026 4:41 AM"
"Construction off schedule","Issue","d96693f5-6624-4381-8d6e-7137148f1971",,"5/28/2026 4:41 AM","5/28/2026 4:41 AM"
"Standards not met","Issue","d96693f5-6624-4381-8d6e-7137148f1971",,"5/28/2026 4:41 AM","5/28/2026 4:41 AM"
"Materials not verified","Issue","d96693f5-6624-4381-8d6e-7137148f1971",,"5/28/2026 4:41 AM","5/28/2026 4:41 AM"
"No final inspection","Issue","d96693f5-6624-4381-8d6e-7137148f1971",,"5/28/2026 4:41 AM","5/28/2026 4:41 AM"
"Facility not in use","Issue","d96693f5-6624-4381-8d6e-7137148f1971",,"5/28/2026 4:41 AM","5/28/2026 4:41 AM"
"No teaching support","Issue","d96693f5-6624-4381-8d6e-7137148f1971",,"5/28/2026 4:41 AM","5/28/2026 4:41 AM"
"Facility unsafe","Issue","d96693f5-6624-4381-8d6e-7137148f1971",,"5/28/2026 4:41 AM","5/28/2026 4:41 AM"
"Facility not accessible","Issue","d96693f5-6624-4381-8d6e-7137148f1971",,"5/28/2026 4:41 AM","5/28/2026 4:41 AM"
"Construction off schedule","Issue","e95f41f2-75c2-4ad3-9db5-d125870c7057",,"5/28/2026 4:41 AM","5/28/2026 4:41 AM"
"Facility unsafe","Issue","c156f46b-75ab-4d9d-923b-47b876b45115",,"5/28/2026 4:41 AM","5/28/2026 4:41 AM"
"Complaints reported","Issue","7def2738-6d71-48b9-bb87-cb9741df53d8",,"5/28/2026 4:41 AM","5/28/2026 4:41 AM"
"Pit/tank not built properly","Issue","d4e91e79-fd2e-474a-8d37-91e0a74f27ec",,"5/28/2026 4:41 AM","5/28/2026 4:41 AM"
"Ventilation pipe missing","Issue","d4e91e79-fd2e-474a-8d37-91e0a74f27ec",,"5/28/2026 4:41 AM","5/28/2026 4:41 AM"
"Cracks or leakages seen","Issue","d4e91e79-fd2e-474a-8d37-91e0a74f27ec",,"5/28/2026 4:41 AM","5/28/2026 4:41 AM"
"Not selected by criteria","Issue","6589037c-3abc-4b6e-8d78-740fb5cada61",,"5/28/2026 4:41 AM","5/28/2026 4:41 AM"
"Contribution not provided","Issue","6589037c-3abc-4b6e-8d78-740fb5cada61",,"5/28/2026 4:41 AM","5/28/2026 4:41 AM"
"Ventilation pipe missing","Issue","6589037c-3abc-4b6e-8d78-740fb5cada61",,"5/28/2026 4:41 AM","5/28/2026 4:41 AM"
"Cracks or leakages seen","Issue","6589037c-3abc-4b6e-8d78-740fb5cada61",,"5/28/2026 4:41 AM","5/28/2026 4:41 AM"
"Construction below standard","Issue","6333f4ef-76fc-47db-9c73-bfa7f3d2c362",,"5/28/2026 4:41 AM","5/28/2026 4:41 AM"
"Pipes not fitted properly","Issue","6333f4ef-76fc-47db-9c73-bfa7f3d2c362",,"5/28/2026 4:41 AM","5/28/2026 4:41 AM"
"Ventilation pipe missing","Issue","6333f4ef-76fc-47db-9c73-bfa7f3d2c362",,"5/28/2026 4:41 AM","5/28/2026 4:41 AM"
"No water access ensured","Issue","6333f4ef-76fc-47db-9c73-bfa7f3d2c362",,"5/28/2026 4:41 AM","5/28/2026 4:41 AM"
"Toilet not in regular use","Issue","6333f4ef-76fc-47db-9c73-bfa7f3d2c362",,"5/28/2026 4:41 AM","5/28/2026 4:41 AM"
"Not safe for kids/elderly/PWDs","Issue","6333f4ef-76fc-47db-9c73-bfa7f3d2c362",,"5/28/2026 4:41 AM","5/28/2026 4:41 AM"
"Cleanliness not maintained","Issue","6333f4ef-76fc-47db-9c73-bfa7f3d2c362",,"5/28/2026 4:41 AM","5/28/2026 4:41 AM"
"Cracks or leakages seen","Issue","6333f4ef-76fc-47db-9c73-bfa7f3d2c362",,"5/28/2026 4:42 AM","5/28/2026 4:42 AM"
"Cannot afford repairs","Issue","6333f4ef-76fc-47db-9c73-bfa7f3d2c362",,"5/28/2026 4:42 AM","5/28/2026 4:42 AM"
"No wellbeing improvement","Issue","6333f4ef-76fc-47db-9c73-bfa7f3d2c362",,"5/28/2026 4:42 AM","5/28/2026 4:42 AM"
"Not satisfied with support","Issue","6333f4ef-76fc-47db-9c73-bfa7f3d2c362",,"5/28/2026 4:42 AM","5/28/2026 4:42 AM"
"Pipes not fitted properly","Issue","f88c2c5f-efcd-4fbd-a800-2b75ad9d0525",,"5/28/2026 4:42 AM","5/28/2026 4:42 AM"
"Ventilation pipe missing","Issue","f88c2c5f-efcd-4fbd-a800-2b75ad9d0525",,"5/28/2026 4:42 AM","5/28/2026 4:42 AM"
"Toilet not in regular use","Issue","f88c2c5f-efcd-4fbd-a800-2b75ad9d0525",,"5/28/2026 4:42 AM","5/28/2026 4:42 AM"
"Not safe for kids/elderly/PWDs","Issue","f88c2c5f-efcd-4fbd-a800-2b75ad9d0525",,"5/28/2026 4:42 AM","5/28/2026 4:42 AM"
"Cleanliness not maintained","Issue","f88c2c5f-efcd-4fbd-a800-2b75ad9d0525",,"5/28/2026 4:42 AM","5/28/2026 4:42 AM"
"Cracks or leakages seen","Issue","f88c2c5f-efcd-4fbd-a800-2b75ad9d0525",,"5/28/2026 4:42 AM","5/28/2026 4:42 AM"
"No wellbeing improvement","Issue","f88c2c5f-efcd-4fbd-a800-2b75ad9d0525",,"5/28/2026 4:42 AM","5/28/2026 4:42 AM"
"Not satisfied with support","Issue","f88c2c5f-efcd-4fbd-a800-2b75ad9d0525",,"5/28/2026 4:42 AM","5/28/2026 4:42 AM"
"Ventilation pipe missing","Issue","4ba4d64f-7dd4-48c3-91cc-98409d6c1743",,"5/28/2026 4:42 AM","5/28/2026 4:42 AM"
"Contribution not provided","Issue","13494120-750b-4884-a775-d2ee97dc6293",,"5/28/2026 4:42 AM","5/28/2026 4:42 AM"
"Pit/tank not built properly","Issue","0493179d-0fb7-41d3-83c0-3e2b7c42f8b6",,"5/28/2026 4:42 AM","5/28/2026 4:42 AM"
"Pipes not fitted properly","Issue","d4739449-6055-4b72-a299-ecb6713a6acd",,"5/28/2026 4:42 AM","5/28/2026 4:42 AM"
"Complaints reported","Issue","d4739449-6055-4b72-a299-ecb6713a6acd",,"5/28/2026 4:42 AM","5/28/2026 4:42 AM"
"Complaints reported","Issue","afe97750-88fc-456e-b82d-10023959496c",,"5/28/2026 4:42 AM","5/28/2026 4:42 AM"
"Ventilation pipe missing","Issue","0b99ce70-79a4-460b-8dfd-5b3ceb0caa51",,"5/28/2026 4:42 AM","5/28/2026 4:42 AM"
"Toilet not in regular use","Issue","0b99ce70-79a4-460b-8dfd-5b3ceb0caa51",,"5/28/2026 4:42 AM","5/28/2026 4:42 AM"
"Ventilation pipe missing","Issue","42568d63-d91a-4be6-af42-186e476d6b40",,"5/28/2026 4:42 AM","5/28/2026 4:42 AM"
"Pipes not fitted properly","Issue","56c0ca69-aea9-4f24-a55e-9f63fe0d2d87",,"5/28/2026 4:42 AM","5/28/2026 4:42 AM"
"Ventilation pipe missing","Issue","56c0ca69-aea9-4f24-a55e-9f63fe0d2d87",,"5/28/2026 4:42 AM","5/28/2026 4:42 AM"
"Toilet not in regular use","Issue","56c0ca69-aea9-4f24-a55e-9f63fe0d2d87",,"5/28/2026 4:42 AM","5/28/2026 4:42 AM"
"Construction below standard","Issue","431486d6-5be8-41fc-bd82-ea04f745ef66",,"5/28/2026 4:42 AM","5/28/2026 4:42 AM"
"Pit/tank not built properly","Issue","431486d6-5be8-41fc-bd82-ea04f745ef66",,"5/28/2026 4:42 AM","5/28/2026 4:42 AM"
"Pipes not fitted properly","Issue","431486d6-5be8-41fc-bd82-ea04f745ef66",,"5/28/2026 4:42 AM","5/28/2026 4:42 AM"
"Ventilation pipe missing","Issue","431486d6-5be8-41fc-bd82-ea04f745ef66",,"5/28/2026 4:42 AM","5/28/2026 4:42 AM"
"Toilet not in regular use","Issue","431486d6-5be8-41fc-bd82-ea04f745ef66",,"5/28/2026 4:42 AM","5/28/2026 4:42 AM"
"Not safe for kids/elderly/PWDs","Issue","431486d6-5be8-41fc-bd82-ea04f745ef66",,"5/28/2026 4:42 AM","5/28/2026 4:42 AM"
"Cracks or leakages seen","Issue","431486d6-5be8-41fc-bd82-ea04f745ef66",,"5/28/2026 4:42 AM","5/28/2026 4:42 AM"
"No wellbeing improvement","Issue","431486d6-5be8-41fc-bd82-ea04f745ef66",,"5/28/2026 4:42 AM","5/28/2026 4:42 AM"
"Pit/tank not built properly","Issue","a53f90e7-240c-44ef-a511-47bf8cca263e",,"5/28/2026 4:42 AM","5/28/2026 4:42 AM"
"Pipes not fitted properly","Issue","a53f90e7-240c-44ef-a511-47bf8cca263e",,"5/28/2026 4:42 AM","5/28/2026 4:42 AM"
"Ventilation pipe missing","Issue","a53f90e7-240c-44ef-a511-47bf8cca263e",,"5/28/2026 4:42 AM","5/28/2026 4:42 AM"
"No water access ensured","Issue","a53f90e7-240c-44ef-a511-47bf8cca263e",,"5/28/2026 4:42 AM","5/28/2026 4:42 AM"
"Toilet not in regular use","Issue","a53f90e7-240c-44ef-a511-47bf8cca263e",,"5/28/2026 4:42 AM","5/28/2026 4:42 AM"
"Not safe for kids/elderly/PWDs","Issue","a53f90e7-240c-44ef-a511-47bf8cca263e",,"5/28/2026 4:42 AM","5/28/2026 4:42 AM"
"Cleanliness not maintained","Issue","a53f90e7-240c-44ef-a511-47bf8cca263e",,"5/28/2026 4:42 AM","5/28/2026 4:42 AM"
"Cracks or leakages seen","Issue","a53f90e7-240c-44ef-a511-47bf8cca263e",,"5/28/2026 4:42 AM","5/28/2026 4:42 AM"
"Cannot afford repairs","Issue","a53f90e7-240c-44ef-a511-47bf8cca263e",,"5/28/2026 4:42 AM","5/28/2026 4:42 AM"
"No wellbeing improvement","Issue","a53f90e7-240c-44ef-a511-47bf8cca263e",,"5/28/2026 4:42 AM","5/28/2026 4:42 AM"
"Not satisfied with support","Issue","a53f90e7-240c-44ef-a511-47bf8cca263e",,"5/28/2026 4:42 AM","5/28/2026 4:42 AM"
"Construction below standard","Issue","114152ae-4bed-4226-b591-28f7272863e9",,"5/28/2026 4:42 AM","5/28/2026 4:42 AM"
"Pit/tank not built properly","Issue","114152ae-4bed-4226-b591-28f7272863e9",,"5/28/2026 4:42 AM","5/28/2026 4:42 AM"
"Pipes not fitted properly","Issue","114152ae-4bed-4226-b591-28f7272863e9",,"5/28/2026 4:42 AM","5/28/2026 4:42 AM"
"Ventilation pipe missing","Issue","114152ae-4bed-4226-b591-28f7272863e9",,"5/28/2026 4:42 AM","5/28/2026 4:42 AM"
"No water access ensured","Issue","114152ae-4bed-4226-b591-28f7272863e9",,"5/28/2026 4:42 AM","5/28/2026 4:42 AM"
"Toilet not in regular use","Issue","114152ae-4bed-4226-b591-28f7272863e9",,"5/28/2026 4:42 AM","5/28/2026 4:42 AM"
"Cleanliness not maintained","Issue","114152ae-4bed-4226-b591-28f7272863e9",,"5/28/2026 4:43 AM","5/28/2026 4:43 AM"
"Cracks or leakages seen","Issue","114152ae-4bed-4226-b591-28f7272863e9",,"5/28/2026 4:43 AM","5/28/2026 4:43 AM"
"No wellbeing improvement","Issue","114152ae-4bed-4226-b591-28f7272863e9",,"5/28/2026 4:43 AM","5/28/2026 4:43 AM"
"Not satisfied with support","Issue","114152ae-4bed-4226-b591-28f7272863e9",,"5/28/2026 4:43 AM","5/28/2026 4:43 AM"
"Pit/tank not built properly","Issue","3115539a-a992-4833-a967-f9af2343c98d",,"5/28/2026 4:43 AM","5/28/2026 4:43 AM"
"Pipes not fitted properly","Issue","3115539a-a992-4833-a967-f9af2343c98d",,"5/28/2026 4:43 AM","5/28/2026 4:43 AM"
"Ventilation pipe missing","Issue","3115539a-a992-4833-a967-f9af2343c98d",,"5/28/2026 4:43 AM","5/28/2026 4:43 AM"
"No water access ensured","Issue","3115539a-a992-4833-a967-f9af2343c98d",,"5/28/2026 4:43 AM","5/28/2026 4:43 AM"
"Toilet not in regular use","Issue","3115539a-a992-4833-a967-f9af2343c98d",,"5/28/2026 4:43 AM","5/28/2026 4:43 AM"
"Cracks or leakages seen","Issue","3115539a-a992-4833-a967-f9af2343c98d",,"5/28/2026 4:43 AM","5/28/2026 4:43 AM"
"No wellbeing improvement","Issue","3115539a-a992-4833-a967-f9af2343c98d",,"5/28/2026 4:43 AM","5/28/2026 4:43 AM"
"Construction below standard","Issue","37036828-7302-44ba-a2b8-5072e357f8ee",,"5/28/2026 4:43 AM","5/28/2026 4:43 AM"
"Pit/tank not built properly","Issue","37036828-7302-44ba-a2b8-5072e357f8ee",,"5/28/2026 4:43 AM","5/28/2026 4:43 AM"
"Pipes not fitted properly","Issue","37036828-7302-44ba-a2b8-5072e357f8ee",,"5/28/2026 4:43 AM","5/28/2026 4:43 AM"
"Ventilation pipe missing","Issue","37036828-7302-44ba-a2b8-5072e357f8ee",,"5/28/2026 4:43 AM","5/28/2026 4:43 AM"
"No water access ensured","Issue","37036828-7302-44ba-a2b8-5072e357f8ee",,"5/28/2026 4:43 AM","5/28/2026 4:43 AM"
"Toilet not in regular use","Issue","37036828-7302-44ba-a2b8-5072e357f8ee",,"5/28/2026 4:43 AM","5/28/2026 4:43 AM"
"Cleanliness not maintained","Issue","37036828-7302-44ba-a2b8-5072e357f8ee",,"5/28/2026 4:43 AM","5/28/2026 4:43 AM"
"Cracks or leakages seen","Issue","37036828-7302-44ba-a2b8-5072e357f8ee",,"5/28/2026 4:43 AM","5/28/2026 4:43 AM"
"No wellbeing improvement","Issue","37036828-7302-44ba-a2b8-5072e357f8ee",,"5/28/2026 4:43 AM","5/28/2026 4:43 AM"
"Not satisfied with support","Issue","37036828-7302-44ba-a2b8-5072e357f8ee",,"5/28/2026 4:43 AM","5/28/2026 4:43 AM"
"Construction below standard","Issue","22ceb242-42f1-4e98-a085-dd50b2b13819",,"5/28/2026 4:43 AM","5/28/2026 4:43 AM"
"Pit/tank not built properly","Issue","22ceb242-42f1-4e98-a085-dd50b2b13819",,"5/28/2026 4:43 AM","5/28/2026 4:43 AM"
"Pipes not fitted properly","Issue","22ceb242-42f1-4e98-a085-dd50b2b13819",,"5/28/2026 4:43 AM","5/28/2026 4:43 AM"
"Ventilation pipe missing","Issue","22ceb242-42f1-4e98-a085-dd50b2b13819",,"5/28/2026 4:43 AM","5/28/2026 4:43 AM"
"Toilet not in regular use","Issue","22ceb242-42f1-4e98-a085-dd50b2b13819",,"5/28/2026 4:43 AM","5/28/2026 4:43 AM"
"Cleanliness not maintained","Issue","22ceb242-42f1-4e98-a085-dd50b2b13819",,"5/28/2026 4:43 AM","5/28/2026 4:43 AM"
"Cracks or leakages seen","Issue","22ceb242-42f1-4e98-a085-dd50b2b13819",,"5/28/2026 4:43 AM","5/28/2026 4:43 AM"
"No wellbeing improvement","Issue","22ceb242-42f1-4e98-a085-dd50b2b13819",,"5/28/2026 4:43 AM","5/28/2026 4:43 AM"
"Not satisfied with support","Issue","22ceb242-42f1-4e98-a085-dd50b2b13819",,"5/28/2026 4:43 AM","5/28/2026 4:43 AM"
"Construction below standard","Issue","d013cd7b-507a-47c5-8548-7404275427ec",,"5/28/2026 4:43 AM","5/28/2026 4:43 AM"
"Ventilation pipe missing","Issue","d013cd7b-507a-47c5-8548-7404275427ec",,"5/28/2026 4:43 AM","5/28/2026 4:43 AM"
"Cracks or leakages seen","Issue","d013cd7b-507a-47c5-8548-7404275427ec",,"5/28/2026 4:43 AM","5/28/2026 4:43 AM"
"Ventilation pipe missing","Issue","99c172ed-0c22-4900-a7af-c32564625e1b",,"5/28/2026 4:43 AM","5/28/2026 4:43 AM"
"No signed agreement","Issue","93203797-c7c7-4619-8288-ececa99d6655",,"5/28/2026 4:43 AM","5/28/2026 4:43 AM"
"Construction below standard","Issue","93203797-c7c7-4619-8288-ececa99d6655",,"5/28/2026 4:43 AM","5/28/2026 4:43 AM"
"Pit/tank not built properly","Issue","93203797-c7c7-4619-8288-ececa99d6655",,"5/28/2026 4:43 AM","5/28/2026 4:43 AM"
"Pipes not fitted properly","Issue","93203797-c7c7-4619-8288-ececa99d6655",,"5/28/2026 4:43 AM","5/28/2026 4:43 AM"
"Ventilation pipe missing","Issue","93203797-c7c7-4619-8288-ececa99d6655",,"5/28/2026 4:43 AM","5/28/2026 4:43 AM"
"Toilet not in regular use","Issue","93203797-c7c7-4619-8288-ececa99d6655",,"5/28/2026 4:43 AM","5/28/2026 4:43 AM"
"Not safe for kids/elderly/PWDs","Issue","93203797-c7c7-4619-8288-ececa99d6655",,"5/28/2026 4:43 AM","5/28/2026 4:43 AM"
"Cleanliness not maintained","Issue","93203797-c7c7-4619-8288-ececa99d6655",,"5/28/2026 4:43 AM","5/28/2026 4:43 AM"
"Cracks or leakages seen","Issue","93203797-c7c7-4619-8288-ececa99d6655",,"5/28/2026 4:43 AM","5/28/2026 4:43 AM"
"Cannot afford repairs","Issue","93203797-c7c7-4619-8288-ececa99d6655",,"5/28/2026 4:43 AM","5/28/2026 4:43 AM"
"No wellbeing improvement","Issue","93203797-c7c7-4619-8288-ececa99d6655",,"5/28/2026 4:43 AM","5/28/2026 4:43 AM"
"Not satisfied with support","Issue","93203797-c7c7-4619-8288-ececa99d6655",,"5/28/2026 4:43 AM","5/28/2026 4:43 AM"
"Construction below standard","Issue","beea129b-c79e-4a76-9656-645a48c9cd07",,"5/28/2026 4:43 AM","5/28/2026 4:43 AM"
"Pipes not fitted properly","Issue","beea129b-c79e-4a76-9656-645a48c9cd07",,"5/28/2026 4:43 AM","5/28/2026 4:43 AM"
"Ventilation pipe missing","Issue","beea129b-c79e-4a76-9656-645a48c9cd07",,"5/28/2026 4:43 AM","5/28/2026 4:43 AM"
"Toilet not in regular use","Issue","beea129b-c79e-4a76-9656-645a48c9cd07",,"5/28/2026 4:43 AM","5/28/2026 4:43 AM"
"Not safe for kids/elderly/PWDs","Issue","beea129b-c79e-4a76-9656-645a48c9cd07",,"5/28/2026 4:43 AM","5/28/2026 4:43 AM"
"Cleanliness not maintained","Issue","beea129b-c79e-4a76-9656-645a48c9cd07",,"5/28/2026 4:43 AM","5/28/2026 4:43 AM"
"Cracks or leakages seen","Issue","beea129b-c79e-4a76-9656-645a48c9cd07",,"5/28/2026 4:43 AM","5/28/2026 4:43 AM"
"No wellbeing improvement","Issue","beea129b-c79e-4a76-9656-645a48c9cd07",,"5/28/2026 4:43 AM","5/28/2026 4:43 AM"
"Not satisfied with support","Issue","beea129b-c79e-4a76-9656-645a48c9cd07",,"5/28/2026 4:43 AM","5/28/2026 4:43 AM"
"Pipes not fitted properly","Issue","31359eaa-a85a-40c2-933a-af69f6778690",,"5/28/2026 4:43 AM","5/28/2026 4:43 AM"
"Construction below standard","Issue","69232d8f-24fc-4161-990b-68da83967a51",,"5/28/2026 4:43 AM","5/28/2026 4:43 AM"
"Pit/tank not built properly","Issue","69232d8f-24fc-4161-990b-68da83967a51",,"5/28/2026 4:43 AM","5/28/2026 4:43 AM"
"Pipes not fitted properly","Issue","69232d8f-24fc-4161-990b-68da83967a51",,"5/28/2026 4:43 AM","5/28/2026 4:43 AM"
"Ventilation pipe missing","Issue","69232d8f-24fc-4161-990b-68da83967a51",,"5/28/2026 4:43 AM","5/28/2026 4:43 AM"
"No water access ensured","Issue","69232d8f-24fc-4161-990b-68da83967a51",,"5/28/2026 4:43 AM","5/28/2026 4:43 AM"
"Toilet not in regular use","Issue","69232d8f-24fc-4161-990b-68da83967a51",,"5/28/2026 4:43 AM","5/28/2026 4:43 AM"
"Not safe for kids/elderly/PWDs","Issue","69232d8f-24fc-4161-990b-68da83967a51",,"5/28/2026 4:43 AM","5/28/2026 4:43 AM"
"Cleanliness not maintained","Issue","69232d8f-24fc-4161-990b-68da83967a51",,"5/28/2026 4:43 AM","5/28/2026 4:43 AM"
"Cracks or leakages seen","Issue","69232d8f-24fc-4161-990b-68da83967a51",,"5/28/2026 4:43 AM","5/28/2026 4:43 AM"
"Cannot afford repairs","Issue","69232d8f-24fc-4161-990b-68da83967a51",,"5/28/2026 4:43 AM","5/28/2026 4:43 AM"
"No wellbeing improvement","Issue","69232d8f-24fc-4161-990b-68da83967a51",,"5/28/2026 4:43 AM","5/28/2026 4:43 AM"
"Site not approved/safe","Issue","071ff634-829e-4916-8a29-1f078af8e7a3",,"5/28/2026 11:00 PM","5/28/2026 4:43 AM"
"Pipes not fitted properly","Issue","5ced20e1-6a3c-4249-b5b4-5ec4f3a707d7",,"5/28/2026 11:00 PM","5/28/2026 4:43 AM"
"Ventilation pipe missing","Issue","02ce4a08-0933-4ebc-96c4-6b2398da1ea5",,"5/28/2026 4:43 AM","5/28/2026 4:43 AM"
"Pipes not fitted properly","Issue","02061794-0b77-40c9-ae54-6b8ae136d435",,"5/28/2026 4:43 AM","5/28/2026 4:43 AM"
"Pipes not fitted properly","Issue","6dfd166c-be1d-44f7-b1c3-5c65dde59d00",,"5/28/2026 4:43 AM","5/28/2026 4:43 AM"
"Complaints reported","Issue","a9d51c28-36c4-415c-b8d2-efafd63b84e8",,"5/28/2026 4:43 AM","5/28/2026 4:43 AM"
"Complaints reported","Issue","d3988514-e64e-4be7-a441-1edb42128651",,"5/28/2026 4:43 AM","5/28/2026 4:43 AM"
"Complaints reported","Issue","2bcbf701-a440-42ab-9198-034e9ac0bd06",,"5/28/2026 4:43 AM","5/28/2026 4:43 AM"
"Complaints reported","Issue","b25b554d-f100-4224-8dcc-5e610b899971",,"5/28/2026 4:43 AM","5/28/2026 4:43 AM"
"Complaints reported","Issue","71b9db48-2d90-4a8c-a866-7195942ffeb5",,"5/28/2026 4:43 AM","5/28/2026 4:43 AM"
"Complaints reported","Issue","b2ff4607-ef72-43c0-a1d0-de88b77193bb",,"5/28/2026 4:43 AM","5/28/2026 4:43 AM"
"Complaints reported","Issue","2d300f01-c5a9-48c1-bedc-c7ec3ed4e2cd",,"5/28/2026 4:43 AM","5/28/2026 4:43 AM"
"Complaints reported","Issue","35799a52-faee-4900-a672-5a4c5b8fca0c",,"5/28/2026 4:43 AM","5/28/2026 4:43 AM"
"Pit/tank not built properly","Issue","48cf7197-85b2-4a52-82e3-2c3b98f3ae16",,"5/28/2026 4:43 AM","5/28/2026 4:43 AM"
"Toilet not in regular use","Escalated","a69819fa-2435-4c7a-89fc-3751c616a67e","Due to the risk of an earth slip, the government relocated the beneficiaries to an alternative site, as the original toilet construction location was deemed unsafe subsequent to its completion.","8/24/2026 11:01 AM","5/28/2026 4:43 AM"
"No wellbeing improvement","Escalated","a69819fa-2435-4c7a-89fc-3751c616a67e","Due to the risk of an earth slip, the government relocated the beneficiaries to an alternative site, as the original toilet construction location was deemed unsafe subsequent to its completion.","8/24/2026 11:01 AM","5/28/2026 4:43 AM"
"Complaints reported","Issue","dfe37b04-ba96-49ff-b752-88e1f2c74f47",,"5/28/2026 4:43 AM","5/28/2026 4:43 AM"
"No water access ensured","Issue","9db03406-f33c-44ff-94e4-4dc6b7000dde",,"5/28/2026 4:43 AM","5/28/2026 4:43 AM"
"Not selected by criteria","Issue","c374a1c2-b008-4a73-bb49-9d1c80a84e2c",,"5/28/2026 4:43 AM","5/28/2026 4:43 AM"
"Pit/tank not built properly","Issue","68b549c4-5bc9-40db-983f-cde02ce865c0",,"5/28/2026 4:43 AM","5/28/2026 4:43 AM"
"No signed agreement","Issue","30d1f24c-2c1f-48e5-92ca-1788419a0fbd",,"5/28/2026 4:43 AM","5/28/2026 4:43 AM"
"Pipes not fitted properly","Issue","c84292fb-f82e-4af0-a704-79bb81393aee",,"5/28/2026 4:43 AM","5/28/2026 4:43 AM"
"No water access ensured","Closed","5bdd3397-f43e-4165-8484-cc7891d84474","The beneficiary has successfully secured a water supply from a neighboring source, thereby resolving all previous water-related challenges.","8/24/2026 10:59 AM","5/28/2026 4:43 AM"
"Complaints reported","Issue","9460f9a7-9160-4b92-bc8b-9f672057d979",,"5/28/2026 4:43 AM","5/28/2026 4:43 AM"
"Course irrelevant","Issue","ee73faff-a734-47d3-b5db-c77ea8cb155a",,"5/28/2026 4:43 AM","5/28/2026 4:43 AM"
"No scholarship info","Issue","ee73faff-a734-47d3-b5db-c77ea8cb155a",,"5/28/2026 4:43 AM","5/28/2026 4:43 AM"
"No payment ack","Issue","ee73faff-a734-47d3-b5db-c77ea8cb155a",,"5/28/2026 4:43 AM","5/28/2026 4:43 AM"
"No employment","Issue","ee73faff-a734-47d3-b5db-c77ea8cb155a",,"5/28/2026 4:43 AM","5/28/2026 4:43 AM"
"No skill contribution","Issue","ee73faff-a734-47d3-b5db-c77ea8cb155a",,"5/28/2026 4:43 AM","5/28/2026 4:43 AM"
"No market links","Issue","ee73faff-a734-47d3-b5db-c77ea8cb155a",,"5/28/2026 4:43 AM","5/28/2026 4:43 AM"
"No employment","Issue","4927e019-afdb-41e8-8e8d-9880439136bb",,"5/28/2026 4:43 AM","5/28/2026 4:43 AM"
"No skill contribution","Issue","4927e019-afdb-41e8-8e8d-9880439136bb",,"5/28/2026 4:43 AM","5/28/2026 4:43 AM"
"Funds misused","Issue","6e5029e9-2238-4583-9383-f24abf41a06e",,"5/28/2026 4:43 AM","5/28/2026 4:43 AM"
"No skill contribution","Issue","6e5029e9-2238-4583-9383-f24abf41a06e",,"5/28/2026 4:43 AM","5/28/2026 4:43 AM"
"No market links","Issue","6e5029e9-2238-4583-9383-f24abf41a06e",,"5/28/2026 4:43 AM","5/28/2026 4:43 AM"
"No employment","Issue","50ea5a10-d097-44ca-99d5-5381325e06de",,"5/28/2026 4:44 AM","5/28/2026 4:44 AM"
"No skill contribution","Issue","50ea5a10-d097-44ca-99d5-5381325e06de",,"5/28/2026 4:44 AM","5/28/2026 4:44 AM"
"No market links","Issue","50ea5a10-d097-44ca-99d5-5381325e06de",,"5/28/2026 4:44 AM","5/28/2026 4:44 AM"
"No scholarship disbursed","Issue","8ad65d11-a219-40ba-aeb9-d762aa69a718",,"5/28/2026 4:44 AM","5/28/2026 4:44 AM"
"Funds misused","Issue","8ad65d11-a219-40ba-aeb9-d762aa69a718",,"5/28/2026 4:44 AM","5/28/2026 4:44 AM"
"No market links","Issue","8ad65d11-a219-40ba-aeb9-d762aa69a718",,"5/28/2026 4:44 AM","5/28/2026 4:44 AM"
"Course not completed","Issue","fa08a2c2-c5e9-47d7-a764-f9f8d08ba60d",,"5/28/2026 4:44 AM","5/28/2026 4:44 AM"
"No certificate issued","Issue","fa08a2c2-c5e9-47d7-a764-f9f8d08ba60d",,"5/28/2026 4:44 AM","5/28/2026 4:44 AM"
"No employment","Issue","fa08a2c2-c5e9-47d7-a764-f9f8d08ba60d",,"5/28/2026 4:44 AM","5/28/2026 4:44 AM"
"No skill contribution","Issue","fa08a2c2-c5e9-47d7-a764-f9f8d08ba60d",,"5/28/2026 4:44 AM","5/28/2026 4:44 AM"
"No market links","Issue","fa08a2c2-c5e9-47d7-a764-f9f8d08ba60d",,"5/28/2026 4:44 AM","5/28/2026 4:44 AM"
"Low attendance","Issue","b5078261-c1f1-4d6e-9a2e-16ba739c47b7",,"5/28/2026 4:44 AM","5/28/2026 4:44 AM"
"Low attendance","Issue","256c4bb5-ccb5-43c1-a896-e0672e20dee0",,"5/28/2026 4:44 AM","5/28/2026 4:44 AM"
"Course not completed","Issue","256c4bb5-ccb5-43c1-a896-e0672e20dee0",,"5/28/2026 4:44 AM","5/28/2026 4:44 AM"
"No certificate issued","Issue","256c4bb5-ccb5-43c1-a896-e0672e20dee0",,"5/28/2026 4:44 AM","5/28/2026 4:44 AM"
"Challenges reported","Issue","256c4bb5-ccb5-43c1-a896-e0672e20dee0",,"5/28/2026 4:44 AM","5/28/2026 4:44 AM"
"No financial records","Issue","81e896ae-baff-41fe-972a-c4b61d080ddc",,"5/29/2026 12:13 AM","5/28/2026 4:44 AM"
"No savings","Issue","81e896ae-baff-41fe-972a-c4b61d080ddc",,"5/29/2026 12:14 AM","5/28/2026 4:44 AM"
"No training completed","Issue","18eec476-81a3-4beb-a011-ceda11090757",,"5/28/2026 4:44 AM","5/28/2026 4:44 AM"
"No savings","Issue","18eec476-81a3-4beb-a011-ceda11090757",,"5/28/2026 4:44 AM","5/28/2026 4:44 AM"
"No certification","Issue","46aab0b8-6cc8-46ae-b052-3eefe78daecd",,"5/28/2026 4:44 AM","5/28/2026 4:44 AM"
"No savings","Issue","46aab0b8-6cc8-46ae-b052-3eefe78daecd",,"5/28/2026 4:44 AM","5/28/2026 4:44 AM"
"No savings","Issue","48efccd4-7570-4d0c-b5fc-9403eb28e276",,"5/28/2026 4:44 AM","5/28/2026 4:44 AM"
"No income reinvested","Issue","48efccd4-7570-4d0c-b5fc-9403eb28e276",,"5/28/2026 4:44 AM","5/28/2026 4:44 AM"
"No warranty","Issue","1b7cc193-6296-4028-81c4-887e95832498",,"5/28/2026 4:44 AM","5/28/2026 4:44 AM"
"Youth not using materials","Issue","8c7cfd0d-eb16-4a21-84b9-eaeb38672c65",,"5/28/2026 4:44 AM","5/28/2026 4:44 AM"
"Materials not functional","Issue","6f6a35c0-c531-4c1d-ac01-b55d91b3bc2b",,"5/28/2026 4:44 AM","5/28/2026 4:44 AM"
"No warranty","Issue","6f6a35c0-c531-4c1d-ac01-b55d91b3bc2b",,"5/28/2026 4:44 AM","5/28/2026 4:44 AM"
"No warranty","Issue","de1f5372-58ca-4500-ad53-419ae832ad74",,"5/28/2026 4:44 AM","5/28/2026 4:44 AM"
"No insurance","Issue","de1f5372-58ca-4500-ad53-419ae832ad74",,"5/28/2026 4:44 AM","5/28/2026 4:44 AM"
"Challenges reported","Issue","cf89d495-cb18-48e7-936c-778ce6e03a8a",,"5/28/2026 4:44 AM","5/28/2026 4:44 AM"
"No savings","Issue","de1c47c2-7f34-48e6-a0cb-8949c50feb5c",,"5/28/2026 4:44 AM","5/28/2026 4:44 AM"
"No savings","Issue","1069dc5a-d45e-4b35-a334-982389841e40",,"5/28/2026 4:44 AM","5/28/2026 4:44 AM"
"Challenges reported","Issue","1069dc5a-d45e-4b35-a334-982389841e40",,"5/28/2026 4:44 AM","5/28/2026 4:44 AM"
"No income reinvested","Issue","7a340e92-42c8-4a96-b267-c7f13d3f8a70",,"5/28/2026 4:44 AM","5/28/2026 4:44 AM"
"No training completed","Issue","b41edd7b-5c18-4c74-8ffc-5ccd22625c2e",,"5/28/2026 4:44 AM","5/28/2026 4:44 AM"
"No service links","Issue","b41edd7b-5c18-4c74-8ffc-5ccd22625c2e",,"5/28/2026 4:44 AM","5/28/2026 4:44 AM"
"No certification","Issue","872ff442-849e-4b18-be86-ea8458aaa6fe",,"5/28/2026 4:44 AM","5/28/2026 4:44 AM"
"No contribution","Issue","872ff442-849e-4b18-be86-ea8458aaa6fe",,"5/28/2026 4:44 AM","5/28/2026 4:44 AM"
"No materials delivered","Issue","872ff442-849e-4b18-be86-ea8458aaa6fe",,"5/28/2026 4:44 AM","5/28/2026 4:44 AM"
"No skills applied","Issue","872ff442-849e-4b18-be86-ea8458aaa6fe",,"5/28/2026 4:44 AM","5/28/2026 4:44 AM"
"Challenges reported","Issue","872ff442-849e-4b18-be86-ea8458aaa6fe",,"5/28/2026 4:44 AM","5/28/2026 4:44 AM"
"No training completed","Issue","1ea8d8b8-5685-42c0-a17f-6cd7a4d59edf",,"5/28/2026 4:44 AM","5/28/2026 4:44 AM"
"No contribution","Issue","1ea8d8b8-5685-42c0-a17f-6cd7a4d59edf",,"5/28/2026 4:44 AM","5/28/2026 4:44 AM"
"No days increase","Issue","1ea8d8b8-5685-42c0-a17f-6cd7a4d59edf",,"5/28/2026 4:44 AM","5/28/2026 4:44 AM"
"No training completed","Issue","1e9c17ea-ebec-4504-9b79-c87699d81fa3",,"5/28/2026 4:44 AM","5/28/2026 4:44 AM"
"No contribution","Issue","1e9c17ea-ebec-4504-9b79-c87699d81fa3",,"5/28/2026 4:44 AM","5/28/2026 4:44 AM"
"No training completed","Issue","e25aa9a7-56d6-4e23-bbf3-cc38c81e2643",,"5/28/2026 4:44 AM","5/28/2026 4:44 AM"
"Challenges reported","Issue","e25aa9a7-56d6-4e23-bbf3-cc38c81e2643",,"5/28/2026 4:44 AM","5/28/2026 4:44 AM"
"No contribution","Issue","0f00dc2e-925e-4000-9a46-c383fbda8640",,"5/28/2026 4:44 AM","5/28/2026 4:44 AM"
"Challenges reported","Issue","0f00dc2e-925e-4000-9a46-c383fbda8640",,"5/28/2026 4:44 AM","5/28/2026 4:44 AM"
"No contribution","Issue","833db3ec-6933-48ad-8edc-5a11db63b98a",,"5/28/2026 4:44 AM","5/28/2026 4:44 AM"
"No income reinvested","Issue","833db3ec-6933-48ad-8edc-5a11db63b98a",,"5/28/2026 4:44 AM","5/28/2026 4:44 AM"
"No contribution","Issue","12ddecad-9c02-4116-865a-f582f7f65406",,"5/28/2026 4:44 AM","5/28/2026 4:44 AM"
"No income reinvested","Issue","12ddecad-9c02-4116-865a-f582f7f65406",,"5/28/2026 4:44 AM","5/28/2026 4:44 AM"
"No training completed","Issue","25e2c7f1-4729-4cdd-89b4-79a0599afd31",,"5/28/2026 4:44 AM","5/28/2026 4:44 AM"
"No materials delivered","Issue","25e2c7f1-4729-4cdd-89b4-79a0599afd31",,"5/28/2026 4:44 AM","5/28/2026 4:44 AM"
"No training completed","Issue","d14ecc62-7956-4c53-a9b4-58a386a44473",,"5/28/2026 4:44 AM","5/28/2026 4:44 AM"
"No contribution","Issue","d14ecc62-7956-4c53-a9b4-58a386a44473",,"5/28/2026 4:44 AM","5/28/2026 4:44 AM"
"No materials delivered","Issue","d14ecc62-7956-4c53-a9b4-58a386a44473",,"5/28/2026 4:44 AM","5/28/2026 4:44 AM"
"Materials not functional","Issue","d14ecc62-7956-4c53-a9b4-58a386a44473",,"5/28/2026 4:44 AM","5/28/2026 4:44 AM"
"Materials inappropriate","Issue","d14ecc62-7956-4c53-a9b4-58a386a44473",,"5/28/2026 4:44 AM","5/28/2026 4:44 AM"
"Challenges reported","Issue","d14ecc62-7956-4c53-a9b4-58a386a44473",,"5/28/2026 4:44 AM","5/28/2026 4:44 AM"
"No contribution","Issue","f95cebf7-053d-41c2-b095-4482c3ea0725",,"5/28/2026 4:44 AM","5/28/2026 4:44 AM"
"Challenges reported","Issue","f95cebf7-053d-41c2-b095-4482c3ea0725",,"5/28/2026 4:44 AM","5/28/2026 4:44 AM"
"No training completed","Issue","dd7d3a6c-63da-4c2d-a43a-a8f4f3efdef4",,"5/28/2026 4:44 AM","5/28/2026 4:44 AM"
"No contribution","Issue","dd7d3a6c-63da-4c2d-a43a-a8f4f3efdef4",,"5/28/2026 4:44 AM","5/28/2026 4:44 AM"
"No financial records","Issue","dd7d3a6c-63da-4c2d-a43a-a8f4f3efdef4",,"5/28/2026 4:44 AM","5/28/2026 4:44 AM"
"No training completed","Issue","90c25fe7-ccb0-4ad0-9acc-c1f2d3136a8b",,"5/28/2026 4:44 AM","5/28/2026 4:44 AM"
"No contribution","Issue","90c25fe7-ccb0-4ad0-9acc-c1f2d3136a8b",,"5/28/2026 4:44 AM","5/28/2026 4:44 AM"
"No service links","Issue","90c25fe7-ccb0-4ad0-9acc-c1f2d3136a8b",,"5/28/2026 4:44 AM","5/28/2026 4:44 AM"
"No family support","Issue","90c25fe7-ccb0-4ad0-9acc-c1f2d3136a8b",,"5/28/2026 4:44 AM","5/28/2026 4:44 AM"
"No training completed","Issue","5747918c-261d-4797-942b-18d4af73ede0",,"5/28/2026 4:45 AM","5/28/2026 4:45 AM"
"No contribution","Issue","5747918c-261d-4797-942b-18d4af73ede0",,"5/28/2026 4:44 AM","5/28/2026 4:44 AM"
"No days increase","Issue","5747918c-261d-4797-942b-18d4af73ede0",,"5/28/2026 4:45 AM","5/28/2026 4:45 AM"
"No service links","Issue","5747918c-261d-4797-942b-18d4af73ede0",,"5/28/2026 4:45 AM","5/28/2026 4:45 AM"
"No training completed","Issue","baff53a8-1ab2-4c0d-b792-ca7bbba9fc06",,"5/28/2026 4:45 AM","5/28/2026 4:45 AM"
"No contribution","Issue","baff53a8-1ab2-4c0d-b792-ca7bbba9fc06",,"5/28/2026 4:45 AM","5/28/2026 4:45 AM"
"No income reinvested","Issue","baff53a8-1ab2-4c0d-b792-ca7bbba9fc06",,"5/28/2026 4:45 AM","5/28/2026 4:45 AM"
"No contribution","Issue","d47ca4e0-9751-494a-9310-a49b057a2d7e",,"5/28/2026 4:45 AM","5/28/2026 4:45 AM"
"No service links","Issue","d47ca4e0-9751-494a-9310-a49b057a2d7e",,"5/28/2026 4:45 AM","5/28/2026 4:45 AM"
"Challenges reported","Issue","d47ca4e0-9751-494a-9310-a49b057a2d7e",,"5/28/2026 4:45 AM","5/28/2026 4:45 AM"
"No training completed","Issue","ffe46894-3805-4337-a1ed-c4f4df656027",,"5/28/2026 4:45 AM","5/28/2026 4:45 AM"
"No contribution","Issue","ffe46894-3805-4337-a1ed-c4f4df656027",,"5/28/2026 4:45 AM","5/28/2026 4:45 AM"
"No warranty","Issue","12b55fcc-607e-46f6-87d6-0d5c43d8ef36",,"5/28/2026 4:45 AM","5/28/2026 4:45 AM"
"No service links","Issue","12b55fcc-607e-46f6-87d6-0d5c43d8ef36",,"5/28/2026 4:45 AM","5/28/2026 4:45 AM"
"No training completed","Issue","eaea1581-0c87-4893-8d0c-6ab200670d7a",,"5/28/2026 4:45 AM","5/28/2026 4:45 AM"
"No contribution","Issue","eaea1581-0c87-4893-8d0c-6ab200670d7a",,"5/28/2026 4:45 AM","5/28/2026 4:45 AM"
"No service links","Issue","eaea1581-0c87-4893-8d0c-6ab200670d7a",,"5/28/2026 4:45 AM","5/28/2026 4:45 AM"
"No training completed","Issue","b6515ce5-573d-45c6-8f86-48077dbad7bf",,"5/28/2026 4:45 AM","5/28/2026 4:45 AM"
"No contribution","Issue","b6515ce5-573d-45c6-8f86-48077dbad7bf",,"5/28/2026 4:45 AM","5/28/2026 4:45 AM"
"No training completed","Issue","75abffa8-7bf2-46a4-8be4-e67f34654113",,"5/28/2026 4:45 AM","5/28/2026 4:45 AM"
"No contribution","Issue","75abffa8-7bf2-46a4-8be4-e67f34654113",,"5/28/2026 4:45 AM","5/28/2026 4:45 AM"
"No contribution","Issue","f4c48eb1-8664-4b0f-b968-8e5795698209",,"5/28/2026 4:45 AM","5/28/2026 4:45 AM"
"No training completed","Issue","72a0f677-1187-4af9-addc-0ca1b080e5e0",,"5/28/2026 4:45 AM","5/28/2026 4:45 AM"
"No contribution","Issue","72a0f677-1187-4af9-addc-0ca1b080e5e0",,"5/28/2026 4:45 AM","5/28/2026 4:45 AM"
"No service links","Issue","72a0f677-1187-4af9-addc-0ca1b080e5e0",,"5/28/2026 4:45 AM","5/28/2026 4:45 AM"
"No income reinvested","Issue","72a0f677-1187-4af9-addc-0ca1b080e5e0",,"5/28/2026 4:45 AM","5/28/2026 4:45 AM"
"No savings","Issue","4983fda6-07dc-48a8-9a9b-9075382aa872",,"5/28/2026 4:45 AM","5/28/2026 4:45 AM"
"No training completed","Issue","5c0c7092-3cec-4b55-8771-5c1c09371d4e",,"5/28/2026 4:45 AM","5/28/2026 4:45 AM"
"No training completed","Issue","20a9bc38-26d9-41c3-a5de-612f0d2e1b63",,"5/28/2026 4:45 AM","5/28/2026 4:45 AM"
"Challenges reported","Issue","20a9bc38-26d9-41c3-a5de-612f0d2e1b63",,"5/28/2026 4:45 AM","5/28/2026 4:45 AM"
"No training completed","Issue","3b2c97b3-8f71-4875-bff0-2fb6071b2679",,"5/28/2026 4:45 AM","5/28/2026 4:45 AM"
"Materials not in use","Issue","40f1801e-71bc-464f-b9ea-acc122b19462",,"6/1/2026 10:43 PM","6/1/2026 10:43 PM"
"Challenges or risks observed","Issue","40f1801e-71bc-464f-b9ea-acc122b19462",,"6/1/2026 10:43 PM","6/1/2026 10:43 PM"
"No approved livelihood plan","Issue","993dfbf7-cfee-4616-ba24-b843040b2006",,"6/3/2026 2:38 AM","6/3/2026 2:38 AM"
"Beneficiary contribution not provided","Issue","993dfbf7-cfee-4616-ba24-b843040b2006",,"6/3/2026 2:38 AM","6/3/2026 2:38 AM"
"No record keeping practiced","Issue","993dfbf7-cfee-4616-ba24-b843040b2006",,"6/3/2026 2:38 AM","6/3/2026 2:38 AM"
"Participant turnout below 70%","Issue","e6492bea-e0bc-4401-baea-d28e26bafcaf",,"6/4/2026 10:44 PM","6/4/2026 10:44 PM"
"Construction below standard","Issue","1b6e0e02-7133-436b-b5e7-9dd9305b27fc",,"6/23/2026 12:29 AM","6/23/2026 12:29 AM"
"Plastering/flooring incomplete","Issue","1b6e0e02-7133-436b-b5e7-9dd9305b27fc",,"6/23/2026 12:29 AM","6/23/2026 12:29 AM"
"Complaints reported","Issue","1b6e0e02-7133-436b-b5e7-9dd9305b27fc",,"6/23/2026 12:29 AM","6/23/2026 12:29 AM"
"Complaints reported","Issue","8480faaf-8153-465a-80fc-4e1a0f44284b",,"6/30/2026 9:41 PM","6/30/2026 9:41 PM"
"No approved livelihood plan","Issue","c217ca53-72cb-459f-9c69-ddcc8ef928e7",,"6/30/2026 10:42 PM","6/30/2026 10:42 PM"
"Construction below standard","Issue","0209ed0b-5308-4ace-b1de-5d1856c526c2",,"7/26/2026 11:53 PM","7/26/2026 11:53 PM"
"Not satisfied with support","Issue","0209ed0b-5308-4ace-b1de-5d1856c526c2",,"7/26/2026 11:53 PM","7/26/2026 11:53 PM"
"Complaints reported","Issue","0209ed0b-5308-4ace-b1de-5d1856c526c2",,"7/26/2026 11:53 PM","7/26/2026 11:53 PM"
"Doors/windows not fixed properly","Issue","801fa717-2603-4140-a5c7-79f8ff184ffd",,"7/29/2026 10:43 PM","7/29/2026 10:43 PM"
"Complaints reported","Issue","801fa717-2603-4140-a5c7-79f8ff184ffd",,"7/29/2026 10:43 PM","7/29/2026 10:43 PM"
"Unsafe during rains","Issue","eb45af4c-da2c-4d68-9308-d686e53f1d31",,"7/29/2026 11:06 PM","7/29/2026 11:06 PM"
"Complaints reported","Issue","eb45af4c-da2c-4d68-9308-d686e53f1d31",,"7/29/2026 11:06 PM","7/29/2026 11:06 PM"
"No contribution","Issue","0e2e2b20-e475-419a-ad1b-644138e695bf",,"7/29/2026 11:50 PM","7/29/2026 11:50 PM"
"No contribution","Issue","0e2e2b20-e475-419a-ad1b-644138e695bf",,"7/29/2026 11:50 PM","7/29/2026 11:50 PM"
"Beneficiary contribution not provided","Issue","79873f5c-8c99-48d5-a2b9-d143be0cc451",,"7/30/2026 11:55 PM","7/30/2026 11:55 PM"
"Beneficiary contribution not provided","Issue","44e393f3-0fe0-427d-802b-19291874235b",,"7/30/2026 11:55 PM","7/30/2026 11:55 PM"
"No record keeping practiced","Issue","be5fe09e-0e40-47a5-b205-b29fa14d78df",,"7/30/2026 11:55 PM","7/30/2026 11:55 PM"
"Materials not in use","Issue","44e393f3-0fe0-427d-802b-19291874235b",,"7/30/2026 11:55 PM","7/30/2026 11:55 PM"
"Materials not in use","Issue","79873f5c-8c99-48d5-a2b9-d143be0cc451",,"7/30/2026 11:55 PM","7/30/2026 11:55 PM"
"No savings generated","Issue","be5fe09e-0e40-47a5-b205-b29fa14d78df",,"7/30/2026 11:55 PM","7/30/2026 11:55 PM"
"Working/business days not increased","Issue","44e393f3-0fe0-427d-802b-19291874235b",,"7/30/2026 11:55 PM","7/30/2026 11:55 PM"
"Working/business days not increased","Issue","79873f5c-8c99-48d5-a2b9-d143be0cc451",,"7/30/2026 11:55 PM","7/30/2026 11:55 PM"
"Monthly profit is less than 10000","Issue","be5fe09e-0e40-47a5-b205-b29fa14d78df",,"7/30/2026 11:55 PM","7/30/2026 11:55 PM"
"No record keeping practiced","Issue","44e393f3-0fe0-427d-802b-19291874235b",,"7/30/2026 11:55 PM","7/30/2026 11:55 PM"
"No record keeping practiced","Issue","79873f5c-8c99-48d5-a2b9-d143be0cc451",,"7/30/2026 11:55 PM","7/30/2026 11:55 PM"
"Low motivation/commitment to continue","Issue","79873f5c-8c99-48d5-a2b9-d143be0cc451",,"7/30/2026 11:55 PM","7/30/2026 11:55 PM"
"No savings generated","Issue","44e393f3-0fe0-427d-802b-19291874235b",,"7/30/2026 11:55 PM","7/30/2026 11:55 PM"
"Low motivation/commitment to continue","Issue","44e393f3-0fe0-427d-802b-19291874235b",,"7/30/2026 11:55 PM","7/30/2026 11:55 PM"
"Family wellbeing not improved","Issue","79873f5c-8c99-48d5-a2b9-d143be0cc451",,"7/30/2026 11:55 PM","7/30/2026 11:55 PM"
"Family wellbeing not improved","Issue","44e393f3-0fe0-427d-802b-19291874235b",,"7/30/2026 11:55 PM","7/30/2026 11:55 PM"
"Monthly profit is less than 10000","Issue","44e393f3-0fe0-427d-802b-19291874235b",,"7/30/2026 11:55 PM","7/30/2026 11:55 PM"
"Complaints reported","Issue","2d05c9fe-8408-46b7-823f-9a5f4dbab566",,"7/30/2026 11:55 PM","7/30/2026 11:55 PM"
"No record keeping practiced","Issue","0e1840f4-5076-4ea2-95ef-efd01f455861",,"8/4/2026 1:00 AM","8/4/2026 1:00 AM"
"Family not residing","Issue","75328b17-c4c7-44c0-9cff-6e0d7a929164",,"8/10/2026 11:25 PM","8/10/2026 11:25 PM"
"Not satisfied with support","Issue","75328b17-c4c7-44c0-9cff-6e0d7a929164",,"8/10/2026 11:25 PM","8/10/2026 11:25 PM"
"Complaints reported","Issue","75328b17-c4c7-44c0-9cff-6e0d7a929164",,"8/10/2026 11:25 PM","8/10/2026 11:25 PM"
"No contribution","Issue","7fce31e2-8163-4934-9cef-0a4e0cfcabf4",,"8/12/2026 11:20 PM","8/12/2026 11:20 PM"
"No contribution","Issue","7fce31e2-8163-4934-9cef-0a4e0cfcabf4",,"8/12/2026 11:20 PM","8/12/2026 11:20 PM"
"Materials not in use","Issue","01640d37-7870-48d3-9a25-4c4f8ee9394f",,"8/12/2026 11:23 PM","8/12/2026 11:23 PM"
"Working/business days not increased","Issue","01640d37-7870-48d3-9a25-4c4f8ee9394f",,"8/12/2026 11:23 PM","8/12/2026 11:23 PM"
"Income not increased","Issue","01640d37-7870-48d3-9a25-4c4f8ee9394f",,"8/12/2026 11:23 PM","8/12/2026 11:23 PM"
"No record keeping practiced","Issue","01640d37-7870-48d3-9a25-4c4f8ee9394f",,"8/12/2026 11:23 PM","8/12/2026 11:23 PM"
"No savings generated","Issue","01640d37-7870-48d3-9a25-4c4f8ee9394f",,"8/12/2026 11:23 PM","8/12/2026 11:23 PM"
"Family wellbeing not improved","Issue","01640d37-7870-48d3-9a25-4c4f8ee9394f",,"8/12/2026 11:23 PM","8/12/2026 11:23 PM"
"Complaints reported","Issue","d87d78fa-db36-4d0f-92a0-73a1b66b9011",,"8/20/2026 3:24 AM","8/12/2026 11:28 PM"
"No financial records","Issue","ce151bc8-24d0-4f5a-97f0-dd829a010a0d",,"8/12/2026 11:53 PM","8/12/2026 11:53 PM"
"Monthly profit is less than 10000","Issue","e13cb66a-4f13-4da8-88d0-1590d3debf6b",,"8/16/2026 11:06 PM","8/16/2026 11:06 PM"
"Family not residing","Issue","8ef8c546-bf76-492a-aaf3-cdaef9c7ed36",,"8/16/2026 11:29 PM","8/16/2026 11:29 PM"
"Complaints reported","Issue","7334cdab-8ab1-454c-be94-954a886a213f",,"8/17/2026 10:46 PM","8/17/2026 10:46 PM"
"Complaints reported","Issue","1eb6c54c-7b52-4b58-9f2b-647583fdddea",,"8/18/2026 12:21 AM","8/18/2026 12:21 AM"
"No record keeping practiced","Issue","2b576f9c-5fec-4697-afca-3c262d36de75",,"8/23/2026 10:12 PM","8/23/2026 10:12 PM"
"Contribution not provided","Issue","4a5b6bbb-6eb6-427a-8fe7-e2626646ab79",,"8/23/2026 11:18 PM","8/23/2026 11:18 PM"
"Doors/windows not fixed properly","Issue","4a5b6bbb-6eb6-427a-8fe7-e2626646ab79",,"8/23/2026 11:18 PM","8/23/2026 11:18 PM"
"No record keeping practiced","Issue","1a156f97-a8dc-4852-8751-aa3cb3aacffc",,"8/25/2026 12:04 AM","8/25/2026 12:04 AM"
"No record keeping practiced","Issue","0d649d56-d00c-4e3a-811e-28db4aabba77",,"8/25/2026 12:04 AM","8/25/2026 12:04 AM"
