"RecordID","BeneficiaryName","Intervention","District","DSD","GND","ResponsibleStaff","MEALOfficer","DateOfVisit","BackgroundSituation","GPSCoordinates","AdditionalLoopholeObservation","NameofResponsibleStaff"
"92c350dc-fdae-46c5-8c8e-724913c9d4f9","K. Kandasamy","Construction of toilets","Nuwara Eliya (Plantation)","Thalawakele","Mountwernon","CDC","Selvarani Kanthasamy","5/27/2026","K. Malani is an estate worker, and her husband is a mason. They have two school-going children. The family lacks a proper latrine facility and uses neighbors.","6.961268, 80.6163333","The family lacks a proper latrine facility, and the construction of a new toilet facility in underway.","Uma Kumaraguru"
"4aa292b0-baf1-4ba8-9216-594e7cf1e769","S. Kanthasamy","Construction of toilets","Nuwara Eliya (Plantation)","Thalawakele","Mountwernon","CDC","Selvarani Kanthasamy","5/27/2026","P. Vinoth is a driver, and her wife is a housewife. They have a child. The family lacks a proper latrine facility and uses neighbors.","6.9581793, 80.6233817","The family lacks a proper latrine facility, and construction of a new toilet facility has not started yet.","Uma Kumaraguru"
"3d8c54d1-3974-4e3f-a1f8-cf6f8900d044","Mountwernon Community","Financial support for CSO/Youth club actions","Nuwara Eliya (Plantation)","Thalawakele","Mountwernon","CDC","Selvarani Kanthasamy","5/28/2026","The community has been using a unusable and unsafe footpath. ","6.9582826, 80.6104509","The footpath work is not carried out as per the shedule. Half of the work remains unfinished.","Uma Kumaraguru"
"b499a40d-722f-43fb-8f3f-17308bd0407d","K. Kumaraguru","Construction of toilets","Nuwara Eliya (Plantation)","Thalawakele","Mountwernon","CDC","Selvarani Kanthasamy","5/27/2026","A. Poobalan and his wife both work as estate workers. They have three school-going children. The family lacks a proper latrine facility and uses a damaged facility.","6.9579175, 80.6228913","The family lacks a proper latrine facility, and the new toilet construction has not started yet. ","Uma Kumaraguru"
"7b405d30-9dd0-4c35-a7e4-b90abf9a1b2c","T. Sinnathamby","Construction of toilets","Nuwara Eliya (Plantation)","Thalawakele","Mountwernon","CDC","Selvarani Kanthasamy","5/27/2026","K.Eeswari is an estate worker, and her husband is a mason. They have three children, one of whom is studying others are unemployed. A 81 years old aged grand mother also lives with this family. The family lacks a proper latrine facility and using a damaged toilet.","6.9563397, 80.6232727","The family lacks a proper latrine facility, and the construction has not started yet.","Uma Kumaraguru"
"96eb34d4-3263-42f6-99be-87099ddde574","N. Weerasinghe","Providing assistive devices to PWDs","Anuradhapura","Thirappane","Pairamaduwa","CDC","Upul Bandara","1/16/2026","Rohitha is 45 years old. Not doing any job. In 1998 he was injured and removed the right above knee (gun shot). Earlier he used a prosthetic leg but it was not in usable condition. Receive 10000 pwd allowance from government ","8.2760264, 80.6056753","","Shameem Rizvi"
"d4fafb5f-9327-4b25-8c20-1e478d8e06e4","DRR training programme (Thirappane)","Capacity building training/awareness sessions","Anuradhapura","Manupa","All GNGs","YDC","Upul Bandara","11/12/2025","Currently thirappane DSD doesn't have a DRR forum according to the YDC. This after a proper training from DRR unit it plans to stablish the DRR forum for the DSD with the participated youth ","8.3235706, 80.4086463","More participants than expected ","Sivakumar Balachandran"
"a3f7cf13-96a1-4960-a42e-a1507649ae5e","DRR Training - MaNuPa Yoth","Capacity building training/awareness sessions","Anuradhapura","Manupa","All GNDs","YDC","Upul Bandara","11/13/2025","There is no DRR forum in MaNuPa and this training is focusing to knowledge the youth regarding Disaster and it's risk reduction later build a concrete DRR Forum with the youth ","8.3241429, 80.4086849","","Sivakumar Balachandran"
"a4db0487-0259-4006-85fd-76d145be9181","CSO leaders","Capacity building training/awareness sessions","Anuradhapura","Manupa","All GNDs","CDC","Upul Bandara","2/24/2026","Proposal writing training for CSO leaders in MaNuPa DSD","8.3196303, 80.4108409","","Sivagami Kandasamy"
"2182e3ef-b754-4928-a73c-f5580d94d7ed","Ekamuthu govi Sanvidanaya","Financial support for CSO/Youth club actions","Anuradhapura","Manupa","Maningamuwa","CDC","Upul Bandara","2/9/2026","","8.4280834, 80.292433","","Sivagami Kandasamy"
"3369d421-c00f-4e8d-a5b1-1eb4c6da3a97","Werunthuduwa Govi Sanvidanaya","Financial support for CSO/Youth club actions","Anuradhapura","Manupa","Elayapattuwa","CDC","Upul Bandara","2/20/2026","","8.3978986, 80.3051753","","Sivagami Kandasamy"
"44e27b94-83c7-4ef2-8dd9-0f6247f1d515","Aluthgama Bellankadawala Farmer society","Financial support for CSO/Youth club actions","Anuradhapura","Manupa","Aluthgama","CDC","Upul Bandara","2/20/2026","","8.4688102, 80.3692058","","Sivagami Kandasamy"
"a6661959-bab3-4df4-ab95-fb0747ff36a4","Wanitha Mithuru Hawla Kantha Samithiya","Financial support for CSO/Youth club actions","Kegalle","Bulathkohupitiya","Panapitiya ","CDC","Upul Bandara","5/12/2026","","7.0853893, 80.3070277","","Malini Ranasinghe"
"c7182d19-d87f-4623-9da4-60d30d3b1f6b","Siddamulla Subasadaka Samitiya","Financial support for CSO/Youth club actions","Kegalle","Bulathkohupitiya","Panapitiya","CDC","Upul Bandara","5/13/2026","","7.0888288, 80.3054738","","Malini Ranasinghe"
"a5d4975f-f287-4243-8d56-e48e961a3a49","Eranaduwala eksath awamangalyadara samitiya","Financial support for CSO/Youth club actions","Kegalle","Bulathkohupitiya","Haloluwa","CDC","Upul Bandara","4/22/2026","","7.0953647, 80.2943055","","Malini Ranasinghe"
"1b1a69e1-9928-45b9-81a5-14904a0ced4b","Erabaduwawala eksath maranadara samitiya","Financial support for CSO/Youth club actions","Kegalle","Bulathkohupitiya","Haloluwa","CDC","Upul Bandara","5/14/2026","","7.0966331, 80.2944233","","Malini Ranasinghe"
"8be66985-07a1-499e-9977-f0ced557e87f","Nevismiyar pahala eksath awamangalyadara samitiya","Financial support for CSO/Youth club actions","Kegalle","Bulathkohupitiya","Bulathkohupitiya ","CDC","Upul Bandara","5/14/2026","","7.1100566, 80.3465151","","Malini Ranasinghe"
"2f654767-4634-4eab-a78f-23d7632642ad","Nevismiyar pahala eksath awamangalyadara samitiya","Financial support for CSO/Youth club actions","Kegalle","Bulathkohupitiya","Bulathkohupitiya ","CDC","Upul Bandara","5/14/2026","","7.1086677, 80.3476366","","Malini Ranasinghe"
"58c721aa-080a-4fc5-a1be-416bc645a9b9","Kendawa awamangalyadaara samitiya","Financial support for CSO/Youth club actions","Kegalle","Bulathkohupitiya","Kendawa","CDC","Upul Bandara","5/15/2026","","7.0993604, 80.3527333","","Malini Ranasinghe"
"e3a583ad-9292-4c39-b32d-40b9c7d30ad5","Manupa Farmers","Providing business development services to family-based livelihoods (training, market support, insurance etc.)","Anuradhapura","Manupa","All 5","CDC","Upul Bandara","2/4/2026","The training is about technical training on agriculture. Selected livelihood supported farmers in MaNuPa in 5 GNDs (Aluthgama, Gambirigaswewa, Mahaehetuwewa, Helambagaswewa, Elayapattuwa)","8.3197246, 80.4098768","","Sivagami Kandasamy"
"8317d346-2a59-496a-b178-e8c8c8e4b38c","Anil Kariyawasam","Material support for family-based livelihood development","Anuradhapura","Manupa","Gambirigaswewa ","CDC","Upul Bandara","11/17/2025","Sumith is a laborer (37), Nirmaninis wife (37), son is sasmitha (11), thiwanka is the other son (7). Aswesuma not receives. He is farming and BDS has orivided irrigation system to him","8.4916545, 80.391251","Proposed and got the approval to provide a Drip irrigation system. But provided a sprinkler system instead to drip irrigation system","Sivagami Kandasamy"
"17574944-80c2-4ba9-b7f0-e85c0392e5ab","J. Jayasuriya","Material support for family-based livelihood development","Anuradhapura","Manupa","Gambirigaswewa","CDC","Upul Bandara","11/17/2025","K. Sugathapala (50) is a laborer, farmer and a carpenter. Wife is Sureka (48), Suwera os daughter (13). Aswesuma not receives. Earlier he did not have a Leath machine and a drill, bds provided them","8.4962397, 80.390018","","Sivagami Kandasamy"
"8ff3d2cd-6b0b-4a9d-8ef2-3c366d2252a6","Vimukthi Ekanayake","Material support for family-based livelihood development","Anuradhapura","Thirappane","Pairamaduwa ","CDC","Upul Bandara","11/18/2025","Sandakelum (36) a laborer, Sashikala (29) 1 daughter and 3 sons (daughter 1.5, sons 1.5, 8, 13). Aswesuma 5000 receive. Rearing cattle under mechchal system since 1 year. Has experience in cattle tearing.","8.2747434, 80.6078667","","Shameem Rizvi"
"5f429c6e-4263-4a93-bfca-25f79670d454","Anil Abeywardena","Material support for family-based livelihood development","Anuradhapura","Thirappane","Pairamaduwa ","CDC","Upul Bandara","11/18/2025","Layanal (57) and suffering from asthma so can not work. Indrani is wife and 52 years old. Pinhami is mother in low (70). Imdrani do labour work for livelihood. Since 4 years rearing cattle under mechchal system. Has good experience.","8.2729518, 80.6064707","","Shameem Rizvi"
"a880c5dd-d3ff-4b94-a9c3-30563bb02057","N. de Zoysa","Material support for family-based livelihood development","Anuradhapura","Thirappane","Pairamaduwa ","CDC","Upul Bandara","11/20/2025","Pradeep (40), Nalika is wife (32), 2 daughters (7,12) pradeep working in a hotel. No aswesuma. House is partially constructed with 1 room and living room and temporal kitchen. No previous experience in cattle rearing. ","8.2617668, 80.5879753","","Shameem Rizvi"
"c01729b4-eb85-4568-806a-0c864b81ee35","Champika Karunaratne","Material support for family-based livelihood development","Anuradhapura","Thirappane","Pairamaduwa ","CDC","Upul Bandara","11/20/2025","Buddika (30) Labour work, Iresha (25), Daughter Githmi (6). Wife not doing any job. Receives aswesuma 5000. 1 room house builded by clay and clay bricks. Housing condition is very poor. ","8.2745363, 80.6050164","","Shameem Rizvi"
"e0094042-5fcb-4a54-a7a6-d72fbfbfd8f7","S. Rajapaksha","Material support for family-based livelihood development","Anuradhapura","Thirappane","Pairamaduwa","CDC","Upul Bandara","11/20/2025","Manoj (44), Swarnalatha (42), Son (11) . Manoj is laborer. Aswesuma 10,000 receives. Living in a very small house temporarily constructed single room clay walled house. ","8.2729231, 80.6087283","","Shameem Rizvi"
"b4331d65-46ad-4804-a714-05bf97d262cc","Nihal Gunasekara","Material support for family-based livelihood development","Anuradhapura","Thirappane","Pairamaduwa","CDC","Upul Bandara","11/20/2025","Siriwardhana (34) farming, Udayani (26), Tarusha (son 11), sayuri (Daughter). No aswesuma. Has experience in cattle rearing. Partially completed house with 2 rooms kitchen and living room. Wife is tearing cattle. ","8.2768872, 80.6003184","","Shameem Rizvi"
"c6534922-a492-409e-afc5-88c46e0186f6","Vimukthi Gunawardena","Material support for family-based livelihood development","Anuradhapura","Thirappane","Wannakulama","CDC","Upul Bandara","1/12/2026","Martin singho is 56 years labour. His wife punchimenika 55 years. No any government allowance receives. They jave 18 years old Daughter ","8.2497984, 80.5465344","The floor of the cattle shed seems not adequate ","Shameem Rizvi"
"ef137fd3-8bf2-4ad2-b78a-24948dbaa1ad","G. Abeywardena","Material support for family-based livelihood development","Anuradhapura","Manupa","Wannakulama ","CDC","Upul Bandara","1/12/2026","Piyasena is 41 years old, laborer. His wife is dineshika and she is 30 years old. Chanuka is son and he is 12 years. Daughter is Sahanya 10 years old. Aswesuma 15,000 receives. Lives on a partially constructed house with 2 rooms. Rearing cattles since 4 years under mechchal system","8.2492131, 80.5448859","","Sivagami Kandasamy"
"e13b6ebd-bb77-4810-bf15-7c31c3f7081c","Ranjani Rajapaksha","Material support for family-based livelihood development","Anuradhapura","Thirappane","Wannakulama","CDC","Upul Bandara","1/12/2026","JAYARATHNE is 44 labour, his wife is vidanage and she is 40 years old unemployed. Son is malinda and he is 15 years old. Daughter Sathsarani and 13 years old. No any government allowance receives. Has 1 year cattle rearing experience. ","8.2512224, 80.5470788","","Shameem Rizvi"
"ccd6442b-e8fe-4f43-b0b9-2fc2fcfa0462","A. Herath","Material support for family-based livelihood development","Anuradhapura","Thirappane","Wannakulama ","CDC","Upul Bandara","1/12/2026","Jayaweera 48 years labour, and his wife is Nilmini. She is 48 years old unemployed. Son is krishan 19 years And Kawshalya 19 years old daughter. Lived in a partially constructed house. ASWESUMA 5000 RECEIVES. 4 years cattle rearing experience ","8.2512133, 80.5453047","","Shameem Rizvi"
"8595cecc-b67c-45c0-8371-d5d41da9c95e","Kusum Dissanayake","Material support for family-based livelihood development","Anuradhapura","Thirappane","Wannakulama ","CDC","Upul Bandara","1/12/2026","Roopasinghe is a mason, Niruka she is 40 years unemployed. They have 2 sons (4 years and 13 years) no aswesuma or government allowance receives.","8.2510942, 80.5457643","","Shameem Rizvi"
"f16e1f0f-974d-4adb-8270-a65e96397561","S. Wijesinghe","Material support for family-based livelihood development","Anuradhapura","Thirappane","Wannakulama ","CDC","Upul Bandara","1/12/2026","D. Piyasena is 43 years old farmer. Thilakarathna is his wife she is 53 years. Daughter is Sashini and she is 26 years sin is rumesh 18 years. No any government allowance. 5 years cattle rearing experience. Own 2 cattle.","8.2496259, 80.5444272","The fllor of the cattle shed seems low quality","Shameem Rizvi"
"9d3698e4-08c6-453b-b0f1-7cc150f03b9d","Wasantha Weerasinghe","Material support for family-based livelihood development","Anuradhapura","Thirappane","Wannakulama ","CDC","Upul Bandara","1/12/2026","Sajith Chinthana 35 years labour, dilshi is wife and she is 32 years. Elder son is lositha 16 years, oshitha 12 years son, nethush 7 years son. No any government allowance receives. Lives in a partially constructed house. Has experience in cattle rearing 3 years","8.2492991, 80.5441498","","Shameem Rizvi"
"e1d096b5-861f-4372-b63b-8182e2d70173","K. Paramasivam","Material support for family-based livelihood development","Anuradhapura","Manupa","Kuttikulama","CDC","Upul Bandara","1/13/2026","Ramyakantho is 49 years old widow and doing cattle rearing. Daughter is nilmini and 16 years old schooling. No any government allowance receive. 7 years experience in cattle rearing, there are 7 cattle belongs to bnf","8.2545331, 80.6006402","","Sivagami Kandasamy"
"db872d4c-94fa-47fe-9494-6f04e71602aa","Chinthaka de Zoysa","Material support for family-based livelihood development","Anuradhapura","Thirappane","Kuttikulama","CDC","Upul Bandara","1/13/2026","Suranga is 42 years farmer, Himali is wofe and she is 41, Sadilmi is elder daughter 16 years old, imalsha is younger daughter 13 years old. Wife is working in a garment. Receive 5000 aswesuma allowance. ","8.2533224, 80.6102588","","Shameem Rizvi"
"01a26dab-416f-4dff-95f0-a8a444bbae2d","S. Senanayake","Material support for family-based livelihood development","Anuradhapura","Thirappane","Uttimaduwa ","CDC","Upul Bandara","1/15/2026","C.S.A. Senevirathne is 42 years old laborer and farmer. Rasangika is wife 42 years and working in a garment. No any government allowance receives. Piyumini is daughter 17 years schooling, Vibodha is son 11 years old schooling. Has 1 acre land for cultivation. ","8.2545525, 80.5490998","Beneficiary is not yet fixed the electric fence even after providing 1 month ","Shameem Rizvi"
"3bad20ce-0657-4c80-81e0-f310e030d569","Somasiri Samarasinghe","Material support for family-based livelihood development","Anuradhapura","Thirappane","Wannakulama","CDC","Upul Bandara","1/15/2026","Chanaka is 30 years old laborer and cattle farmer, Nishanthika is wife and she is 31 years, unemployed. Elder aon is thanuka 6 years, chamith is 9 moths kid. No any government allowance receives. 5 years rearing cattle, has 4 own cattle. ","8.2509566, 80.5453478","","Shameem Rizvi"
"6f86fe59-c210-4ce5-80ce-4a90c057b3bd","Wickramasinghe Jayasuriya","Material support for family-based livelihood development","Anuradhapura","Thirappane","Pairamaduwa","CDC","Upul Bandara","1/15/2026","Danushka is 34 years old fisherman and cattle farmer. 1 year experience in cattle rearing. 1 own cattle and 5 cattle under mechchal system. Irosha is 28 years old unemployed. Ananya sewwandi is elder daughter, she is PWD can not walk. Mesadi is daughter 1 yers old. Aswesuma receives 5000, pwd allowance receives 10000","8.2569217, 80.587978","","Shameem Rizvi"
"79ad9e95-ec99-44a4-82a3-3ebf0c9ef443","Jagath Senanayake","Material support for family-based livelihood development","Anuradhapura","Thirappane","Paramaduwa","CDC","Upul Bandara","1/15/2026","Saranga is a widow. She is 35 years old, she is working in a water filter as a laborer. Daughter is Denuwani and she is 14 years old. Aswesuma receives 2,500. Cattle rearing as the 1st time","8.2613743, 80.5995738","","Shameem Rizvi"
"b0be7bf9-e385-4e36-ac0f-41bc7d7cdc8b","Prasad Gunawardena","Material support for family-based livelihood development","Anuradhapura","Thirappane","Puliyankulama","CDC","Upul Bandara","1/19/2026","Manoj is 29 years farmer. His wife is upeksha 23 years unemployed. Hasanya is daughter 2 years old. 2 rooms of small partially constructed house. No any government allowance. 1 acre land cultivating ","8.2768493, 80.6428049","","Shameem Rizvi"
"8b3c2321-3e7e-4039-9eb0-2a2556c9dd1e","N. Kariyawasam","Material support for family-based livelihood development","Anuradhapura","Thirappane","Puliyankulama","CDC","Upul Bandara","1/19/2026","Sirisena is 55 years and farmer. Vinitha is wife and 52 years old unemployed. No any children with them. Cultivating about 1 acre. No any government allowance receives ","8.2785245, 80.6425023","","Shameem Rizvi"
"ae53f787-4228-4d16-b33a-dde7e0c0bcbf","S. Gunasekara","Material support for family-based livelihood development","Anuradhapura","Thirappane","Puliyankulama ","CDC","Upul Bandara","1/19/2026","Isuru is 32 years old farmer. Sudarshani is wife 34 years old and unemployed. Tarusha is son 7 years old. No government allowance.","8.2742267, 80.6360716","","Shameem Rizvi"
"ba654613-f2d8-4ba7-8fda-371adb8a067c","L. Ranasinghe","Material support for family-based livelihood development","Anuradhapura","Thirappane","Kuttikulama","CDC","Upul Bandara","1/19/2026","Mangalika is 58 years and she is farming, sudesh kumara is 32 years pwd. No any government allowance receives.","8.2586403, 80.606388","","Shameem Rizvi"
"479efe88-f3cd-453a-8e78-59900e685647","Chandrakala Sivanathan","Material support for family-based livelihood development","Anuradhapura","Thirappane","Kuttikulama","CDC","Upul Bandara","1/19/2026","Indika is 36 years old farmer, Sawmya is 34 years old unemployed, Windya 14 years, vihangi 6 years. Aswesuma 10,000 receives ","8.2651101, 80.6069472","","Shameem Rizvi"
"5ce3b1ee-cbe2-4ae6-88e9-05e51a9c5603","S. Gunasekara","Material support for family-based livelihood development","Anuradhapura","Manupa","Mahaehetuwewa ","CDC","Upul Bandara","1/21/2026","W.M. Mahesh namal is 32 years old labour, Shamaliis 28 years is cattle rearing. Mathisha is 9 years, Pahanya is 2 years. Aswesuma 5000 receives. 3 years cattle rearing experience.","8.4766592, 80.3042843","","Sivagami Kandasamy"
"fcc0cf43-ab9c-4b73-97de-e6c07a346a3c","C. de Zoysa","Material support for family-based livelihood development","Anuradhapura","Manupa","Mahaehetuwewa ","CDC","Upul Bandara","1/21/2026","Sampath is 41 years old carpenter and a farmer. Wife is nisansala 37 years, Gimhani is 19 years, Sayuri is 12 years old daughter. Mo any government allowance. Carpentry experience since 25 years","8.4868888, 80.3097356","","Sivagami Kandasamy"
"472b78e0-f2df-4739-8d96-e6de99feefe6","Gayan Jayasuriya","Material support for family-based livelihood development","Anuradhapura","Manupa","Mahaehetuwewa ","CDC","Upul Bandara","1/21/2026","Nilantha is 42 years laborer, Sandya is wife and she is 41 years. Apsara is elder daughter 22 years, Bagya is 20 years, Anjana is son 13, Sashi is younger son 11 years. No amy government allowance. Lives in a small house with 3 rooms partially constructed house","8.4787032, 80.3043701","","Sivagami Kandasamy"
"a2e50ab9-8ace-489b-8c08-6632f406d53b","T. Wickramasinghe","Material support for family-based livelihood development","Anuradhapura","Manupa","Mahaehetuwewa ","CDC","Upul Bandara","1/21/2026","Gamini is 45 years old farmer and a labour. Chpika is 39 years old unemployed sufferung from CKD. They have 3 sons. Akila is 16, Pavithra 12 years, Shiranth is 7 years sons. Aswesuma 10, 000 receives. Lives in a small single room partially constructed house.","8.4726866, 80.289064","","Sivagami Kandasamy"
"26795bb3-5422-4e5a-a420-b5c10af679a0","A. Wickramasinghe","Material support for family-based livelihood development","Anuradhapura","Manupa","Maningamuwa ","CDC","Upul Bandara","1/21/2026","Priyantha is 50 years farmer. Wife is geetha she is 45 yers unemployed. Ridmi is 14 years old daughter. No any government allowance receive. Lives in a 2 room house in of a partially constructed ","8.4272231, 80.2924305","","Sivagami Kandasamy"
"c7500ca0-f5d8-4158-9f5c-1600f9c2f5e0","P. Hettiarachchi","Material support for family-based livelihood development","Anuradhapura","Manupa","Gambirigaswewa ","CDC","Upul Bandara","1/26/2026","Saman is 40 years old labour, R. W. Kumari is wife and 30 years and cattle rearing. Cattle rearing since 3 years. Aswesuma 5000 receives. Living in a partially constructed house ","8.4994534, 80.3895007","","Sivagami Kandasamy"
"5d06f818-eb5f-4079-b4ff-d57bdaa75a9e","Nadeesha Dissanayake","Material support for family-based livelihood development","Anuradhapura","Manupa","Gambirigaswewa ","CDC","Upul Bandara","1/26/2026","Sunil is 40 years old, suffering from some mental disorder, wife is priyangani 40 years labour. Rashimi is 11 years old tashini 6 years old; daughters. Wife is doing labour work. Aswesuma 5000 receives. ","8.5003225, 80.3873912","","Sivagami Kandasamy"
"515cc372-b084-470d-8e14-98f95f346c98","Sunil Rajapaksha","Material support for family-based livelihood development","Anuradhapura","Manupa","Gambirigaswewa ","CDC","Upul Bandara","1/26/2026","Proyantha is 46 years old labour, wife is Chaturika 32 years old unemployed. Piyumi is elder daughter 9 vidusha is yonger daughter 7 years. No any government allowance receives. Living in a small house ","8.499112, 80.3866846","","Sivagami Kandasamy"
"91faba06-49fd-4b87-a185-6b0857e3d2b3","N. Silva","Material support for family-based livelihood development","Anuradhapura","Manupa","Gambirigaswewa ","CDC","Upul Bandara","1/26/2026","Roopasinghe is 62 years old farmer, Sunitha is 54 years unemployed, Sujani 19 years.  Not receiving any government allowance. Living in a partially constructed house. Since 2 years cattle rearing ","8.4984641, 80.396145","","Sivagami Kandasamy"
"6bb07a42-477f-4727-a8cf-6f21ee750ef4","Kalaimathi Sivanathan","Material support for family-based livelihood development","Anuradhapura","Manupa","Gambirigaswewa","CDC","Upul Bandara","1/26/2026","Sujatha is 38 years old widow. Ajuwath is son 15 years old, dinidu is younger son 9 years old. Both parents are living with them. Aswesuma 5,000 receives. Cattle rearing since 8 years","8.4983175, 80.3946399","","Sivagami Kandasamy"
"8881fbd5-084e-4a85-b096-ef72514de107","T. Rathnayake","Material support for family-based livelihood development","Anuradhapura","Manupa","Aluthgama","CDC","Upul Bandara","2/5/2026","Kamil is 37 years, Rifka is wife 31 years, rifnas 8 years and wife is pregnant. Kamil is cattle rearing, has 12 cattles. His son is a pwd. Aswesuma 10,000 receives ","8.3193931, 80.4102637","","Sivagami Kandasamy"
"215dc842-8651-4220-beb7-f6d93c4da3b3","M. Vinothan","Material support for family-based livelihood development","Anuradhapura","Manupa","Aluthgama","CDC","Upul Bandara","2/5/2026","Kanthilatha is 48 years old is a widow. Living with 2 Daughters. Elder daughter is sewwandhi 18 years old, sajana is younger daughter is 10 years old. No any government allowance receives. Main income sources is labour work. Both daughters are schooling ","8.3193931, 80.4102637","","Sivagami Kandasamy"
"2b978370-404e-4b4f-aa23-bac832b8ffaf","Somasiri Kariyawasam","Material support for family-based livelihood development","Anuradhapura","Manupa","Aluthgama","CDC","Upul Bandara","2/5/2026","Danushka is 30 years, Nirasha is 25, ayan is 2 years. No any government allowance. Since 1.5 years cultivation experience. Earlier used a neighbour's water pump for cultivation ","8.3193931, 80.4102637","","Sivagami Kandasamy"
"37368a78-f40e-4c49-9a94-bef91d3ce272","Leela Rajapaksha","Material support for family-based livelihood development","Anuradhapura","Manupa","Aluthgama","CDC","Upul Bandara","2/5/2026","Danushka is 28 years old labour and farmer. Bagya is 20 years, Ashendya is 2 years old. No any government allowance receives. Cultivation experience since 4 years. Earlier did not have water pump and used a neighbour's one. Has 0.75 acre upper land for cultivation ","8.3193931, 80.4102637","","Sivagami Kandasamy"
"9998ca15-6c90-46c0-9780-437b5cedd012","Roshan Gunasekara","Material support for family-based livelihood development","Anuradhapura","Manupa","Aluthgama ","CDC","Upul Bandara","2/5/2026","Nilantha is 52 years old farmer and laborer, Nilina is wofe and she is 51 years old. Nilina is unemployed. 1acre land cultivating. No government allowance. Earlier used a neighbour's machine ","8.3193931, 80.4102637","","Sivagami Kandasamy"
"dad503f3-8663-4454-86b7-5630cf7c8d5e","K. Mendis","Material support for family-based livelihood development","Anuradhapura","Manupa","Helambagaswewa","CDC","Upul Bandara","2/5/2026","Chandrasiri is 54 years old labour and dairy farmer. Wife is Mali and she is 48 years old, sithila is 21 years old son dunali is 20 years old daughter. Dananjaya is 17 years old younger son vinodi is youngest daughter 11 years old. No any government allowance receives. Cattle rearing since 10 years.","8.3193931, 80.4102637","","Sivagami Kandasamy"
"dc6c226c-f7ce-470d-804c-e09a52350d3b","Isuru Mendis","Material support for family-based livelihood development","Anuradhapura","Manupa","Elayapattuwa ","CDC","Upul Bandara","2/8/2026","Oshan is 36 years old carpenter. His wife is unemployed and son is 1 years old. They live in a temporal house. BDS supported for giving tools for his carpentry workshop as a LH followup support","8.3848856, 80.3175961","","Sivagami Kandasamy"
"0dfc50bc-505b-4386-af53-3005a7c02ddb","Krishnamoorthy Thambirajah","Material support for family-based livelihood development","Anuradhapura","Manupa","Mahaehetuwewa ","CDC","Upul Bandara","2/8/2026","Lal is 43 years old laborer. His wife is Ranjani, She is 30 years old unemployed, Imandi is 9 years old elder daughter, Kavithmi is younger daughter 1 years old. No any government allowance. Since 3 years rearing cattle. Has 2 own cattles and 3 for mechchal.","8.4908065, 80.3109711","","Sivagami Kandasamy"
"6838f0ac-4fca-4a33-a820-ca30b79ce8db","K. Peiris","Material support for family-based livelihood development","Anuradhapura","Manupa","Mahaehetuwewa","CDC","Upul Bandara","2/8/2026","Swarnalatha is 44 years old widow. She is doing labour work. Her husband has died before 2 years ago. Her mother also living with her. She is D.M. podimenike she is 72 years old. No children. No any government allowance receives.","8.4803625, 80.3093941","","Sivagami Kandasamy"
"f5b883e3-ea76-460f-89a0-c78d25baed0f","N. Dissanayake","Material support for family-based livelihood development","Anuradhapura","Manupa","Gambirigaswewa","CDC","Upul Bandara","2/8/2026","Chandana is 39 years old laborer, wife is Ruwani she is 38 years, Sithara is elder daughter 12 years old, Naduni is younger daughter 8 years old. No any government allowance. Since 2 years rearing cattle","8.500057, 80.3963883","","Sivagami Kandasamy"
"d45d561b-34cd-473f-a3bb-d3e7a2d90196","C. Wijeratne","Material support for family-based livelihood development","Anuradhapura","Manupa","Gambirigaswewa","CDC","Upul Bandara","2/8/2026","Sriya is 42 years old, Chandrasiri is 48 years old laborer. They have 6 childrens. The have 4 daughters and 1 son. Elder daughter (25y) is seperated and living vith this family with her 4 years old daughter. 3 Daughters are schoolig. Sonis working in a shop after his o/ls. No any government allowances. 1.5 year cattle rearing experience.","8.4953933, 80.3992197","","Sivagami Kandasamy"
"193fcd18-02ae-4da2-b47b-11137b50b6c2","C. Weerasinghe","Material support for family-based livelihood development","Anuradhapura","Manupa","Gambirigaswewa","CDC","Upul Bandara","2/8/2026","S","8.490081, 80.3933926","","Sivagami Kandasamy"
"a7348abb-66d8-4bef-a9bd-a527ae14b7ca","B. Kumaraguru","Material support for family-based livelihood development","Anuradhapura","Manupa","Elayapattuwa","CDC","Upul Bandara","2/19/2026","Sarath is 36 is a painter, suraka is wife and she is 32, chamalka is son and 8 years old. Aswesuma 10,000 receives. ","8.4040287, 80.2992887","","Sivagami Kandasamy"
"599fd919-44fc-472f-b4f3-edbfdf502b83","Champika Wijeratne","Material support for family-based livelihood development","Anuradhapura","Manupa","Elayapattuwa","CDC","Upul Bandara","2/19/2026","Nalinda is 34 years old mansion. He is separated. His mother is k.M wanshawatji 71, elder daughter is Kavini she is 13 year, Dahamdi is 9 years old. He is a mansion. BDS provided scaffoldings. Aswesuma 10,000 rwceives","8.4041593, 80.3002633","","Sivagami Kandasamy"
"37ce03e1-dfd6-4d55-be47-7d73313b80ba","Nihal Abeywardena","Material support for family-based livelihood development","Anuradhapura","Thirappane","Puliyankulama ","CDC","Upul Bandara","2/22/2026","Lakshman is 35 years old labour. His wife is Dineshika is 25 year unemployed. Thinuki is daughter she is 4 years old. No any government allowance receives. 5 years experience in cultivation. 1 acre upper land owner. Earlier used a neighbour&#39;s water pump and hose
","8.281522, 80.6423742","","Shameem Rizvi"
"a4cb37ab-928f-447c-b574-16d7fd79086f","W. Wijeratne","Material support for family-based livelihood development","Anuradhapura","Thirappane","Puliyankulama","CDC","Upul Bandara","2/22/2026","Jayantha is 54 years old farmer, Geethanjali is wife 49 years, son is neel 19 years old. No any government allowance receives. ","8.2780938, 80.6452843","","Shameem Rizvi"
"1ebc21f4-a95a-4ed3-a844-87d2009fda1a","I. Wickramasinghe","Material support for family-based livelihood development","Kegalle","Bulathkohupitiya","Newsmier Lower","CDC","Upul Bandara","3/2/2026","Nushanthi is 42 year self employed. Husband is Rathnasiri he is 46 years. Janith is elder son 18 years old, thanuk is 5 years old. Aswesuma 10,000 receives. Lived in a partially constructed house. Earlier used toilet of parents. ","7.1043388, 80.3510158","","Malini Ranasinghe"
"964377bf-f37e-475e-a94b-7994457cdb5b","Dinesh Ekanayake","Material support for family-based livelihood development","Kegalle","Bulathkohupitiya","Bulathkohupitiya ","CDC","Upul Bandara","3/2/2026","Anura is 62 years old farmer. Wife is hemalatha she is 57. Dulanji is 29 years old, Hasini is 22 years old. She is in Colombo university. No any government allowance receives. ","7.1038214, 80.3518391","","Malini Ranasinghe"
"eecc4f3a-885c-4580-be29-1fe4be1e5a8a","K. Mendis","Material support for family-based livelihood development","Kegalle","Bulathkohupitiya","Bulathkohupitiya ","CDC","Upul Bandara","3/2/2026","Yasawathi is 67 years old, w.a asanka is 33 years old. Aswesuma 2500 receives. Living in a partially constructed house. They have about 250 tea plants already planted. ","7.1027337, 80.3509053","","Malini Ranasinghe"
"e1ad7a92-b24a-4477-80a6-8645f898bc67","S. Mendis","Material support for family-based livelihood development","Kegalle","Bulathkohupitiya","Bulathkohupitiya ","CDC","Upul Bandara","3/2/2026","Chaminda is 51 years old laborer. Sunithra is wofe she is 45 years old and she is suffering from some mental illness. They have 2 children. Harshani is 17 years old. Sasidu rukmal is son he is 15 years old. Seelawathi is Chaminda's mother. She also live with them. Aswesuma 17,000 receives.","7.1030151, 80.348039","","Malini Ranasinghe"
"5bd80df3-8c3f-49ed-9681-4866f67da1ad","L. Wickramasinghe","Material support for family-based livelihood development","Kegalle","Bulathkohupitiya","Bulathkohupitiya ","CDC","Upul Bandara","3/2/2026","Kosala is 36 years old, hisband is kamal he is 45 years. Husband works on a shop in colombo. Receives 10,000 aswesuma. There are 2 kids","7.1056328, 80.34964","","Malini Ranasinghe"
"b5ebdeb4-04c4-4ad4-9d2c-517fdf9b433f","V. Kanthasamy","Material support for family-based livelihood development","Kegalle","Bulathkohupitiya","Urumiwala","CDC","Upul Bandara","3/3/2026","Chalindu is 27 years old laborer. Her wife is tathsarani and have a little 1year kid.","7.0732145, 80.3492738","","Malini Ranasinghe"
"43fa6e8d-92f3-45d7-a19b-d320afaed09a","Vasanthi Ganesan","Material support for family-based livelihood development","Kegalle","Bulathkohupitiya","Narangala","CDC","Upul Bandara","3/3/2026","Charuka is 30 years old any self employed. Malki is wife 30 yeara old, Chenul is son and he is 1 yeara old. No any government allowance receives ","7.0669508, 80.3601305","","Malini Ranasinghe"
"910d9326-92d6-41fb-b2b4-c6e18167ee5a","P. Herath","Material support for family-based livelihood development","Kegalle","Bulathkohupitiya","Narangala","CDC","Upul Bandara","3/3/2026","Dilani is 50 years old laborer. Husband is Chandrasena he is 55 years old laborer. Son is iroshan he is 30 years old working in a lorry, thimasha is 13 years old, Sithumini is 11 years old daughters. Aswesuma receives, 17500","7.0669508, 80.3601305","","Malini Ranasinghe"
"08af6069-639f-4f3a-ba35-5f78997d5993","Dinesh Fernando","Material support for family-based livelihood development","Kegalle","Bulathkohupitiya","Urumiwala","CDC","Upul Bandara","3/3/2026","Niroshana is 41 years old single father. He is a mason. He has one child Tharusha he is 13years old. Aswesuma 10,000 receives.","7.0862435, 80.349564","","Malini Ranasinghe"
"0ec306c6-803f-402d-8b2c-1426941ed6ef","S. Rajendran","Material support for family-based livelihood development","Kegalle","Bulathkohupitiya","Urumiwala","CDC","Upul Bandara","3/3/2026","Indra is 58 years old, H.P Wijerathna 69 years old husband, Imasha is daughter she is 23 years old. Aswesuma 10,000 receives. There are 250 big tea plants before BDS support. Has experience in tea cultivation. ","7.086634, 80.3474286","","Malini Ranasinghe"
"7cfc7752-8a25-4ae3-82e8-949d6b4f9132","K. Ekanayake","Material support for family-based livelihood development","Kegalle","Bulathkohupitiya","Dedugala","CDC","Upul Bandara","3/4/2026","Jayaruwan is 42 years old laborer. Padma kumari is wife 36 years, Kenudi is daughter she is 12 years old. Vinul is son and he is 4.5 years. Aswesuma 8500 receives. 1000 tea plants available before BDS support. ","7.0981941, 80.4006259","","Malini Ranasinghe"
"58e906cc-fe1f-4ffb-aaba-a73f0e2407a7","K. Rajapaksha","Material support for family-based livelihood development","Kegalle","Bulathkohupitiya","Haloluwa","CDC","Upul Bandara","3/5/2026","Chitara is a widow. She has 1 daughter. Also her mother is living with them. Currently they are not in their house. Currently live in panapitiya","7.1041275, 80.2905297","","Malini Ranasinghe"
"fd037bff-20e8-429c-b0e7-34d436fbfc71","H. Jayawardhane","Material support for family-based livelihood development","Kegalle","Dehiovita","Kanangama","CDC","Upul Bandara","3/22/2026","Jayanthi is 60 years old laborer in a tea state. Her wife is H.G. pragharathne, he is 75 years old and unemployed. Son is pradeep he is 32 years old mason and suffering from fit. Aswesuma 5000 receives. No previous cultivation experience in tea cultivation ","6.9925322, 80.2750447","","Upul Rajapaksha"
"fa4f9a74-7890-407c-8488-a1bfda62fbed","S. Jayawardhane","Material support for family-based livelihood development","Kegalle","Dehiovita","Kanangama","CDC","Upul Bandara","3/22/2026","Sugandhika is 37 years old, Husband is tharaka 41 years old painting mechanic. 3 childrens. 2 are schooling, 1 is reschooling. Aswesuma 17500 receives. Earlier gone garment.","6.9923802, 80.2819348","","Upul Rajapaksha"
"52a2715e-98ee-4308-80e6-d27582e93422","Kirubakaran Vinothan","Material support for family-based livelihood development","Kegalle","Dehiovita","Kanangama","CDC","Upul Bandara","3/22/2026","Nalaka is 44 years old laborer, Rasika is wife 42 years old and working in a garmemt. There are 3 childrens and all are schoolig. No government allowance receives. Has earliy experience in tea cultivation ","6.9904547, 80.2872966","","Upul Rajapaksha"
"28647fd1-302e-40bc-8b20-e9a2acaf600d","S. Kariyawasam","Material support for family-based livelihood development","Kegalle","Dehiovita","Kanangama","CDC","Upul Bandara","3/22/2026","Chamila is 31 years old, sumeda is husband and he is 34 years old laborer. There are 2 Daughters 1 is schoolig and the younger one is 3 years old. Aswesuma 10,000 receives. Chamila earlier worked in a garment ","6.9962211, 80.2877691","","Upul Rajapaksha"
"bd31c88e-f010-4e5c-b125-924258f99d80","V. Kodithuwakku","Material support for family-based livelihood development","Kegalle","Dehiovita","Kanangama","CDC","Upul Bandara","3/22/2026","Indunil is 47 years old laborer. Nalika is wife and 45 years old, 3 childrens 1 is in university, 1 is waiting for university. Younger son is 16 years and he can not walk. Aswesuma 17500 receives. Has experience in tea and has grown 150 plants.","6.9957623, 80.2874002","","Upul Rajapaksha"
"d8f89a29-c0c1-4397-af23-3146e504b73d","K. Chandrasekaram","Material support for family-based livelihood development","Kegalle","Dehiovita","Kanangama","CDC","Upul Bandara","3/22/2026","Malkanthi is 36 years old unemployed, Wasanthan is husband and he is 40 years old laborer. There are 4 daughters and all 4 are schoolig. Has pervious experience in tea cultivation. Aswesuma 10000 receives ","6.9962632, 80.2866866","","Upul Rajapaksha"
"b2b0076d-d521-44d8-bb43-d621edc7c37d","Vimala Sivanathan","Material support for family-based livelihood development","Anuradhapura","Manupa","Kanangama","CDC","Upul Bandara","3/22/2026","Dilshani is 29 years old. Indunil is husband he is 33 years and a laborer. Dilshani has earlier worked in a garment. No government allowance receives. ","6.9898941, 80.2659972","","Sivagami Kandasamy"
"ac4926f8-3103-4e49-bb65-760b297efe62","M. Jayasuriya","Material support for family-based livelihood development","Kegalle","Dehiovita","Ambalampitiya ","CDC","Upul Bandara","3/23/2026","Rangana is 35 years old labour. Dilini is 34 years old and unemployed. There are 3 children. 2 Daughters and one son. 2 Daughters are schooling and son is 2 years old. Aswesuma 10000 receives and earlier used parents toilet. Living in a small clay walled house. Has experience in tea cultivation ","6.8794469, 80.3018022","","Upul Rajapaksha"
"ea3c3e9a-062c-4be6-a49e-6231b8e007de","N. Kodithuwakku","Material support for family-based livelihood development","Kegalle","Dehiovita","Algoda ","CDC","Upul Bandara","3/24/2026","Tharindu is 32 years old a sweep ticket sailor. His wife is rukshika 31 years old. Live in a dilapidated house. Earlier they have a little experience in tea cultivation. Aswesuma 17500 receive. There are 3 children. 2 Daughters are attending pre school. Son is in grade 6","6.957292, 80.2705081","50 planta has been died","Upul Rajapaksha"
"13080fa0-5409-4ded-a3f2-260b8fdd67a8","B. Perera","Material support for family-based livelihood development","Kegalle","Dehiovita","Boralankada","CDC","Upul Bandara","3/25/2026","Priyanka is 57 years old unemployed. Her mother is 84 years old. Daughter her husband and 3 kids are living with them. Aswesuma 10,000 receives. There is experience in tea cultivation.","6.9655301, 80.3269117","","Upul Rajapaksha"
"58fb129a-ad08-4a7d-8fa8-d64019296a32","P. Dissanayake","Material support for family-based livelihood development","Kegalle","Dehiovita","Boralankada","CDC","Upul Bandara","3/25/2026","Piyarathna is 58 years old, driver. Wife is sila she is 57 years unemployed. There are 2 daughter. 1 daughter is waiting for job and the second one is waiting for A/L results. No any government allwanc. Has past experience in tea cultivation ","6.9664613, 80.3331545","","Upul Rajapaksha"
"1a666428-4bc3-44b9-b603-1b837142d0ed","Suganthi Sivanathan","Material support for family-based livelihood development","Kegalle","Dehiovita","Boralankada","CDC","Upul Bandara","3/25/2026","Vinitha is 54 years old unemployed. Husband is Karunathilaka and he is 60 years old mason. They have 2 Sons, 1 is attending garment and other one is a laborer. Mother is podimenike she also living woth them and she is 74 years old. No aswesuma receives. Has experience in tea cultivation ","6.9722907, 80.3393662","","Upul Rajapaksha"
"29f3cef5-4d3b-477c-9591-e7481789225f","Chathuri Senanayake","Material support for family-based livelihood development","Kegalle","Dehiovita","Boralamkada","CDC","Upul Bandara","3/25/2026","Dinesh is a laborer. His wofe is. They have 2 childrens living in a partially constructed wooden house. Has previous experience in tea cultivation ","6.9730514, 80.3380887","","Upul Rajapaksha"
"a47f94bb-c6b3-497e-947b-34adb7431fc0","Kanagavalli Paramasivam","Material support for family-based livelihood development","Kegalle","Bulathkohupitiya","Boralankada","CDC","Upul Bandara","3/25/2026","Wasantha is aloboar and she is 42 years old. Her husband is gamini and he is a mentally sick person not doing any job. There are 2 sons and both are schooling. No any government allowance receives. Has experience in tea cultivation ","6.9737913, 80.3399925","","Malini Ranasinghe"
"215c568a-ab13-48a0-a8a4-d1eeb9c5d6fb","S. Sivalingam","Material support for family-based livelihood development","Kegalle","Dehiovita","Wegalla","CDC","Upul Bandara","3/26/2026","Nimal is 61 years old, laborer. Wife is sajeewani and she is 51 years old. 1 daughter and 3 sons. Daughter is persuing LLB, all other sons are schooling. No government allowance. Has past experience in tea cultivation.","7.1051165, 80.3046339","","Upul Rajapaksha"
"1e1ddbbd-1944-4748-8b0a-cc707cc6c603","Chaminda Hettiarachchi","Material support for family-based livelihood development","Kegalle","Bulathkohupitiya","Urumiwala","CDC","Upul Bandara","3/26/2026","Ranmali os 32 years old single lady living with her mother. Kusumlatha is 67 years old. They lived in a old house and they have experience in tea cultivation. Noany government allowance receives. Ranmali is working as a youth volunteer for BDS since 2023.","7.0727123, 80.350788","","Malini Ranasinghe"
"3366bab8-67ff-46e4-83c9-5cf2a603c6ff","N. Karunaratne","Material support for family-based livelihood development","Anuradhapura","Manupa","Elayapattuwa ","CDC","Upul Bandara","4/22/2026","Oshan is 34 years old carpenter. His wife is P.M. Iresha Subhani. They have 1 year old son. Living in a temporary constructed house. The housing situation is really bad. They have partially constructed single room house but not completed construction yet. Earlier used an old dilapidated toilet of their parents.","8.3798535, 80.333172","","Sivagami Kandasamy"
"06dcd9a7-17ce-459c-92c6-c52159875ae7","N. Jayasuriya","Material support for family-based livelihood development","Anuradhapura","Thirappane","wannamkulama","CDC","Upul Bandara","5/3/2026","Martin singho is 50 years old, K. Pumchimenika is 50 years. Sanduni is daughter and she is 19 years old. Cattle rearing since 8 years. They have only one cw and not milking yet","8.2488766, 80.5455895","","Shameem Rizvi"
"f2abba9d-3277-49f8-8a63-7a0a64184983","Thilini Abeywardena","Material support for family-based livelihood development","Kegalle","Bulathkohupitiya","Panapitiya","CDC","Upul Bandara","5/11/2026","Cjandana is 45 years old laborer. Wife dilani and 35 years old. Tishani is 14 years old daughter, son is 10 years old. Aswesuma 10000 receives. Has experience in tea cultivation.","7.0851273, 80.3076194","","Malini Ranasinghe"
"16cfee17-4b6e-4775-a707-d5bb361c6af0","L. Dias","Material support for family-based livelihood development","Kegalle","Bulathkohupitiya","Panapitiya","CDC","Upul Bandara","5/12/2026","Priyantha is 44 years old labour. Wife is Anushi and she is 40 years. Elder son is mathisha and je is 16 years old. Himasha is so and 10 years old. Osandi is 7 years old younger daughter. Living in a partially constructed house which has dilapidated roof. Aswesuma 17,500 receives. Housing condition is not safe. Has previous experience in tea cultivation. He already has 350 old tea plants but not harvesting now.","7.0805243, 80.2980814","","Malini Ranasinghe"
"94f3c613-a279-4d8e-be79-60b0cfd6970c","R. Amarasinghe","Material support for family-based livelihood development","Kegalle","Bulathkohupitiya","Urumiwala","CDC","Upul Bandara","5/12/2026","Dammika is 49 years old and unemployed. Husband is H. A. Jaliya and he is 50 years old. There are 2 kids. Samdhi is daughter and 17 years old, Sasindu is son and 9 years old. Aswesuma 17500 receives. Has experience in tea cultivation. There are about 250 previous tea planta. ","7.0784137, 80.3497959","","Malini Ranasinghe"
"f2a28009-225c-4eff-a1b8-6892ce9b4ff6","A. Fernando","Material support for family-based livelihood development","Kegalle","Bulathkohupitiya","Urumowala ","CDC","Upul Bandara","5/12/2026","Gunarathne is 52 years old laborer in a tea factory. His wife is shamali and she is 46 years old unemployed. Eranga is 26 years old son and Diluka is younger son and 14 years old. Aswesuma 10,000 receives. No previous experience in tea cultivation but has sufficient land to cultivate 1000 tea planta","7.0841398, 80.3489528","","Malini Ranasinghe"
"75e1f535-3a2d-4f90-9a8a-58ceb446088a","T. Sivanathan","Material support for family-based livelihood development","Kegalle","Bulathkohupitiya","Urumiwala","CDC","Upul Bandara","5/12/2026","Indra is 68 years old unemployed. Husband is wijerathne and 70 year old laborer  Daughter is imasha and 21 years old. Has experience in tea cultivation. Aswesuma lkr. 10000 receives. Has 200 old tea planta","7.0865728, 80.3477224","","Malini Ranasinghe"
"d4316d94-3ce4-42c5-b5ef-6f47c7f5e56a","P. Dissanayake","Material support for family-based livelihood development","Kegalle","Bulathkohupitiya","Wegalla","CDC","Upul Bandara","5/13/2026","Nomal is 50 years old and a laborer. His son is 15 years old, his wife died before to 12 years ago. Living in a small house. No previous experience in tea cultivation. Seems land is sufficient only for less than 1000 plants ","7.1096664, 80.3143785","","Malini Ranasinghe"
"c60a1bc3-ab60-4a79-a3b2-3ed13a192e03","Kusum Wijesinghe","Material support for family-based livelihood development","Kegalle","Bulathkohupitiya","Bulathkohupitiya","CDC","Upul Bandara","5/13/2026","Hansa is 24 years old labour. Wif is anusjika is 21 years old unemployed. Aswesuma 5000 receives. No previous experience in tea cultivation ","7.1051819, 80.3426114","","Malini Ranasinghe"
"92c76132-41f1-4552-89e3-3b84f084afe8","K. Wijeratne","Material support for family-based livelihood development","Kegalle","Bulathkohupitiya","Bulathkohupitiya ","CDC","Upul Bandara","5/13/2026","Chandrawathi is 58 years old unemployed. Hisband is wilson 62 years old labour. Son is dilip and he is 20 years old, daughter dimansha and she is 21 years old studying. They have prior experience in tea cultivation and they jave 500 old tea bushes. Currently flicking tea from them. There is enough land to cultivate 1000 tea plants","7.1019589, 80.3440613","","Malini Ranasinghe"
"f14c3caf-8422-4aaf-8e1d-ad2309b992d3","C. Samarasinghe","Material support for family-based livelihood development","Kegalle","Bulathkohupitiya","Narangala","CDC","Upul Bandara","5/14/2026","Darmathilaka is 62 years old laborer. earlier he worked in police. Not receving pension yet. No government allowance. Living in a very small house mostly constructed by temporal materials. R. Parmeswari is his wife. They have 2 daughters 6 years and 1 year. Has temporal toilet. Has previous experience in tea cultivation. They have their own 0.25 acre of tea cultivation and harvest 150kg approx per month.","7.0909326, 80.3641858","","Malini Ranasinghe"
"4f8a5acc-24d1-4baa-b154-5be6edadb5e2","A. Mendis","Material support for family-based livelihood development","Anuradhapura","Manupa","Gambirigaswewa ","CDC","Upul Bandara","5/17/2026","Somalatha is 47 years old. Husband is jayarathne is 50 years old laborer. Earlier she had experience in cattle rearing.","8.4886691, 80.3915754","","Sivagami Kandasamy"
"de81dc17-57b9-4581-b9d8-4a41c6731e34","Padiketuwewa, Pubudu Govi sanvidanaya","Livelihood infrastructure development","Anuradhapura","Thirappane","Puliyankulama","CDC","Upul Bandara","11/18/2025","Road length is 1200m. Road used. There are more than 100 acres of cultivating lands. Benefits for over 70 families. Earlier road was totally delapidated, as can not use. ","8.2709147, 80.6441067","","Shameem Rizvi"
"ef9ffc65-fe56-46b8-b6ac-3f811fce2cf5","Eksath Subasadaka Samitiya","Livelihood infrastructure development","Kegalle","Bulathkohupitiya","Meluwakkama","CDC","Upul Bandara","3/3/2026","The road is using by 147 families. Dedugala-Neluwakkana road was highly dilipidated before renovate it. ","7.0962905, 80.398814","","Malini Ranasinghe"
"f073b2f4-fe5c-48a7-9b72-0551f80a2fbf","Neluwakkan Eksath Subasadaka Samitiya","Livelihood infrastructure development","Kegalle","Bulathkohupitiya","Neluwakkana","CDC","Upul Bandara","3/3/2026","main Culvet of Neluwakkana dedugala road. Earlier there was not a culvet and accessing the road was difficult due to that reason.","7.0964274, 80.399055","","Malini Ranasinghe"
"b8a5892b-461d-49b1-bcc6-06bf4acf2452","Neluwakkana eksath subasadaka samithiya","Livelihood infrastructure development","Kegalle","Bulathkohupitiya","Neluwakkana ","CDC","Upul Bandara","3/3/2026","Dedugala neluwakkana road dame renovation. Earlier the dam road was very dilipidated. Was very risky to use. Thus BDS renovated the road which goes above the dam.","7.0963919, 80.4005022","","Malini Ranasinghe"
"db129157-d766-4f4c-8b11-75ac6f213113","Kudumeriya Subasadaka Samithiya","Livelihood infrastructure development","Kegalle","Bulathkohupitiya","Haloluwa","CDC","Upul Bandara","3/5/2026","Kudumeriya villagers and Jayagampura villagers use this road. There are approximately 100 families use this road for their livelihoods, any all the requirements. Earlier this road was highly dilapidated, even vehicle accessing was difficult.","7.1037269, 80.2906891","","Malini Ranasinghe"
"131beff6-d1a4-4b3a-8a24-022bd302b6bc","Minimuthu Kantha Govi Sanvidanaya","Livelihood infrastructure development","Kegalle","Dehiovita","Boralankada","CDC","Upul Bandara","3/25/2026","Delkanuhinna road is a highly dilapidated road. It uses for tea livelihood daily routine. Before to construct the road was very difficult to use even for a motorbike. More than 40 families use this road. ","6.9734262, 80.3383419","","Upul Rajapaksha"
"f12cf2a1-cd47-4aac-8157-d36950fb574b","Eranofuwala eksath awamangalyadara samitiya","Livelihood infrastructure development","Kegalle","Dehiovita","Haloluwa","CDC","Upul Bandara","5/13/2026","The atoms inside your body are constantly being replaced. Most of the atoms you had years ago are gone now","7.0958877, 80.2947414","","Upul Rajapaksha"
"f44381a3-f54f-4cdf-b487-7cb11ff13a5a","Nevismiyar pahala eksath awamangalyadara samitiya","Livelihood infrastructure development","Kegalle","Bulathkohupitiya","Bulathkohupitiya","CDC","Upul Bandara","5/13/2026","CSO has 220 members, there are 35 families use the Awanmada road. This road earlier belongs to pradeshoya sabha but not renovated thos. During the rainy season it is difficult to use this road before BDS support","7.1101579, 80.3501495","","Malini Ranasinghe"
"4acd6eab-4a30-4989-8424-a63057b0a9c3","Kendawa Awamangalyadara Samitiya","Livelihood infrastructure development","Kegalle","Bulathkohupitiya","Kendawa","CDC","Upul Bandara","5/14/2026","Kendawa old school road is used by 40 families. Also tea cultivation is available during the road. Many kids use the road to go to school. Road had 900 feet that is dilapidated. 310 feet is highly dilapidated and BDS supported to renovate that part","7.0998892, 80.3514572","","Malini Ranasinghe"
"aa8b75ca-d2e7-45bc-a6c8-af22ef293342","Udapatha Subasadaka Samitiya","Livelihood infrastructure development","Kegalle","Bulathkohupitiya","Udapatha","CDC","Upul Bandara","5/14/2026","CSO has 280 member families. Liyangolla pasal road use more than 40 families regularly and more than 150 families irregularity. There is 400 feet length that not is renovated. Very difficult to access the road during rainy period.","7.0979231, 80.3752464","","Malini Ranasinghe"
"13047e1b-5872-403f-a976-aaaf708bbfd4","Sanduni Jayawardhane","MenCare","Kegalle","Bulathkohupitiya","Test","CDC","Upul Bandara","5/20/2026","","8.3184141, 80.4102099","","Malini Ranasinghe"
"114cdef8-6f4a-4ed0-a984-edcc7e8ddc65","Sunil Dissanayake","MenCare","Kegalle","Dehiovita","Test","CDC","Upul Bandara","5/20/2026","","8.3197466, 80.4117246","","Upul Rajapaksha"
"81251bd0-6462-45e9-a3de-c4341dbb5f0f","U. Bandara","Construction of new houses","Anuradhapura","Manupa","Gambirigaswewa ","CDC","Upul Bandara","11/17/2025","T. B. Vijithasiri (36) Laborer, Deepika kumari is wife (40), Prameeth Heshan (son, 6), Vinudi shehara (daughter, 3.5). Wife is not doing any job. Aswesuma 5,000 receives. Earlier lived in a partially constructed clay walled house mostly in dilapidated leakey condition.

House construction is now on roofing level ","8.4960407, 80.3871163","","Sivagami Kandasamy"
"5a44d9e5-e6cb-494a-8e62-bd0dfb602ac9","Dilani Peiris","Construction of new houses","Anuradhapura","Manupa","Gambirigaswewa ","CDC","Upul Bandara","11/17/2025","Nalaka is 33 years ild laborer. His wife is 32 years old, their daughter is 5 years old. They receive 5000 of aswesuma allowance. Living in a half broken clay walled house. The house is very risky ","8.4940975, 80.3980228","","Sivagami Kandasamy"
"9bd2f61e-0475-4854-be73-67592c31a844","T. Dissanayake","Renovation of houses","Anuradhapura","Thirappane","Wa","CDC","Upul Bandara","1/12/2026","Lahiru sampath is 26 years, Is a laborer. No aswesuma or any government allowance receives. Dilhani is wife and 30 years old. She is not doing any job. Tarundi is elder daughter and 4 years old, Tharindi is the younger daughter and she is 4 month old. Lives in a partially constructed house, with 2 rooms. No enough income to renovate the house","8.249389, 80.5455775","Not yet construction properly started","Shameem Rizvi"
"ed4f1a1d-3a8b-437b-a4bb-7376a887bf8f","K. Paramasivam","Renovation of houses","Anuradhapura","Thirappane","Kuttikulama ","CDC","Upul Bandara","1/13/2026","Ramyakantho is 49 years old widow and doing cattle rearing. Daughter is nilmini and 16 years old schooling. No any government allowance receive. 7 years experience in cattle rearing, there are 7 cattle belongs to bnf. They had 1 room and living room house with partially completed. Bds supported to complete the house construction ","8.2548118, 80.6010745","No BDS has installed windows to the beneficiary constructed part. Safety risk.","Shameem Rizvi"
"8887de41-7bb6-4c7b-a4ca-e6620c6cda84","N. Herath","Renovation of houses","Anuradhapura","Thirappane","Paoramaduwa","CDC","Upul Bandara","1/13/2026","Nadeeka is 42 years unemployed, Jayantha is husband 42 years laborer. Tuhani is daughter 4 years. Lived in a partially constructed house. Aswesuma 10,000 receives.","8.2620484, 80.5997609","Not fixing the windows of the existed house. Unsafe","Shameem Rizvi"
"7736632e-226c-4439-a240-2252331ea1a2","Somasiri Peiris","Renovation of houses","Anuradhapura","Thirappane","Pairamaduwa","CDC","Upul Bandara","1/13/2026","Danusha is 33 years, wife is Chapa. Danushka is a laborer. Receive 10,000 pwd allowance to his daughter. She can not walk. She is 8 years old and schooling. Chapa is not doing any job. Living in a small house partially constructed with 1 room and 1 living room. ","8.2690577, 80.5980512","","Shameem Rizvi"
"6ab0f28c-814c-436e-b1bb-98af02bbff0d","Chinthaka de Zoysa","Renovation of houses","Anuradhapura","Thirappane","Kuttikulama ","CDC","Upul Bandara","1/13/2026","Suranga is 42 years farmer, Himali is wofe and she is 41, Sadilmi is elder daughter 16 years old, imalsha is younger daughter 13 years old. Wife is working in a garment. Receive 5000 aswesuma allowance. ","8.2543643, 80.610501","","Shameem Rizvi"
"2920fecd-9167-43da-ac3d-af4dc81d767f","S. Karunaratne","Renovation of houses","Anuradhapura","Thirappane","Uttimaduwa","CDC","Upul Bandara","1/15/2026","C.S.A. Senevirathne is 42 years old laborer and farmer. Rasangika is wife 42 years and working in a garment. No any government allowance receives. Piyumini is daughter 17 years schooling, Vibodha is son 11 years old schooling. ","8.2545953, 80.5480067","","Shameem Rizvi"
"6ad0c3b1-96a0-4b85-8334-f5dc3c9a768d","Saman Peiris","Renovation of houses","Anuradhapura","Thirappane","Wannakulama","CDC","Upul Bandara","1/15/2026","Ruwan is 28 years labour, Dilani 30 years, kalana is son 5 years yenuki is daughter 4 years. Aswesuma 10,000 receives. Lived in a partially constructed house earlier","8.2477491, 80.5340003","","Shameem Rizvi"
"748772f8-a644-45c6-855d-34e1ac4b5b4a","P. Wijesinghe","Construction of new houses","Anuradhapura","Manupa","Gambirigaswewa","CDC","Upul Bandara","1/26/2026","Nalaka is 29 years old laborer. Nishadi, 23 and working in a garment. Aswesuma receives 10,000. Living in a neighbour's house. Their previous hours has collapsed last December. Nethuki is 6 years old daughter ","8.4948381, 80.3969583","","Sivagami Kandasamy"
"53b2be51-6fd4-4023-8e5f-2b4647121dc8","Rajaratnam Vinothan","Construction of new houses","Anuradhapura","Manupa","Aluthgama","CDC","Upul Bandara","2/5/2026","Thilak is 36 years old, Sujatha is 20 years old unemployed, elder daughter is hasinika 9 year, nihini ks 1.5 years. Husband is Labour, Aswesuma 5000 receives. Earlier lived in a clay walled house in bad condition ","8.3193931, 80.4102637","","Sivagami Kandasamy"
"86b10bd3-3637-46e9-a701-ad8dc234a665","A. Mendis","Construction of new houses","Anuradhapura","Manupa","Gambirigaswewa","CDC","Upul Bandara","2/19/2026","Somalatha is 47 years old, she is cattle and got rearing. She has 3 children, elder daughter is Kanchana 18 years old, Kavidya is daughter and she is 16 years old, Diluka is younger son 11 years old, husband is A.L. Jayarathne. He is working as a laborer in Colombo. Aswesuma 10,000 receives. Loves in a small clay walled dilapidated house.","8.4881022, 80.3924937","","Sivagami Kandasamy"
"c94a918a-58bd-4e78-bc11-9cb50f7348a6","I. Jayawardhane","Renovation of houses","Anuradhapura","Thirappane","Wegalla","CDC","Upul Bandara","3/2/2026","Nilusha is 46 years old. She is providing sewing services as her livelihood. Son is Chatira he is 13 years old schooling. Receives 10,000 aswesuma allowance ","7.090717, 80.3117513","","Shameem Rizvi"
"e26ae070-49e0-4224-9aa5-076070f0490f","Roshan Senanayake","Renovation of houses","Kegalle","Bulathkohupitiya","Wegalla","CDC","Upul Bandara","3/2/2026","Geethani is 45 years old widow. Her daughter is naduni she is 18 years old schooling. Aswesuma 2500 receives. Earlier lived in a dilapidated house.","7.0935217, 80.3128497","","Malini Ranasinghe"
"6fc68bf9-0a5d-4e82-9f2d-f7dbffb52780","N. Senanayake","Renovation of houses","Kegalle","Bulathkohupitiya","Bulathkohupitiya ","CDC","Upul Bandara","3/2/2026","Dingiriethana is 69 years old. Yehansa is 9 years old grand daughter, Yohan is 6 years old. Aswesuma 17500 receives. Lived in a dilapidated house earlier. ","7.1070095, 80.3445749","","Malini Ranasinghe"
"8ec59e6c-6926-4228-98f3-32208dfe464c","Wasantha Hettiarachchi","Renovation of houses","Anuradhapura","Thirappane","Dedugala","CDC","Upul Bandara","3/4/2026","Namali is 32 years old unemployed, Husband is sameera and he is 33 years old, he is a laborer. Son is pawan he is 11 years old, Daughter is Ittara 5 years old. Aswesuma 17500 receives. Earlier lived in parents home. Earlier they lived in a wooden house.","7.0970821, 80.4011127","","Shameem Rizvi"
"e27ffc42-4a4b-48c2-9587-5a05ecbac294","S. Wickramasinghe","Renovation of houses","Kegalle","Bulathkohupitiya","Neluwakkana","CDC","Upul Bandara","3/4/2026","Anulawathi is 63 years old single mother. She has 2 Daughters, 1 daughter is attending university and the other one is doing a job in gampaha right now. Their house was very delapidated condition before renovate it ","7.1003611, 80.385799","","Malini Ranasinghe"
"50250225-2d37-4789-bcd0-80e94d089ffc","Kaushalya Peiris","Renovation of houses","Kegalle","Bulathkohupitiya","Kendawa","CDC","Upul Bandara","3/4/2026","Nimanthika is 32 years old desperated singleother. Sanuki is 7 years old daughter. Father is Nimalsiri and he is 63 years old, he is suffering from a deies (Ladieu). Mother is A.P. Dayawathi she is 64 years old. Aswesuma 17500 receives. Earlier house was leaking.","7.0945164, 80.3498051","","Malini Ranasinghe"
"ba1a311c-e90f-4d1b-b1c7-cd7ecea564d7","T. Paramasivam","Construction of new houses","Kegalle","Bulathkohupitiya","Haloluwa","CDC","Upul Bandara","3/5/2026","Sanda is 57 years old, E.M. Sisira kumara is husband and he is 61 years old. Dilanka is son he is 32 years old seperated son. Son is working in a garment. Grand daughter is also living with them, her name is nikeshi and 8 years old. Mother is P.A. Nandawathi she is 84 year old and bedded patient. Earlier they lived in a rented house. Aswesuma 17500 receives.","7.0980056, 80.2942912","","Malini Ranasinghe"
"7d2ee4d8-1ab8-469c-9117-a37fe70ab39c","M. de Zoysa","Renovation of houses","Kegalle","Dehiovita","Higuralakanda west","CDC","Upul Bandara","3/23/2026","O Rathnayake is 46 years old laborer. Udeni is his wife and she is 35 years old. There are 2 children. Daughter is rasika and she is 14 years old Son is 12 years old. Aswesuma Lkr. 15,000 receives. They lives in a 2 room dilipidated house. ","6.9228828, 80.2778736","","Upul Rajapaksha"
"d81360bf-7477-4e36-96b0-aa6f5f4abf10","C. Wickramasinghe","Renovation of houses","Kegalle","Dehiovita","Pannila","CDC","Upul Bandara","3/23/2026","Chandara is 65 years old and working in a tea state. Roopasinghe is his and 73 years old. There are 2 grand daughters, ayesha is elder one and 19 years old, Chathumini is 15 years old. Aswesuma LKR. 17500 receives. Earlier lived in a delapidated house.","6.8643356, 80.3081337","","Upul Rajapaksha"
"9a27c4e4-063b-4f3a-937a-3158668463ba","I. Kodithuwakku","Renovation of houses","Kegalle","Dehiovita","Maniyangama","CDC","Upul Bandara","3/24/2026","Jinadasa is 60 years old, vinitha mallika is wife both are unemployed. Kavishka is 16 years old daughter and son is Kavishka. He is 21 years old. He is doing labour work. No any government allowance receives. Vinitha's elder sister is helping them to live. Earlier lived in a dilapidated house. Earlier they did not have a toilet and used a neighbour's toilet ","6.9361053, 80.231543","","Upul Rajapaksha"
"7f1d4ec6-b2cd-4136-95fd-80e2407039e0","Hasini Samarasinghe","Renovation of houses","Kegalle","Dehiovita","Algoda","CDC","Upul Bandara","3/24/2026","Tharindu is 32 years old sweep tickets sailor. Rukshika is 31 years old unemployed. There are 3 children. Son is in grade 6 and 2 Daughters are attending preschool. Aswesuma 17500 receives. Living in a highly dilapidated house.","6.9572244, 80.2727342","","Upul Rajapaksha"
"668ddb73-3336-45f2-83fb-cee188ee4d9b","Anil Ekanayake","Renovation of houses","Kegalle","Dehiovita","Boralankada","CDC","Upul Bandara","3/25/2026","Nanda is 47 years old laborer. Mala is wife and 46 years old. There are 3 kids. All are schooling, all 3 are sons. No government allowance receives. Earlier lived in a dilapidated house.","6.962445, 80.3264477","","Upul Rajapaksha"
"7ce09a44-c76c-45f8-9d1d-1898be18fa7c","Nihal Dias","Construction of new houses","Kegalle","Dehiovita","Boralankada","CDC","Upul Bandara","3/25/2026","Sunil is 53 years old laborer. His wife is Pradeepa and she is 51 years old unemployed. Saini is daughter and she is in grade 2. No government allowance. Earlier lived in a old dilapidated house.","6.9629017, 80.3250583","","Upul Rajapaksha"
"4d49b603-cfe0-42f7-848a-65d71f2d1517","N. Samarasinghe","Renovation of houses","Kegalle","Dehiovita","Boralankada","CDC","Upul Bandara","3/25/2026","Amoma is 41 years old widow and working in a garmemt. There are 2 daughters. Elder one is 20 years old and the younger daughter is 17 years. Gunawathi is Anoma's mother and she also living with them. She is 73 years old. No government allowance receives. Earlier lived in a dilapidated house.","6.9732841, 80.3269342","","Upul Rajapaksha"
"e14ed209-1780-4ff3-9169-636cbf0a997e","S. Sivalingam","Renovation of houses","Kegalle","Dehiovita","Wegalla ","CDC","Upul Bandara","3/26/2026","Nimal is 61 years old. His wife is sajeewani 51 years old. They have 4 childrens 1 Daughter and 3 sons. Sons are schooling and daughter persuing a LLB. No any government allowance. Earlier lived in rented house.","7.1048397, 80.3054316","","Upul Rajapaksha"
"b6b9dc49-6829-40db-84bd-44b705a97b5d","Buddhika Weerasinghe","Renovation of houses","Kegalle","Dehiovita","wegalla","CDC","Upul Bandara","3/26/2026","Upeksha is 40 years old and seperated, son is praneeth and he is 11 years old. Mother is Somawathi and she is 68 years old. Earlier lived in a rented house.","7.1035687, 80.3027995","","Upul Rajapaksha"
"14e4169d-87d9-40f7-8dce-2505b8ca4eba","P. Dissanayake","Renovation of houses","Anuradhapura","Manupa","Elayapattuwa","CDC","Upul Bandara","4/22/2026","Oshan is 34 years old carpenter. His wife is P.M. Iresha Subhani. They have 1 year old son. Living in a temporary constructed house. The housing situation is really bad. They have partially constructed single room house but not completed construction yet. Earlier used an old dilapidated toilet of their parents.","8.3798535, 80.333172","","Sivagami Kandasamy"
"2632c3df-925b-49ca-a368-a11e56a716bf","Vimukthi Gunawardena","Renovation of houses","Anuradhapura","Manupa","Wannamkulama","CDC","Upul Bandara","5/3/2026","Lahiru is 25 years and he is a farmer. Dilahani is 30 years old and unemployed. Has 2 kids elder daughter is 4 years old and younger daughter is 8 months old. Living in a partally constructed house.","8.2494334, 80.5449139","","Sivagami Kandasamy"
"61d2c358-e441-4d2e-8c15-32d112932603","Gayan Kodithuwakku","Renovation of houses","Anuradhapura","Thirappane","Pairamaduwa ","CDC","Upul Bandara","5/3/2026","Pradeep is 40 years old laborer, his waife is Nalika and she is unemployed. There are 2 daughters. Bothe are schooling. Living in a partially constructed house. ","8.2618881, 80.5873174","","Shameem Rizvi"
"e17f6575-36ed-4d3a-bd24-f8b6694a8785","Nadeesha Kodithuwakku","Renovation of houses","Anuradhapura","Thirappane","Pairamaduwa ","CDC","Upul Bandara","5/3/2026","Sujith is 35 years old laborer. His wife is unemployed and 20 years old. There is one  daughter and she is 3 years old. They live in a smal partially constructed house. No government allowance receives ","8.2571339, 80.5866562","","Shameem Rizvi"
"ec38cf07-986f-4fd4-a97e-6fff2488a1de","T. Ranasinghe","Renovation of houses","Anuradhapura","Thirappane","Wannamkulama ","CDC","Upul Bandara","5/5/2026","Shalika is 32 years old unemployed. Nuwan is husband and he is 47 years old farmers. No any government allowance receives. Sahanya is elder daughter 14 years, isali is daughter and she is 2 years old, sithuli is 4 years old. Loves in a small partially constructed house that is unsafe to live ","8.2519184, 80.546674","","Shameem Rizvi"
"4581be46-f2d8-43b6-9841-d827ed040268","D. Peiris","Renovation of houses","Anuradhapura","Thirappane","Pairamaduwa","CDC","Upul Bandara","5/5/2026","R. A Nadeeka is 43 years old and unemployed. Jayantha is 43 years and he is a laborer. They have 4 years old daughter. Aswesuma 10,000 receives. Lived in a unsafe partially constructed house ","8.2621134, 80.6004735","","Shameem Rizvi"
"adf91ef1-2cdb-4c8d-a703-0f9050ba1f74","Wickramasinghe Rathnayake","Renovation of houses","Anuradhapura","Thirappane","Pairamaduwa","CDC","Upul Bandara","5/5/2026","Danushka is 31 years old laborer, Wathsala is his wife and 30 years old and unemployed. Elder daughter is 8 years old and she is a PWD. Sithum is son and he is 5 years old. Aswesjma 10,000 receives. Earlier lived in a partially constructed house.","8.2684321, 80.5982965","","Shameem Rizvi"
"0a96a81f-26e8-4858-937c-dcfc41c23167","T. Arumugam","Renovation of houses","Anuradhapura","Manupa","Puliyankulama","CDC","Upul Bandara","5/5/2026","Abeyrathne is 41 years old laborer. Madhushani is wife and she is 39 years. There are 2 kids, anupama is son and he is 15 years and imalshika is daughter and she is 9 years old. They lived in a partially constructed house. No government allowance receives ","8.2615625, 80.6242574","","Sivagami Kandasamy"
"633fcc74-ac2a-4d03-811b-a9eb850b9065","Nadeesha Silva","Renovation of houses","Anuradhapura","Thirappane","Puliyankulama ","CDC","Upul Bandara","5/5/2026","Rasika is 38 years old farmer. Maheshika is wife and she is 36 years old unemployed. Kaweesha is 16 years old daughter, Uthkarsaha is 8 years old, adth is son and 1 years old. Living in a partially constructed house. Very small and unsafe to live and the size is not sufficient to the family. No government allowance receives ","8.2615625, 80.6242574","","Shameem Rizvi"
"0dfecfb5-03ad-43d2-b8cd-705ca87ca3fd","N. Senanayake","Renovation of houses","Kegalle","Bulathkohupitiya","Wegalla","CDC","Upul Bandara","5/10/2026","Indika is 36 years old laborer. His wife is Shamali Udeshika and she is 34 years old, unemployed. AmashinSaurangi is elder daughter and she is 12 years old, Gohan induwara is son and 7 years old. Aswesuma 10,000 receives. 3 years in current location. Living in a partially constructed house.","7.0951614, 80.3031311","","Malini Ranasinghe"
"35d16ebd-e252-4684-85e4-d9fd84f8e72b","R. Abeywardena","Renovation of houses","Kegalle","Bulathkohupitiya","Kendawa","CDC","Upul Bandara","5/10/2026","Suranjith is a laborer and 43 years old.  Chaturika is wife and she is 37 years old and she is producing ""Bidi"". There are 4 children, kavishka is elder son and he is 19 years, sasangi tarushika is daughter and 17 years old, Dinara is younger daughter and 14 years old, nethmi is youngest daughter and 11 years old. Aswesuma 10,000 receives. Living in a old dilapidated house. Roof is very old and it verg to collapse.","7.0995811, 80.3048738","","Malini Ranasinghe"
"f65a00a6-8450-4edf-b555-6e23bf5e325d","S. Sinnathamby","Renovation of houses","Kegalle","Bulathkohupitiya","Wegalla ","CDC","Upul Bandara","5/10/2026","Malani is 51 years old unemployed. Kusan ashoka is husband and he is 54 years old and he is a mason. Uvidu is son and 8 years old. No any government allowance receives. Living in a single room house. Very unsafe house. 1 part has already been collected.","7.0995811, 80.3048738","","Malini Ranasinghe"
"499ff9fc-b17e-4d83-94e4-71ff2a0be117","L. Dias","Renovation of houses","Kegalle","Bulathkohupitiya","Panapitiya ","CDC","Upul Bandara","5/12/2026","Priyantha is 44 years old labour. Wife is Anushi and she is 40 years. Elder son is mathisha and je is 16 years old. Himasha is so and 10 years old. Osandi is 7 years old younger daughter. Living in a partially constructed house which has dilapidated roof. Aswesuma 17,500 receives. Housing condition is not safe.","7.081875, 80.2989705","","Malini Ranasinghe"
"1c107e2a-1752-449b-a46e-e1eaeab875e0","H. Wijesinghe","Renovation of houses","Kegalle","Bulathkohupitiya","Panapitiya ","CDC","Upul Bandara","5/12/2026","Dayawathi is 45 years old laborer. Her daughter is senuri and she is 9 years old. Aswesuma 17,500 receives. Living in the same house since 2010. House has 1 room and temporary constructed kitchen. Housing condition is very unhealthy and unsafe.","7.0873608, 80.2984785","","Malini Ranasinghe"
"377e2c50-1bea-4aed-963e-b5368ff59206","P. Wickramasinghe","Renovation of houses","Kegalle","Bulathkohupitiya","Udapotha","CDC","Upul Bandara","5/14/2026","Sriyani is 48 years old and doing laborer work. Upali is husband and 53 years old and he is a laborer. Imesh is elder son and 18 years old and pavondu is younger son 12 years old. Aswesuma 8500 receives. Living in a very dilapidated house. Its roof is almost close to collups. The size of the house is sufficient but there is a safety rish. ","7.098756, 80.3703615","","Malini Ranasinghe"
"2b41df79-876a-4ef6-a88b-8669721d0570","A. Mendis","Construction of new houses","Anuradhapura","Manupa","Gambirigaswewa","CDC","Upul Bandara","5/17/2026","Somalatha is 47 years old and unemployed. Jayarathne is husband and 50 years old. There are 2 schooling children. Earlier lived in a partially constructed house.","8.4886691, 80.3915754","","Sivagami Kandasamy"
"caf5182c-3fa9-497e-b909-64b82b9ab6f3","Nadeera Rajapaksha","Construction of new houses","Anuradhapura","Manupa","gambirigaswewa ","CDC","Upul Bandara","5/17/2026","Nalaka is 29 years old laborer. His wife is nishadi, Pregnent and she is working in a garment. Their daughter is nethuki and 7 years old. earlier lived in a small temporal hoise and it was completely collupsed.","8.4963909, 80.3977752","","Sivagami Kandasamy"
"c156f46b-75ab-4d9d-923b-47b876b45115","A/ Mahamankadawala School","Support school infrastructure development","Anuradhapura","Manupa","Mahamankadawala","YDC","Upul Bandara","3/18/2026","Grade 1 and 2 class room were highly dilipidated. Flore was highly broken, and walls were hoghly dilipidated. ","8.3188955, 80.4096514","","Sivakumar Balachandran"
"63e3ad5b-4ced-428d-ae18-2460bfc75148","Mahamankadawala School","Support school infrastructure development","Anuradhapura","Manupa","Mahamankadawala","YDC","Upul Bandara","3/18/2026","Earlier the school main hall was half open. Monkies wer messing the classes. There are 4 classes in the hall","8.373508, 80.2954014","","Sivakumar Balachandran"
"fe7b9d51-234f-4a5e-ba3b-d668e41e445f","N. de Zoysa","Construction of toilets","Anuradhapura","Manupa","Gambirigaswewa ","CDC","Upul Bandara","11/17/2025","U. Nilmini is a single parent, widow. She has 1 daughter in grade 3. Aswesuma allowance not receives and she is a laborer. Earlier she did not have a toilet and used a neighbor's toilet. Now the construction work has just completed and beneficiary is using the toilet...","8.4994578, 80.3869357","","Sivagami Kandasamy"
"a17d594b-679d-4daa-8d9f-973ccb953f34","Anil Abeywardena","Construction of toilets","Anuradhapura","Thirappane","Pairamaduwa ","CDC","Upul Bandara","11/18/2025","Layanal (57), Indrani (52), pinhami is mother in low she is 70. Layanal suffering from asthma, so can not work. Indrani tearing cattle and doing labour work. They have no toilet using neighbour toilet ","8.2720183, 80.6058514","","Shameem Rizvi"
"849c97f7-ff77-4e49-a36f-55ca64158767","Champika Karunaratne","Construction of toilets","Anuradhapura","Manupa","Pairamaduwa ","CDC","Upul Bandara","11/20/2025","Buddika (30) Labour work, Iresha (25), Daughter Githmi (6). Wife not doing any job. Receives aswesuma 5000. 1 room house builded by clay and clay bricks. Housing condition is very poor. ","8.2741573, 80.6035796","","Sivagami Kandasamy"
"071ff634-829e-4916-8a29-1f078af8e7a3","Ranjani Rathnayake","Construction of toilets","Anuradhapura","Thirappane","Pairamaduwa ","CDC","Upul Bandara","11/20/2025","Manoj (44), Swarnalatha (42), Son (11) . Manoj is laborer. Aswesuma 10,000 receives. Living in a very small house temporarily constructed single room clay walled house. Not had own toilet, used a neighbours toilet ","8.273169, 80.6084671","","Shameem Rizvi"
"5ced20e1-6a3c-4249-b5b4-5ec4f3a707d7","Nihal Gunasekara","Construction of toilets","Anuradhapura","Thirappane","Pairamaduwa ","CDC","Upul Bandara","11/20/2025","Siriwardhana (34) farming, Udayani (26), Tarusha (son 11), sayuri (Daughter). No aswesuma. Has experience in cattle rearing. Partially completed house with 2 rooms kitchen and living room. Wife is tearing cattle. Did not have a toilet and used a neighbour's toilet ","8.2756275, 80.6013078","","Shameem Rizvi"
"2df33492-b5ea-4915-a172-be04c6cdf28b","G. Abeywardena","Construction of toilets","Anuradhapura","Thirappane","Wannakulama","CDC","Upul Bandara","1/12/2026","Piyasena is 41 years old, laborer. His wife is dineshika and she is 30 years old. Chanuka is son and he is 12 years. Daughter is Sahanya 10 years old. Aswesuma 15,000 receives. Lives on a partially constructed house with 2 rooms. Rearing cattles since 4 years under mechchal system. Earlier they did not have a toilet and used their parents toilet","8.2500291, 80.5443974","Construction in good quality","Shameem Rizvi"
"02ce4a08-0933-4ebc-96c4-6b2398da1ea5","Arunasalam Sutharshan","Construction of toilets","Anuradhapura","Thirappane","Kuttikulama ","CDC","Upul Bandara","1/13/2026","Nalinda is 38 and labour. Sawbashini is wife and 35 and unemployed. Elder son is shakilka 13, Sneha is daughter 9 yers old. Earlier they did not have a toilet. Living in a small house with 2 rooms.","8.2646406, 80.6079364","","Shameem Rizvi"
"0594275b-5c5a-4221-8829-cc05b591ec6d","Susantha Abeywardena","Construction of toilets","Anuradhapura","Thirappane","Pairamaduwa","CDC","Upul Bandara","1/13/2026","Danusha is 33 years, wife is Chapa. Danushka is a laborer. Receive 10,000 pwd allowance to his daughter. She can not walk. She is 8 years old and schooling. Chapa is not doing any job. Living in a small house partially constructed with 1 room and 1 living room. No proper toilet. So BDS supporting to construct a commod toilet that is useful for their disable daughter ","8.2690577, 80.5980512","","Shameem Rizvi"
"02061794-0b77-40c9-ae54-6b8ae136d435","S. Kariyawasam","Construction of toilets","Anuradhapura","Thirappane","Kuttikulama","CDC","Upul Bandara","1/13/2026","Rukmantha is 33 years laborer. Anusha iswife and she is 24 years not doing any job. Vihangi is daughter 6 years, younger daughter is vidumi 4 months old. Wife not doing any job. Aswesuma 10,000 receives. No toilet earler used neghbours one.","8.2545231, 80.6111041","","Shameem Rizvi"
"6dfd166c-be1d-44f7-b1c3-5c65dde59d00","Wickramasinghe Jayasuriya","Construction of toilets","Anuradhapura","Thirappane","Pairamaduwa","CDC","Upul Bandara","1/15/2026","Danushka is 34 years old fisherman and cattle farmer. 1 year experience in cattle rearing. 1 own cattle and 5 cattle under mechchal system. Irosha is 28 years old unemployed. Ananya sewwandi is elder daughter, she is PWD can not walk. Mesadi is daughter 1 yers old. Aswesuma receives 5000, pwd allowance receives 10000","8.2560516, 80.5872274","Toilet pipe not properly fixed","Shameem Rizvi"
"4332c027-9363-4e13-8cf0-213558948501","A. Wijeratne","Construction of toilets","Anuradhapura","Thirappane","Pairamaduwa ","CDC","Upul Bandara","1/15/2026","Layanal is 58 years old not doing any job. S indrani is wife 54 years old doing labour work and cattle rearing. ","8.273768, 80.6063921","","Shameem Rizvi"
"fab449ca-4142-4d33-951c-9775bd65a86b","Champika Karunaratne","Construction of toilets","Anuradhapura","Thirappane","Pairamaduwa ","CDC","Upul Bandara","1/15/2026","Buddika is 30 years old laborer. His wife is Iresha 25 years old unemployed. Githmi is the daughter 6 years old. No any government allowance receives. Living in a clay walled house, earlier used parents toilet ","8.2740286, 80.6054629","","Shameem Rizvi"
"a9d51c28-36c4-415c-b8d2-efafd63b84e8","Muthuselvi Balachandran","Construction of toilets","Anuradhapura","Thirappane","Puliyankulama ","CDC","Upul Bandara","1/19/2026","Nihal 41 years farmer and labour. Madhushani is wife 38 years suffering from asthma. Anupama is son 13 years. Imalsoka is daughter 9 years. No any government allowance receives. Lives on a 2 room partially constructed house.","8.2607105, 80.6241656","There is no toilet door lock","Shameem Rizvi"
"d3988514-e64e-4be7-a441-1edb42128651","Velautham Jeganathan","Construction of toilets","Anuradhapura","Thirappane","Puliyankulama","CDC","Upul Bandara","1/19/2026","Saman kumara is separated and 39 years old labour. His daughter is 12 years living in a small single room house. Mo government allowance receives ","8.2652383, 80.6228571","No toilet door lock ","Shameem Rizvi"
"9c677a87-3fc8-49b5-be47-a80af08df765","K. Sivakumar","Construction of toilets","Anuradhapura","Thirappane","Pairamaduwa","CDC","Upul Bandara","1/19/2026","Priyantha is 38 years old farmer. Iresha is wife 39 years, unemployed. Dasun is son 14 years old, yasiru 8 years son, Chamid is 4 years old. Aswesuma 5000 receives.","8.2701022, 80.5976448","","Shameem Rizvi"
"8ae3d20e-51e3-40c6-8270-ec0edd669cf7","Dilani Rathnayake","Construction of toilets","Anuradhapura","Manupa","Mahaehetuwewa ","CDC","Upul Bandara","1/21/2026","Ishara is 37 years old, she is rearing cattle. Her husband is a laborer 41 years old. They jave 3 sons. Living in a 2 room house partially constructed. Receives aswesuma 5000 allowance","8.4572543, 80.308607","","Sivagami Kandasamy"
"0e779a78-3283-46c4-bc66-a372f8f8a779","Nihal Fernando","Construction of toilets","Anuradhapura","Manupa","Gambirigaswewa ","CDC","Upul Bandara","1/26/2026","Sunil is 40 years old, suffering from some mental disorder, wife is priyangani 40 years labour. Rashimi is 11 years old tashini 6 years old; daughters. Wife is doing labour work. Aswesuma 5000 receives. ","8.5008277, 80.3868246","","Sivagami Kandasamy"
"c3b4ceae-94c1-48fe-9e2c-412df88a52a6","Prasad Ranasinghe","Construction of toilets","Anuradhapura","Thirappane","Wannamkulama","CDC","Upul Bandara","2/22/2026","Amila is 42 years old labour. His wife is niluka and she is 40 years old unemployed. Kavinda is 19 years old son, ravidu is 16 years old son, isuni sanjana is daughter 10 years old, vibusha is 8 years old son. No government allowance. The current toilet is dilapidated and using a neighbour's toilet","8.2482891, 80.535443","","Shameem Rizvi"
"ac70ee43-3683-4a27-b48a-51b730eedad2","A. Gunasekara","Construction of toilets","Kegalle","Bulathkohupitiya","Newsmier Lower","CDC","Upul Bandara","3/2/2026","Nushanthi is 42 year self employed. Husband is Rathnasiri he is 46 years. Janith is elder son 18 years old, thanuk is 5 years old. Aswesuma 10,000 receives. Lived in a partially constructed house. Earlier used toilet of parents ","7.1023651, 80.3513246","","Malini Ranasinghe"
"28cc61ea-eac8-415e-ac59-b84e125ed51a","S. Weerasinghe","Construction of toilets","Kegalle","Bulathkohupitiya","Bulathkohupitiya ","CDC","Upul Bandara","3/2/2026","Rasika is 38 years old, Kumara is husband and he is 42 years old. Imesh is 18 years old, nimesh is 13 years old chanuth is 5 years old sons. Aswesuma 10,000 receives. No toilet. Currently using a temporal toilet","7.1102773, 80.3472949","","Malini Ranasinghe"
"9edcac0c-7552-4d30-b6a7-84b4b18a20ee","D. Kodithuwakku","Construction of toilets","Kegalle","Bulathkohupitiya","Bulathkohupitiya ","CDC","Upul Bandara","3/3/2026","Dayani is 43 years old. Kasun 22, Piyuni 22, Hasen 11 are children. Living in a small house. Earlier used parents toilet. Aswesuma 10,000 receives.","7.1036552, 80.3389336","","Malini Ranasinghe"
"aaa2294c-fdb9-443d-911b-441ca4208ae7","S. Somasundaram","Construction of toilets","Kegalle","Bulathkohupitiya","Urumiwala","CDC","Upul Bandara","3/3/2026","Chalimdu is 27 years old laborer, Tathsarani is 24, Yashen 1.5 years son. Earlier tgey did not have a toilet. Used a neighbors toilet. Aswesuma 5,000 receives. Living in a wooden house","7.0743169, 80.3498007","","Malini Ranasinghe"
"5540b61a-89a1-4160-8062-9c35aafab4e8","R. Rajapaksha","Construction of toilets","Kegalle","Bulathkohupitiya","Narangala","CDC","Upul Bandara","3/3/2026","Dewasadam is 34 years old laborer. His wife is D.M. keshala is 31 years old unemployed. Manudi is 13 years old daughter, Manuda is 9 years old son, Manuka is  8 years old son. Aswesuma 17,500 receives. Earlier used parents toilet.","7.0732145, 80.3492738","","Malini Ranasinghe"
"a69819fa-2435-4c7a-89fc-3751c616a67e","Sunil Kariyawasam","Construction of toilets","Kegalle","Bulathkohupitiya","Dedugala","CDC","Upul Bandara","3/4/2026","Jenita is a single mother with 2 children. Earlier they did not have a toilet. Used a neighbour's toilet ","7.095294, 80.410342","","Malini Ranasinghe"
"08e466d6-c4e9-49fe-a4db-d9c21bb5be1e","Sivagami Kanapathippillai","Construction of toilets","Kegalle","Bulathkohupitiya","Udapotha","CDC","Upul Bandara","3/4/2026","Buddika Chandra kumara is 32 years old labour. Nisansal is wife and she is 31 years old unemployed. Chanchala is daughter 11 years old, tishara is 7 years old daughter, Himansa is younger daughter and she is 4 years old. Aswesuma 17500 receives. Earlier used a neighbour's toilet.","7.1033201, 80.3705451","","Malini Ranasinghe"
"29afc9b8-b37b-4a3e-ad20-d5aa2ee9310b","U. Dias","Construction of toilets","Kegalle","Bulathkohupitiya","Udapotha","CDC","Upul Bandara","3/4/2026","R.P. wimalawathi is 76 years, Grand son Kavindu is 21 years old laborer. Susitha is another grand son 18 years old. Aswesuma 17500 receives and receivs elderly allowance 5,000. No any other income way. Earlier used a dilapidated toilet ","7.1044472, 80.3624198","","Malini Ranasinghe"
"d2fa13a9-e241-49ff-aaf0-33095e6c8392","Kumaraswamy Somasundaram","Construction of toilets","Kegalle","Bulathkohupitiya","Kendawa","CDC","Upul Bandara","3/4/2026","Nilusha is 35 years old, E.D. Padmawathi is mother and she is 65 years old and she is paralyzed. Indu is elder daughter she is 18 years old, Sara is the youngest daughter she is 15 years old. Aswesuma 17,500 receives. Earlier they did not have a toilet. Younger daughter can not walk.","7.0929677, 80.356184","","Malini Ranasinghe"
"ff82920d-907f-4667-9f3c-5d4f55fe6b7a","C. Dissanayake","Construction of toilets","Anuradhapura","Manupa","Gambirigaswewa ","CDC","Upul Bandara","3/16/2026","Jayaranjani is 33 years old. Nishantha is husband 35 years old. Husband is a farmer. Has 5 children. 3 are schooling 1 is attending pre school youngest son is 1.5 years. Earlier used a neighbour's toilet. Aswesuma 10,000 receives ","8.3125089, 80.4709532","","Sivagami Kandasamy"
"9ae4552e-a448-44bc-975e-f4d9365cfd4e","Kamal Amarasinghe","Construction of toilets","Kegalle","Dehiovita","Kanangama","CDC","Upul Bandara","3/22/2026","Sanda is 45 years old unemployed. Her husband is Rukman. He is 46 years old and working in a garment. Tere are 2 daughters. Elder daughter is persuing a hotel course and younger daughter is pre schooling. They receives aswesuma 5,000. Earlier used a old dilapidated toilet. Jepin is mother of Sandaya and sje also living with them. She is 73 years old.","6.9925322, 80.2750447","","Upul Rajapaksha"
"3dddf69d-af67-4ddf-bf74-d5415ed1d715","C. Wijesinghe","Construction of toilets","Kegalle","Dehiovita","Kanangama","CDC","Upul Bandara","3/22/2026","Indunil is 47 years old laborer. Nalika is wife and 45 years old, 3 childrens 1 is in university, 1 is waiting for university. Younger son is 16 years and he can not walk. Aswesuma 17500 receives. Has experience in tea and has grown 150 plants. PWD kid can not walk to available toilet.","6.9957623, 80.2874002","","Upul Rajapaksha"
"6c80e4e7-2cb6-4270-b260-181378f46c91","P. Amarasinghe","Construction of toilets","Kegalle","Dehiovita","Higuralakanda west ","CDC","Upul Bandara","3/23/2026","Thilakarathne is 43 years old laborer, Kusuma is wife and 42 years old. Daughter and her husband also living with them. Earlier they used a common toilet and it was a delapidated one.","6.9238498, 80.277145","","Upul Rajapaksha"
"a8b2afe3-c655-43aa-89c0-6406d9f934c0","Nimal Wijeratne","Construction of toilets","Kegalle","Dehiovita","Higuralakanda west ","CDC","Upul Bandara","3/23/2026","Chaturanga is 25 years old laborer. Udayangani is 24 years old unemployed. Dahamya is 4 years old. Earlier had a temporary toilet. Aswesuma 17500 receives ","6.9158552, 80.2821613","","Upul Rajapaksha"
"cdeb7d4b-676b-48b6-9bda-67c98fc4272e","Thilini Amarasinghe","Construction of toilets","Kegalle","Dehiovita","Ambalampitiya ","CDC","Upul Bandara","3/23/2026","Rangana is 35 years old labour. Dilini is 34 years old and unemployed. There are 3 children. 2 Daughters and one son. 2 Daughters are schooling and son is 2 years old. Aswesuma 10000 receives and earlier used parents toilet. Living in a small clay walled house.","6.8806004, 80.3011998","","Upul Rajapaksha"
"b560d35e-29e5-4c84-bddf-248523c8253c","Nandana Gunawardena","Construction of toilets","Kegalle","Dehiovita","Ambalampitiya","CDC","Upul Bandara","3/23/2026","Janaka is working in a garment. He is 38 years old. Piyumika is wife and 29 years. There are 2 Daughters and 1 son. 1 son and a daughter is schooling. Othe daughter is 2 years old. No government allowance ","6.8797033, 80.3018548","","Upul Rajapaksha"
"e905a0cd-c91a-479c-8578-eeac6bad22c6","Nihal Bandara","Construction of toilets","Kegalle","Dehiovita","Imbulpitiya","CDC","Upul Bandara","3/23/2026","Susila is a single mother. She has a daughter and a son. Son is working in a tea factory daughter is staying at home. Has aswesuma 5000. Living in a partially constructed house. Susila doing labour work in tea estates. They earlier used a dilapidated toilet that is unsafe to use.","6.877034, 80.3373223","","Upul Rajapaksha"
"9b1eb68c-8082-401f-8aa7-664d6343b54c","I. Kodithuwakku","Construction of toilets","Kegalle","Dehiovita","Maniyangama ","CDC","Upul Bandara","3/24/2026","Jinadasa is 60 years old, vinitha mallika is wife both are unemployed. Kavishka is 16 years old daughter and son is Kavishka. He is 21 years old. He is doing labour work. No any government allowance receives. Vinitha's elder sister is helping them to live. Earlier lived in a dilapidated house. Earlier they did not have a toilet and used a neighbour's toilet ","6.93398, 80.2312424","","Upul Rajapaksha"
"68b549c4-5bc9-40db-983f-cde02ce865c0","M. Peiris","Construction of toilets","Kegalle","Dehiovita","Pannila","CDC","Upul Bandara","3/24/2026","Deepika is 35 years old unemployed. Husband is Ruwan sanjeew and he is 40 years old laborer. There is a son and a daughter.both are schooling. No government allowance. Earlier used parents toilet ","6.8650602, 80.3132622","","Upul Rajapaksha"
"bf10c1f5-8db5-4362-8ede-5639a4e5f8e4","K. Ranasinghe","Construction of toilets","Kegalle","Dehiovita","Pannila","CDC","Upul Bandara","3/24/2026","P.L. Leelawathi is 70 years old, H.D thushara is son he is 45 years old laborer. Hos wife is inoka and she is 28 years old unemployed. They have 3 children. Both sons are schooling younger daughter is 5 years old disable kid. Aswesuma 7,000 receives. Earlier used toilet is a dilipidated one.","6.8739085, 80.3201818","Construction Not yet started. Approval obtained before 3 months ago ","Upul Rajapaksha"
"243fe9a4-90d2-4c8f-9ca7-ed1a73c90cb2","Nadeesha Rathnayake","Construction of toilets","Kegalle","Dehiovita","Pannila","CDC","Upul Bandara","3/24/2026","Sumudu is 37 years old laborer, Sagarika is wife and she is 36 years old unemployed. There are 2 kids, daughter and son. Both are schooling. No government allowance receives. Earlier used toilet was a highly dilapidated one ","6.874462, 80.3165074","","Upul Rajapaksha"
"d179d592-a170-484e-b33e-f163ede82471","Buddhika Weerasinghe","Construction of toilets","Kegalle","Dehiovita","Wegalla","CDC","Upul Bandara","3/26/2026","Upeksha is 40 years old and seperated, son is praneeth and he is 11 years old. Mother is Somawathi and she is 68 years old. Earlier lived in a rented house.","7.1030993, 80.3032597","","Upul Rajapaksha"
"adc5f765-0bbe-48e3-92b9-0bafdf03d84e","Kasun Wijeratne","Construction of toilets","Kegalle","Bulathkohupitiya","Urumiwala","CDC","Upul Bandara","3/26/2026","Ranmali is 32 years old single lady. Her mother is D.P. Kusumlatha and she is 67 years old. They live in a old house. They do not receive any government allowance and ranmali os working as a youth volunteer for BDS since 2023. Their old toilet it broken and not in a usable condition ","7.0722142, 80.3501375","","Malini Ranasinghe"
"1914d0b6-7f85-450a-8a64-8367dd42eb3d","R. Amarasinghe","Construction of toilets","Kegalle","Bulathkohupitiya","Urumiwala","CDC","Upul Bandara","3/26/2026","Dammika is 49 years old unemployed. Husband is H.A. Jaliya and working as a laborer. Son and daughter are schooling. Mother is H.A. Karunawathi she is 78 and father is piyadasa he is 80 years old. Both are living with tgem. Their earlier toilet is a dilapidated one. Aswesuma 5000 receives.","7.0755184, 80.3471991","","Malini Ranasinghe"
"80e3ea78-be5d-418b-956a-448d5f23d0d3","C. Samarasinghe","Construction of toilets","Kegalle","Bulathkohupitiya","Urumiwala","CDC","Upul Bandara","3/26/2026","Maheshika is 27 years old unemployed. Husband is Sumith and he is 35 years old laborer. There are 2 childrens. Son is in grade 2 and daughter is 3 years old. Aswesuma lkr. 17500 receivs. Earlier used parents toilet. Living in a wooden house.","7.0785933, 80.348281","","Malini Ranasinghe"
"cb930a52-c1bf-4794-bced-87203f51aa19","Gayan Perera","Construction of toilets","Anuradhapura","Manupa","Elayapattuwa ","CDC","Upul Bandara","4/22/2026","Oshan is 34 years old carpenter. His wife is P.M. Iresha Subhani. They have 1 year old son. Living in a temporary constructed house. The housing situation is really bad. They have partially constructed single room house but not completed construction yet. Earlier used an old dilapidated toilet of their parents.","8.3798535, 80.333172","","Sivagami Kandasamy"
"c84292fb-f82e-4af0-a704-79bb81393aee","Wickramasinghe Jayasuriya","Construction of toilets","Anuradhapura","Thirappane","Pairamaduwa","CDC","Upul Bandara","5/3/2026","Danushka is 30 years old laborer, Irosha is 26 years old. They 2 daughters. Elder daughter is a PWD, Can not walk. Earlier they did not have a toilet and BDS supported to construct a commod toilet","8.2571339, 80.5866562","","Shameem Rizvi"
"51084e44-5658-45ed-8a9f-19d48779a65f","Buddhika Wickramasinghe","Construction of toilets","Anuradhapura","Manupa","Pairamaduwa","CDC","Upul Bandara","5/5/2026","Danushka is 31 years old laborer, Wathsala is his wife and 30 years old and unemployed. Elder daughter is 8 years old and she is a PWD. Sithum is son and he is 5 years old. Aswesjma 10,000 receives. Earlier lived in a partially constructed house. Earlier used parents toilet ","8.2686098, 80.5967142","","Sivagami Kandasamy"
"387e54e2-5052-4126-825d-af6da90d4bed","S. Chandrasekaram","Construction of toilets","Kegalle","Bulathkohupitiya","Panapitiya","CDC","Upul Bandara","5/11/2026","Manoj is 34 hears old laborer. His wife is Norosha Sandamali and she is 33 years old unemployed. She is currently pregnant and they have 1 son and he is 8 years old. Aswesuma 17500 receives. Loving in single room partially constructed house and it is very unsafe ","7.0736612, 80.3050954","","Malini Ranasinghe"
"a9601843-9fe8-457e-ab6f-9fb41b308120","Nihal Dias","Construction of toilets","Kegalle","Bulathkohupitiya","Urumowala","CDC","Upul Bandara","5/12/2026","Maheshika is 28 years old unemployed. W. R sumith is husband and he is 37 years old. Harsha is son 7 years old ishini is daughter and 3 years old. Earlier used parents toilet. Aswemuma 17500 receives","7.0888288, 80.3054738","","Malini Ranasinghe"
"c18435a6-e568-4720-935e-a8518d6a3529","Chaminda Hettiarachchi","Construction of toilets","Kegalle","Dehiovita","Urumiwala","CDC","Upul Bandara","5/12/2026","Ranmali is 32 years old and unmarried. Her mother is D.P. kusumalatha and she is 67 years old. They had a dilapidated toilet that is not in usable condition. No any government allowance ","7.073912, 80.3484517","","Upul Rajapaksha"
"3a0deb29-5184-44b2-980e-7ce9e08200e4","C. Senanayake","Construction of toilets","Kegalle","Bulathkohupitiya","Wegalla","CDC","Upul Bandara","5/13/2026","Lalitha is 68 years old unemployed. Her son is chathumal and he is 18 uears old and working in DSI very recently. Aswesuma 5000 receives. Hisband has lef before long time ago. Her brother is living with them and he is suffering from some mental illness and unmarried. Their old toilet is not in usable condition and highly dilapidated ","7.1031737, 80.3053393","","Malini Ranasinghe"
"984fd8c0-9b73-49b2-b350-c0a413a2f519","N. Jayawardhane","Construction of toilets","Kegalle","Bulathkohupitiya","Bulathkohupitiya ","CDC","Upul Bandara","5/13/2026","Hansa is 24 years old and he is a laborer. His wife is anushika and 21 years old and unemployed. They did not have a toilet and use grandmother's toilet. Aswesuma 5000 receives.","7.1036814, 80.3446002","","Malini Ranasinghe"
"5bdd3397-f43e-4165-8484-cc7891d84474","Buddhika Amarasinghe","Construction of toilets","Kegalle","Bulathkohupitiya","Kendawa","CDC","Upul Bandara","5/14/2026","Lahiru is 36 years old laborer. His wife is 31 years old and she is a PWD. Ovidi 11 years old. Oshini is younger daughter and she is 1.5 years old. Aswesuma 1000 receives. Earlier used parents toilet.","7.0983446, 80.3504158","","Malini Ranasinghe"
"7df0541d-98e4-48f0-9ea8-40d660af22a7","A. Amarasinghe","Construction of toilets","Kegalle","Bulathkohupitiya","Narangala","CDC","Upul Bandara","5/14/2026","Piyumi is 34 years old. Husband is gamini and he is 43 years old. Ishara is daughter and 11 years old. Dilusha is son and 21 years old. No government allowance receives. They have own toilet but highly dilapidated ","7.0904858, 80.3646493","","Malini Ranasinghe"
"41032c99-9e92-4798-85d8-1c358dd3ed6a","N. Rathnayake","Construction of toilets","Kegalle","Bulathkohupitiya","Narangala","CDC","Upul Bandara","5/14/2026","Darmathilaka is 62 years old laborer. earlier he worked in police. Not receving pension yet. No government allowance. Living in a very small house mostly constructed by temporal materials. R. Parmeswari is his wife. They have 2 daughters 6 years and 1 year. Has temporal toilet. Has previous experience in tea cultivation. They have their own 0.25 acre of tea cultivation and harvest 150kg approx per month.","7.0799675, 80.3558889","","Malini Ranasinghe"
"1d149614-e527-4fc2-8000-0a2f23d93034","S. Peiris","Vocational/professional/ soft skill development of youth","Anuradhapura","Thirappane","Kuttikulama","YDC","Upul Bandara","5/26/2026","Hasantha is a 20-year-old student who completed his G.C.E. Advanced Level examination in the Technology stream in 2025 and successfully passed with 3 “C” grades. His father, G. Mahinda, is 52 years old and works as a farmer, while his mother, Dammika, is 48 years old and currently unemployed. He has two younger sisters: Chalni, who is attending school, and Gayana, who is also schooling. Hasantha expressed a high level of satisfaction regarding the course.","8.3197753, 80.4093088","","Sivakumar Balachandran"
"abfdc966-31fc-44b1-b49e-0ea01464aff4","Chandana Wickramasinghe","Vocational/professional/ soft skill development of youth","Anuradhapura","Thirappane","Aluthpunchikulama","YDC","Upul Bandara","5/26/2026","Shaluka is a 23-year-old student who completed his G.C.E. Advanced Level examination in the Commerce stream in 2023. He obtained one “S” pass and two “F” grades. His father, D. Wimalasena, is 62 years old and works as a farmer, while his mother, Sujatha, is 56 years old and currently unemployed. He has two elder brothers.","8.3197753, 80.4093088","","Sivakumar Balachandran"
"4ed5e3da-4d95-4cb3-93cf-a75cda6503d0","Sampath Peiris","Vocational/professional/ soft skill development of youth","Anuradhapura","Manupa","Mankadawala","YDC","Upul Bandara","5/26/2026","Pahan is a 23-year-old student who completed his G.C.E. Advanced Level examination in the Arts stream in 2022 and obtained one “C” pass and two “S” passes. He sat for the examination a second time and received the same results. His father, R. Colambage, is 60 years old and works in the police service, while his mother, Chamila, is 56 years old and currently unemployed. He has an elder brother, Malisha, who is 26 years old and unemployed, and an elder sister, Sandamini, who is 29 years old and also unemployed.","8.3195835, 80.4093715","","Sivakumar Balachandran"
"8d580f88-1aa9-4f00-a247-b928229fb00d","W. Herath","Vocational/professional/ soft skill development of youth","Anuradhapura","Manupa","Katukeliyawa","YDC","Upul Bandara","5/26/2026","Kavindu is a 17-year-old student who sat for his G.C.E. Ordinary Level examination in 2022. He obtained 3 “S” passes and 6 “F” grades. After the examination, he decided not to re-sit the O/Ls and instead enrolled in a Hair Dressing course conducted by the Youth Services Council.

His father, Nishanka, works as a laborer at the Urban Council, while his mother, Shama, is a housewife. He has a sister named Shalani, who works as a laborer at Cherris Biscuit Company. The family is in a very deserving and economically vulnerable situation.","8.3195835, 80.4093715","","Sivakumar Balachandran"
"b1354f36-7a49-42b2-8ec5-c322d3f523aa","W. Senanayake","Vocational/professional/ soft skill development of youth","Anuradhapura","Manupa","Pandulagama","YDC","Upul Bandara","5/26/2026","Kaveesha is a 22-year-old student who completed his G.C.E. Advanced Level examination in the Arts stream in 2024 and obtained two “S” passes and one “F” grade. After completing his A/Ls, he followed a 10-month Hotel Management course and later enrolled in this course in January 2026.

His father, Chandrasena, is 52 years old and works as a farmer, while his mother, Sriyani, is 50 years old and a housewife. He has one brother and one sister, both of whom are currently schooling. Kaveesha’s ambition is to build a career in the hotel industry.","8.3195835, 80.4093715","","Sivakumar Balachandran"
"590627ea-997a-4a05-9e8b-bc37d1f80cc0","R. Ranasinghe","Vocational/professional/ soft skill development of youth","Anuradhapura","Manupa","Saliyawaththa","YDC","Upul Bandara","5/26/2026","Prashantha is an 18-year-old student who completed his G.C.E. Advanced Level examination in the Commerce stream in 2025. He does not intend to re-sit the A/L examination.

His father, Janaka, is 45 years old and works as a fisherman, while his mother, Sriyani, is 43 years old and a housewife. He has a younger sister who is 16 years old and currently attending school. The family does not receive any government assistance.","8.31978, 80.41064","","Sivakumar Balachandran"
"6763724d-72f7-40fc-b95c-f9da58385b67","Sarojini Muruganantham","Vocational/professional/ soft skill development of youth","Anuradhapura","Thirappane","Sembukulama","YDC","Upul Bandara","5/26/2026","Nethmi is a 20-year-old student who completed her G.C.E. Advanced Level examination in the Arts stream in 2025, obtaining one “C” pass and two “S” passes. She is currently awaiting results from her second attempt at the A/L examination.

Her father, M. Nalin, is 49 years old and a pensioner from the Air Force, while her mother, Pushpa Malkanthi, is 46 years old and a housewife. She has a younger brother, Gayanika Thakshila, who is 15 years old and currently attending school.","8.31978, 80.41064","","Sivakumar Balachandran"
"d0a307b2-bbc5-4d53-8693-db255b32634f","Nimal Dias","Vocational/professional/ soft skill development of youth","Anuradhapura","Thirappane","Kadupagama","YDC","Upul Bandara","5/26/2026","Umesha is a 22-year-old student who completed her G.C.E. Advanced Level examination in the Commerce stream in 2025 and obtained three “S” passes. She plans to enroll in an external degree program at the Open University.

Her father, Ananda, is 56 years old and works as a farmer, while her mother, Nalani, is 55 years old and a housewife. She has an elder brother, Sagara, who is 28 years old and employed in the hotel industry.","8.3195811, 80.4110087","","Sivakumar Balachandran"
"b5078261-c1f1-4d6e-9a2e-16ba739c47b7","Priyantha Abeywardena","Vocational/professional/ soft skill development of youth","Anuradhapura","Manupa","Jayanthigramaya","YDC","Upul Bandara","5/26/2026","Upeksha is a 20-year-old student who completed her G.C.E. Advanced Level examination in the Arts stream in 2024 and obtained one “C” pass and two “S” passes. She did not sit for a second attempt and currently has no plans to re-sit the A/L examination.

Her father, Nimal, is 56 years old, while her mother, W.A. Padmalatha, is 43 years old and works as a laborer in a hotel. She has a 23-year-old brother who is currently unemployed and staying at home.","8.3195811, 80.4110087","","Sivakumar Balachandran"
"256c4bb5-ccb5-43c1-a896-e0672e20dee0","M. Dias","Vocational/professional/ soft skill development of youth","Anuradhapura","Manupa","Dewanampiyathissapura","YDC","Upul Bandara","5/26/2026","Nushka is a 17-year-old who completed her G.C.E. Ordinary Level examination in 2024 and has no plans to re-sit the exam.

Her father, E.R. Roufdheen, works as a mobile vendor selling chickpeas on public buses. Her mother, Suhara, is a housewife. She has a younger brother, Nushri, who is 15 years old and currently attending school.

At present, Nushka is engaged in a small business selling cakes.","8.3195811, 80.4110087","","Sivakumar Balachandran"
"0208678c-0966-4575-8a4b-d5022c5270b5","A. Hettiarachchi","Vocational/professional/ soft skill development of youth","Anuradhapura","Manupa","Mankadawala","YDC","Upul Bandara","5/26/2026","Sewwandhi is a 19-year-old student who completed her G.C.E. Ordinary Level examination in 2023 and obtained 3 “S” passes and 6 “F” grades. She did not re-sit the O/L examination after her first attempt.

Her father, A.B.A.D. Kumara, is 47 years old and works as a mobile vendor. Her mother, Niluka Kumari, is 48 years old and a housewife and is currently suffering from several illnesses. She has an elder brother, Akila Jeewantha, who is 23 years old and unemployed, and a younger brother, Isuru, who is 13 years old and attending school.

Sewwandhi has previously worked as a laborer in a garment factory. The family is in a vulnerable and deserving economic situation.","8.3195811, 80.4110087","","Sivakumar Balachandran"
"68a27466-f4cf-4eaf-92c9-7388c1539339","K. de Zoysa","Vocational/professional/ soft skill development of youth","Anuradhapura","Manupa","Perimiyankulama","YDC","Upul Bandara","5/26/2026","Tharushi is a 20-year-old student who completed her G.C.E. Advanced Level examination in the Arts stream in 2024 and obtained one “C” pass and two “F” grades. She currently has no intention of re-sitting the A/L examination.

Her father, H.D. Sunil, is 68 years old and works as a laborer, while her mother, Nandani, is 58 years old and a housewife. Tharushi plans to start a self-employment venture in the future, focusing on a cake business.","8.3202705, 80.4095802","","Sivakumar Balachandran"
"848d9ce3-6ca4-4045-b075-81bde7c241e6","R. Senanayake","Vocational/professional/ soft skill development of youth","Anuradhapura","Manupa","Maningamuwa","YDC","Upul Bandara","5/26/2026","Pradeepa is a 33-year-old self-employed cake maker. Her husband, Thusitha, is employed in a courier service. They have a son, W.A. Kaviru, who is 2.5 years old.","8.3202705, 80.4095802","","Sivakumar Balachandran"
"889a8ca9-72f7-4ee5-be5a-e4718770d1f6","I. Gunasekara","Vocational/professional/ soft skill development of youth","Anuradhapura","Manupa","Elayapattuwa","YDC","Upul Bandara","5/26/2026","Dilhani is a 24-year-old entrepreneur who currently owns and runs a fruit shop. She completed her G.C.E. Advanced Level examination in the Arts stream in 2020.

Her father, L.A. Kularathne, is 56 years old and an Army pensioner, while her mother, Padma, is 55 years old and a housewife. She has an elder brother, Wajira Pradeep, who works as an electrician.","8.3202705, 80.4095802","","Sivakumar Balachandran"
"01e33b75-2b9e-44b1-813c-f42671806108","Ramanathan Balachandran","Vocational/professional/ soft skill development of youth","Anuradhapura","Thirappane","Labunoruwa","YDC","Upul Bandara","5/26/2026","Rangana is a 21-year-old student who completed her G.C.E. Advanced Level examination in the Arts stream in 2023, obtaining two “B” passes and one “C” pass. She did not re-sit the A/L examination.

After her A/Ls, she worked in a garment factory (DSI) and later began following a Landscaping course at Inamaluwa VTA.

Her father, Lal Jayaweera, is 44 years old and works as a farmer, while her mother, Indika Dkamayanthi, is 43 years old. She has two sisters and one brother, of whom two siblings are currently attending school.","8.3202705, 80.4095802","","Sivakumar Balachandran"
"37f1c47e-921a-4b25-a640-1a703cd20d1c","N. Careem","Vocational/professional/ soft skill development of youth","Anuradhapura","Manupa","Dewanammpiyathissapura","YDC","Upul Bandara","5/26/2026","Mona is a 24-year-old separated woman with two children, aged 3 years and 1.5 years respectively. She is currently living with her parents and running a small dress-making and sewing business to support her family.","8.3202705, 80.4095802","","Sivakumar Balachandran"
"8611338b-7fac-40f1-ac61-cdc653fc44f9","N. Wijeratne","Vocational/professional/ soft skill development of youth","Anuradhapura","Manupa","Pandulagama","YDC","Upul Bandara","5/26/2026","Wasana is a 23-year-old who completed her G.C.E. Ordinary Level examination in 2019 and did not re-sit the examination after her first attempt. She is married.

Her husband, Thikshana, is 24 years old and works in a mobile phone sales shop.","8.3202705, 80.4095802","","Sivakumar Balachandran"
"ca047bfa-97dc-4a7b-b02a-234180a15b22","I. Dissanayake","Provide material support for youth enterprise development","Anuradhapura","Thirappane","Galkulama","YDC","Upul Bandara","2/1/2026","Gavindu is 22 years old, Samanthi is mother 50, Samantha is father 53 years, Sapuni is sister 15 yearsbstill schoolig. After A/ls started carpentry. No carpentry shed at home.  Aswesuma 5000 receives, father and mother can not talk. ","8.2670782, 80.5021005","","Sivakumar Balachandran"
"81e896ae-baff-41fe-972a-c4b61d080ddc","Ranjan Rajapaksha","Provide material support for youth enterprise development","Anuradhapura","Thirappane","Uttimaduwa","YDC","Upul Bandara","2/1/2026","Sashini is 30 years, Vidvi is daughter she is 3.5 years. She is seperated. Sunitha is 61 years Upali is 62 years. Sewing since 5 years","8.2544694, 80.5544744","","Sivakumar Balachandran"
"18eec476-81a3-4beb-a011-ceda11090757","L. Mendis","Provide material support for youth enterprise development","Anuradhapura","Thirappane","Wannammaduwa","YDC","Upul Bandara","2/1/2026","Danuja is 18 years old. Father is sunil 48 years, Kumari 37 years, brother is kalindu he is 4 months. Has experience in bike repairing since 2 years. No government allowance receives. No any course done.","8.1995015, 80.5467032","","Sivakumar Balachandran"
"78292432-a5ce-48dd-9a60-f70e157127a7","Kumudu Dissanayake","Provide material support for youth enterprise development","Anuradhapura","Thirappane","Miwellewa","YDC","Upul Bandara","2/1/2026","Samali is 28 years, kavindu is husband 28 years old. Ayan is 3 years old son. Kavindu is laborer. Samli has done a cake course 3 month. No government allowance receives.","8.2020531, 80.586883","","Sivakumar Balachandran"
"bbed2fb7-e13e-41ed-9706-d7caa139b2fe","W. Mendis","Provide material support for youth enterprise development","Anuradhapura","Thirappane","Newellewa","YDC","Upul Bandara","2/1/2026","Pradeep is 27 years her wife is 25 and has 5 years old son. He is a technician who repairs agro vehicles ","8.2076422, 80.604969","","Sivakumar Balachandran"
"1d77ed10-2511-4fa6-8834-d864afb3b432","Iresha Weerasinghe","Provide material support for youth enterprise development","Anuradhapura","Thirappane","Kandupagama","YDC","Upul Bandara","2/1/2026","Sapna is 32 years, suvimal is wife 32 years laborer. Naveen is 4 years old sod. Ayren is mother 74 years old. No government allowance receives. Has beauty culture cours completed. But not in NVQ framework ","8.1790263, 80.6126448","","Sivakumar Balachandran"
"46aab0b8-6cc8-46ae-b052-3eefe78daecd","U. Wijesinghe","Provide material support for youth enterprise development","Anuradhapura","Thirappane","Labunoruwa","YDC","Upul Bandara","2/1/2026","H.K.B.ayomi is 32 years, husband is kumara is 35 years. Yoshitha is 13 years son and yohana is daughter 8 years old daughter. Aswesuma 5000 receives. Husband is working as a carpenter.","8.1635227, 80.6187091","","Sivakumar Balachandran"
"48efccd4-7570-4d0c-b5fc-9403eb28e276","S. Peiris","Provide material support for youth enterprise development","Anuradhapura","Thirappane","Ihalaambathale","YDC","Upul Bandara","2/1/2026","Prasangika is 32 years, Kunara is 30 years. No childrens. Has worked as a garment laborer. No government allowance receives ","8.1542289, 80.6184441","","Sivakumar Balachandran"
"1b7cc193-6296-4028-81c4-887e95832498","Kanthasamy Jeyachandran","Provide material support for youth enterprise development","Anuradhapura","Manupa","Dewanampiyathissapura","YDC","Upul Bandara","2/4/2026","Thishni is 22 years. manoj is father (53), Dammika is mother (48), Malaka elder brother (28) and Diwyanjali is sister (16). Fater works in a bank as a security. Thosni is unmarried. no government allowance. 
","8.3434721, 80.3773723","","Sivakumar Balachandran"
"55c10698-1296-4032-ba13-0883eb975df5","Kumudu Jayasuriya","Provide material support for youth enterprise development","Anuradhapura","Manupa","Dewanampiyathissapura","YDC","Upul Bandara","2/4/2026","Rukshana is 23 years old. L. Danushka is 23 years old husband and Sihara is 3 years old daughter. Nadeepa is mother 42, Sirimawathi is 59 grand mother, Bandulasena is 72  Grandfather. Grad father receives pension. No other government allowance. Certipicate is available. Husband is a laborer. Sarlier rukshana ran the cake business but was inconsistent manar.","8.3434679, 80.3778277","","Sivakumar Balachandran"
"8c7cfd0d-eb16-4a21-84b9-eaeb38672c65","Shazna Segu","Provide material support for youth enterprise development","Anuradhapura","Manupa","Dewanampiyathissapura","YDC","Upul Bandara","2/4/2026","Fathima Mona is 23 years widow with 2 kids. Currently living with their parents. Mohomad jesmin is father 59 years old, meru nisha is mother (57), Neha is elder sister (20), Fathima mariya is younger sister (14). She has started tailoring business before few months ago of BDS support. She did not have a electric machine ","8.3518886, 80.3717927","","Sivakumar Balachandran"
"6f6a35c0-c531-4c1d-ac01-b55d91b3bc2b","K. Rathnayake","Provide material support for youth enterprise development","Anuradhapura","Manupa","Saliyawaththa","YDC","Upul Bandara","2/4/2026","T.K.A. Nimesha Wijerathneis 28 years old. Her husband was in abroad earlier but has came back to SL due to an accidental. Currently he is suffering from a leg disability and not involved in any income earning. Nimesha is the sole bread winner. ","8.3635054, 80.419791","","Sivakumar Balachandran"
"4b721f26-3ff0-4395-9643-5020a4caf71f","K. Weerasinghe","Provide material support for youth enterprise development","Anuradhapura","Manupa","Dewanampiyatissapura","YDC","Upul Bandara","2/8/2026","Rifshana is 30 years old, Imran is 40 years old husband working as a laborer. their daughter is Ishma 10 years old. Risana is mother 52 years living with them. No any government allowance. Nvq 4 hair and beauty both done. ","8.349955, 80.3698327","","Sivakumar Balachandran"
"de1f5372-58ca-4500-ad53-419ae832ad74","Nirosha Mendis","Provide material support for youth enterprise development","Anuradhapura","Thirappane","Allisthana","YDC","Upul Bandara","2/25/2026","Gihan is 24 years mechanic. Malisha is 23 years and unemployed, Dulsandun is 4 years old. No any government allowance receives. 7 years of experience in motor mechanic ","8.2047301, 80.5228483","","Sivakumar Balachandran"
"cf89d495-cb18-48e7-936c-778ce6e03a8a","Champika Kariyawasam","Provide material support for youth enterprise development","Anuradhapura","Manupa","Uttimaduwa","YDC","Upul Bandara","2/25/2026","Jeewani is 27 years old, husband is 27 and he is a salce rep, Ranuli is daughter 7 years old. Jeewani is a housewife and she is earning from sewing. No any government allowance receives.","8.2608045, 80.5515405","","Sivakumar Balachandran"
"661fc623-cbb0-4f33-8496-9f4ba70cb003","Vijayarani Navaratnam","Provide material support for youth enterprise development","Anuradhapura","Thirappane","Ethungama","YDC","Upul Bandara","2/25/2026","Yohan is 20 years old house youth. He do house virn, done a course in tech, NVQ-4. Father is a mason, mother is a housewife. He has a Sister and brother. ","8.2107495, 80.5571288","","Sivakumar Balachandran"
"de1c47c2-7f34-48e6-a0cb-8949c50feb5c","L. Silva","Provide material support for youth enterprise development","Kegalle","Bulathkohupitiya","Thel Kumbura","YDC","Upul Bandara","3/1/2026","Kanishka is 28 years old, wimalasiri is father 59 years old carpenter, Mother is somalatha and she is 56 years old. Rajitha is brother, kanishka is the yunger brother working in police department PC. Kanishka is sewing since 6 month, she has done a sewing course in Shiromi acadamy. ","7.064785, 80.2839256","","Priyantha Jayasuriya"
"1069dc5a-d45e-4b35-a334-982389841e40","Manel Rajapaksha","Provide material support for youth enterprise development","Kegalle","Bulathkohupitiya","Wegalla","YDC","Upul Bandara","3/1/2026","Shakila 27 years, mother father and brother is living with him. Has NVQ 4 Automobile NVQ.","7.0890875, 80.3131658","","Priyantha Jayasuriya"
"f627231e-d803-4ca3-9385-9733c076b146","V. Dias","Provide material support for youth enterprise development","Kegalle","Bulathkohupitiya","Wegalla","YDC","Upul Bandara","3/1/2026","Tishani os 25 years old. Father is Jayalath, he is 55 years old. He is working in a saloon. Mother is Indra she is 53 years old. Shehan is 29 years old he is in abroad. Younger sister is Merukshi she is 20 years old and not doing any job. No any government allowance receives ","7.0890875, 80.3131658","","Priyantha Jayasuriya"
"0b796295-897d-4ad4-8943-b70f896cb943","N. Dias","Provide material support for youth enterprise development","Kegalle","Bulathkohupitiya","Wegalla","YDC","Upul Bandara","3/1/2026","Tharushi is 25 years old. Father is Nimal, he is 60 years old not doing any job. Ganga is mother and she is 57 years old, she is unemployed. ","7.0976655, 80.3015304","","Priyantha Jayasuriya"
"f69b0966-71da-4073-8076-3d7737ac4a2a","C. Gunasekara","Provide material support for youth enterprise development","Kegalle","Bulathkohupitiya","Udapatha","YDC","Upul Bandara","3/1/2026","Priyajalani os 31 years old, Husban is Derikantha 38 years old. He is a laborer. Samithsa is 5 years old daughter. Kaleimahal is mother she is 54 years old. Aswesuma 10,000.00 receives. 2 years of sewing experience.","7.0885377, 80.3815729","","Priyantha Jayasuriya"
"40b5090e-0047-4acf-bb01-505d6ffc694f","L. Wijesinghe","Provide material support for youth enterprise development","Kegalle","Bulathkohupitiya","Upper Newsmiyar","YDC","Upul Bandara","3/1/2026","Sithum is 2e years old, he is working in an electric shop. Thishara is father and he is a carpenter and he is 48 years old. Anula is mother and she is 47 years old. Sister is Upeksha and she is 18 years old schooling.","7.1301253, 80.3725327","","Priyantha Jayasuriya"
"7a340e92-42c8-4a96-b267-c7f13d3f8a70","S. Silva","Provide material support for youth enterprise development","Kegalle","Bulathkohupitiya","Upper Newsmiyar ","YDC","Upul Bandara","3/1/2026","Harshani os 30 years old, Sisira kumara 42 old and he is a photographer. Shaini is daughter and she is 6 years old, eyana is younger daughter and she is 7 years. Aswesum 10,000 receives. Has BR since 2024.","7.1244269, 80.3745744","","Priyantha Jayasuriya"
"f478f045-52f2-4591-a42a-f41d78216dfc","K. Rajapaksha","Provide material support for youth enterprise development","Kegalle","Bulathkohupitiya","Upper Nevismier","YDC","Upul Bandara","3/1/2026","Dananjaya is 31 years old, Automobile skill work. There are 4 members in family.","7.1255253, 80.371727","","Priyantha Jayasuriya"
"04693a6c-9a19-4aae-8691-e73bc8920b28","W. Jayawardhane","Provide material support for youth enterprise development","Kegalle","Bulathkohupitiya","Bulathkohupitiya","YDC","Upul Bandara","3/1/2026","Sandeepa is 30 years old, Malani is 56 years old. Aswesuma 10000 receives. Since 3 years sandeepa is doing her sewing business. ","7.1093951, 80.3426827","","Priyantha Jayasuriya"
"d120e33f-dc93-4e56-bd5b-52ab03ad3abd","W. de Zoysa","Provide material support for youth enterprise development","Kegalle","Bulathkohupitiya","Bulathkohupitiya","YDC","Upul Bandara","3/1/2026","Iruni is 29 years, Danushka Sampath is husband and he is 43 years old and he is doing driving. A.G. Sadew Induwara is son and he is 3 years old. Since 5 years she is sewing","7.1056141, 80.3437683","","Priyantha Jayasuriya"
"0299acad-1070-4cc7-ade4-e73d382524cc","Ramanathan Krishnapillai","Provide material support for youth enterprise development","Kegalle","Bulathkohupitiya","Bulathkohupitiya ","YDC","Upul Bandara","3/1/2026","NuwN is 32 years old. Carpenter. Geethoka is wife she is 30 years old. Netuka is son and he is 7 years old. Since 15 years experience in carpeting ","7.1040264, 80.3446343","","Priyantha Jayasuriya"
"e784688b-87f7-4dc3-aa92-e69e7d4e767e","Thilini Hettiarachchi","Provide material support for youth enterprise development","Kegalle","Bulathkohupitiya","Newmier lower","YDC","Upul Bandara","3/4/2026","Chatura 27, R.P. Sriyani is mother she is 53 years, S. joshop is father he is 56 years. Has NVQ 4 motor mechanic certificate in VTA. 2 years of experience. ","7.097535, 80.3198976","","Priyantha Jayasuriya"
"0896fffb-287b-4447-8cf6-3153bf492bca","Isuru Amarasinghe","Provide material support for youth enterprise development","Anuradhapura","Manupa","Gambirigaswewa ","YDC","Upul Bandara","3/16/2026","Nosansala is 33 years old widow. She has 3 childrens. 2 are schooling and 1 is attending free school. No government allowance receives. Mother also living with them. She is sewing since 3 years. ","8.3125089, 80.4709532","","Sivakumar Balachandran"
"8a2fd5bb-6c93-4f1b-a794-31de9e0f9edf","Hasini Karunaratne","Financial support for CSO/Youth club actions","Trincomalee","Verugal","Karukamunai","CDC","Muthuselvi Paramasivam","11/20/2025","","8.2865393, 81.3661287","","Rajeswari Ponnambalam"
"8a25bbb1-2d30-4e90-b26a-b32a14f56a53","K. Senanayake","Material support for family-based livelihood development","Batticaloa","Pattipalai (MSW)","Muthalaikudah west","CDC","Muthuselvi Paramasivam","11/10/2025","Beneficiary is 48 years old fishermen having experience of 30 years of experience.  Beneficiary is couldn't able to hear and speak by born. Family consists of 5 family ,members including 3 children. He doesn't buy new fishing nets for last 2 years because of financial lack. He is using damaged net for longer thus effect the productivity and income","7.6335128, 81.7050129","","Piyal Ekanayake"
"c1ee5901-96d1-48fa-a0c8-25b28aadd86b","B. Rajendran","Material support for family-based livelihood development","Batticaloa","Pattipalai (MSW)","Muthalaikudah west","CDC","Muthuselvi Paramasivam","11/10/2025","Beneficiary is 62 years old having 40 years experience in fishing.  Family consist of 4 family members. Daughter idling, son kovil priest. He has own canoe which was burned by competitors before 3 years ago. The he started renting canoe for the monthly rental of 1500.00. Thus make dependency on others also affecting the livelihood sustainability. No aswesuma","7.6329074, 81.7065078","Canoe book should obtain Project related documents not available at field ","Piyal Ekanayake"
"8207f629-48bc-49d9-bdc0-6dec143a3066","Nadeera Ekanayake","Material support for family-based livelihood development","Batticaloa","Pattipalai (MSW)","Muthalaikudah west","CDC","Muthuselvi Paramasivam","11/10/2025","Beneficiary is 30 years old fisherman and unmarried, living with father and mother. He has been using the very older and damaged canoe for longer time. It was unsafe for fishing because of lots of damage. Family financial situation not allowed to purchased canoe by own. Family aswesuma allowance 10000.00. No loan at bmic","7.6332012, 81.7054923","Project related documents not available at field .canoe book not obtained yet","Piyal Ekanayake"
"372cc4b6-6f46-43f5-9b52-3dc291f52084","Nimal Jayawardhane","Material support for family-based livelihood development","Batticaloa","Pattipalai (MSW)","Muthalaikudah west","CDC","Muthuselvi Paramasivam","11/10/2025","Beneficiary is 47 years old fisherman having experience of 13 years. Family is consist of 4 family members including  2 school going children. He doesn't have own canoe before. Used hired canoe for longer paying 1500 rent per month . Dependency on canoe was the challenge on sustainability.  Family lower income not allowed purchased canoe. aswesuma allowance 5000.00 no bmice loan","7.6327454, 81.7061753","Canoe book not yet, Project Related documents not available at field ","Piyal Ekanayake"
"f69bbb2b-d8de-459e-acff-a400f5c972d9","P. Wickramasinghe","Material support for family-based livelihood development","Batticaloa","Pattipalai (MSW)","Muthalaikudah west","CDC","Muthuselvi Paramasivam","11/10/2025","Beneficiary is 36 years old and Mason by profession. Family consist of 5 family members including 3 school going children. Due unavailability of certain tools they hired tools for rent paying around rs 1000 per day. Thus make loss in profit. Due to family situation  they could not able to buy tool buy own. Renting tools affecting the business profit and sustainability . Aswesuma allowance 10000.00 . No bmic loan","7.6332595, 81.7053235","Project related documents notavaolable","Piyal Ekanayake"
"0066e02a-51d4-4d50-bbbe-c69fc704934d","S. Navaratnam","Material support for family-based livelihood development","Batticaloa","Pattipalai (MSW)","Muthalaikudah west","CDC","Muthuselvi Paramasivam","11/10/2025","Beneficiary is 51 years old and Mason by profession. Family members consist of 4 members including 2 children ( not schooling) . Due to unavailability of tools he hired tools for rent. It affect the dependency and profit of business","7.6262118, 81.7111586","Project related documents available at field","Piyal Ekanayake"
"2231fbcc-793c-4451-9e8d-d71c8853dd07","Chathuri Abeywardena","Material support for family-based livelihood development","Batticaloa","Valachchenei (KP)","Kalmadu","CDC","Muthuselvi Paramasivam","11/11/2025","Beneficiary 27 years old fisherman.  He is working as fisherman labour since start the profession because of unavailability of fishing nets. Monthly average income is 20000.00 he is living with wife and two children . Aswesuma allowance 10,000.00","7.908259, 81.550794","Beneficiary is living in rented house for longer because of unavailabilityy of own land","Ajith Kariyawasam"
"18c2c12c-9df4-4b64-b033-0a9261c32f88","Kasun Dissanayake","Material support for family-based livelihood development","Trincomalee","Kinniya","Kachikoditheevu","YDC","Muthuselvi Paramasivam","11/18/2025","28 years old single . Saloon business 5 years running shop. Chair, streamer, cutter","8.4783707, 81.159579","Project documents not available at field. Cutter was usefull to accelerate work","Selvarani Navaratnam"
"c524797a-a810-4610-bc58-efd4f8545f5d","Dinesh Senanayake","Material support for family-based livelihood development","Trincomalee","Kinniya","Kachakoditheevu","YDC","Muthuselvi Paramasivam","11/18/2025","33 age mechanic. 4 familymembers 2 children . Aswesuma 5000.00. Running mechanical shop for 5 years","8.4806413, 81.1678264"," Air compressor need to be provided asap","Selvarani Navaratnam"
"412457cd-87f7-4735-a78f-16965894eaba","Chaminda Rathnayake","Material support for family-based livelihood development","Trincomalee","Kinniya","Faisal nagar","YDC","Muthuselvi Paramasivam","11/18/2025","Married living with wife only 21 yeas old. Mobile repair worker 5 days open shop. Certific
A
E. Earlier work in other shop","8.4849442, 81.1695694","Project related documents not available","Selvarani Navaratnam"
"76706509-a524-4dfa-972d-fef25db05c03","Vimukthi Dissanayake","Material support for family-based livelihood development","Trincomalee","Kinniya"," Maroon nagar","YDC","Muthuselvi Paramasivam","11/18/2025","Pwd living with father mother  one younger brother and sister.  Pwd allowance 100000 . Running mobile shop 2.5 years","8.4862735, 81.1875588","Project document not available at field ","Selvarani Navaratnam"
"e546bc1e-22aa-416b-9df5-b2c5c9266d0d","N. Senanayake","Material support for family-based livelihood development","Trincomalee","Verugal","Ilangathurai","CDC","Muthuselvi Paramasivam","11/19/2025","Husband and wife only living in Camden shed for 8 years. 27 years old from 10 years experience.  Old damge fishing nets. Aswesuma 2500","8.3467015, 81.3743111","Inputs not provided yet","Rajeswari Ponnambalam"
"850dc64e-db88-4ee1-a1eb-d88e59ed3ead","Renuka Gunasekara","Material support for family-based livelihood development","Batticaloa","Verugal","Ilangathurai","CDC","Muthuselvi Paramasivam","11/19/2025","3 members family fisherman 18 years experience.  Aswesuma no","8.3447157, 81.3746602","Material not provided yet","Rajeswari Ponnambalam"
"9eda9b1b-1b71-4213-9161-ddbf504afd58","G. Gunawardena","Material support for family-based livelihood development","Trincomalee","Verugal","Ilangathurai","CDC","Muthuselvi Paramasivam","11/19/2025","20 years old living with wife and son 2 years married. Aswesjma 17500.00 rented canoe for fishing","8.3430618, 81.3723623","Material not provided yet","Rajeswari Ponnambalam"
"69e0626d-8176-419d-b33e-04f52854fee8","T. Peiris","Material support for family-based livelihood development","Trincomalee","Verugal","Ilangathurai ","CDC","Muthuselvi Paramasivam","11/19/2025","25 years old experience in 8 years. Wife and son 2.5 years. Aswesuma 5000.00. Used rent canoe","8.3407593, 81.3714454","Material not provided yet","Rajeswari Ponnambalam"
"d30d942c-1976-4fc5-ae73-85694019c05a","U. Somasundaram","Material support for family-based livelihood development","Batticaloa","Pattipalai (MSW)","Muthalaikudah West","CDC","Kaushalya Wijeratne","3/30/2026","He is using his own nets for fishing.","7.6347561, 81.7062891","Provided nets using rarely by beneficiary ","Piyal Ekanayake"
"3e503915-d399-4d80-bcb7-9ece7c746d29","Tharindu Bandara","Material support for family-based livelihood development","Batticaloa","Pattipalai (MSW)","Muthalaikudah ","CDC","Kaushalya Wijeratne","4/6/2026","She is active entrepreneur but she spends more for using other's machine to coconut oil processing.She requires coconut oil machine for further developmen.","7.6263681, 81.7119234","Need to expedite  the proecess","Piyal Ekanayake"
"c7205563-b0c0-4a48-b6d9-2f475d701070","P. Jeganathan","Material support for family-based livelihood development","Batticaloa","Pattipalai (MSW)","Muthalaikudah ","CDC","Kaushalya Wijeratne","4/6/2026","They all are disable(deaf)including beneficiary,her husband and children.She uses sewing machine when get orders.","7.6284022, 81.7096337","Since they deaf, difficult to communicate further.","Piyal Ekanayake"
"12af3592-d299-4b80-aab1-11e02f4d5664","Kasun Wijeratne","Material support for family-based livelihood development","Batticaloa","Pattipalai (MSW)","Muthalaikudah ","CDC","Kaushalya Wijeratne","4/6/2026","She has used her mother's sewing machine for tailoring.","7.6275304, 81.7088807","Sher got the sewing machine few days ago,Got 5 orders.","Piyal Ekanayake"
"23f15a5f-6f0d-468b-bc46-38d3f26c8139","D. Karunaratne","Material support for family-based livelihood development","Batticaloa","Pattipalai (MSW)","Muthalaikudah ","CDC","Kaushalya Wijeratne","4/6/2026","He is using material actively.","7.6293976, 81.7086112","","Piyal Ekanayake"
"8335385f-80dc-4992-8ebe-ca9ffe4e6623","V. Kariyawasam","Material support for family-based livelihood development","Batticaloa","Pattipalai (MSW)","Muthalaikudah ","CDC","Kaushalya Wijeratne","4/6/2026","He is doing labouring and fishing","7.6335855, 81.708019","He is working actively ","Piyal Ekanayake"
"88c83a74-12c5-4a28-9fbb-01142d5f549a","Kumaraswamy Kumaraguru","Material support for family-based livelihood development","Batticaloa","Pattipalai (MSW)","Muthalaikudah","CDC","Kaushalya Wijeratne","4/6/2026","He is doing actively ","7.6332482, 81.7067824","He is doing his work well","Piyal Ekanayake"
"1adf74eb-a0fd-4838-864c-ff2633787eb2","N. Wijesinghe","Material support for family-based livelihood development","Batticaloa","Pattipalai (MSW)","Muthalaikudah","CDC","Kaushalya Wijeratne","4/6/2026","He is working well with provided assets","7.6334728, 81.7069902","Going well","Piyal Ekanayake"
"cb7afbd1-29f1-4835-8dd9-6274d089b671","T. Peiris","Material support for family-based livelihood development","Trincomalee","Verugal","Ilankaithurai,Echilampattu","CDC","Kaushalya Wijeratne","5/10/2026","Canoe given to fishing.Before supports he was doing laboring work.Before he earns 25000/=.Now he earnings 30000/= ","8.3404083, 81.3711057","Need close monitoring ","Rajeswari Ponnambalam"
"cbf4680e-5f58-4101-aa46-ed25f0e91712","I. Jayawardhane","Material support for family-based livelihood development","Trincomalee","Verugal","Echilampattu verugal","CDC","Kaushalya Wijeratne","5/10/2026","Before receiving support used relatives canoe.During that time earned 10000/= monthly.Now he earns 18000/=","8.3416532, 81.3717311","Need close  observation ","Rajeswari Ponnambalam"
"848400a0-87cb-4897-8976-5cfd651bb524","L. Gunasekara","Material support for family-based livelihood development","Trincomalee","Verugal","Ilankaithurai Echilampattu","CDC","Kaushalya Wijeratne","5/11/2026","He used to go for fishing without canoe for long time.","8.3482121, 81.3748483","He does fishing daily.","Rajeswari Ponnambalam"
"41103fb2-ae8e-4e15-80ce-753c9144da86","U. Karunaratne","Material support for family-based livelihood development","Trincomalee","Serunuwara","Lingapuram","CDC","Kaushalya Wijeratne","5/11/2026","She has 45 goats before.During the ditwa cyclone she lost around 10 goats.Her goat sheds was very small and not standard.After the assessment BDS has provided goats shed.","8.3294741, 81.2630631","She is doing well.But she lost more during ditwah.","Rajeswari Ponnambalam"
"1d1fe360-3e6a-4b9f-9fea-5095082ecf48","N. Dissanayake","Material support for family-based livelihood development","Trincomalee","Kinniya","Fizal Nagar","CDC","Kaushalya Wijeratne","5/11/2026","Ranees has 5 children.He is working as Mason for one year.Before provided material He used rented tools and pay around 3000.After the LH intervention he can be saved that  money.","8.4808068, 81.1923696","He is doing his work","Buddhika Kariyawasam"
"0a839c2c-e40f-49b2-bf83-c24ac6448970","H. Wijeratne","Material support for family-based livelihood development","Trincomalee","Kinniya","Faizal Nagar","CDC","Kaushalya Wijeratne","5/12/2026","Ramees is a Fisher man.He has 2 children.BDS supported for his fishing.Now he can earn and save something ","8.4799708, 81.1955816","He is doing his business","Buddhika Kariyawasam"
"68b177b5-8f67-4642-8b26-f9c944088ea0","I. Mendis","Material support for family-based livelihood development","Trincomalee","Kinniya","Faizal Nagar","CDC","Kaushalya Wijeratne","5/12/2026","He is an electrician.He has 4 children.BDS Provided tools for electric works ","8.4789929, 81.1944688","He is earning well","Buddhika Kariyawasam"
"ee558bfb-ba94-43b7-89b9-227a33daf05e","J. Wahab","Material support for family-based livelihood development","Trincomalee","Kinniya","Faizal Nagar GND","CDC","Kaushalya Wijeratne","5/13/2026","Before BDS intervention Habeebullah has using old and damaged tools.Later Bds provided new comfortable saloon chair and other accessories.","8.4825732, 81.1888799","He is running business nicely.  ","Buddhika Kariyawasam"
"bf9a4cd9-2c34-4e11-8433-422665720969","P. Jayawardhane","Material support for family-based livelihood development","Trincomalee","Kinniya","Faizal Nagar GND","CDC","Kaushalya Wijeratne","5/13/2026","Before BDS intervention Thamilselvan using rented canoe for fishing.He should be provided fishes to boat owner.Now he has own fishing canoe.","8.4818216, 81.1902308","He needs to focus on accounts keeping","Buddhika Kariyawasam"
"103c854c-be4b-4d4f-a398-e04023083a0e","Sriyani Hettiarachchi","Material support for family-based livelihood development","Trincomalee","Kinniya","Faizal Nagar","CDC","Kaushalya Wijeratne","5/13/2026","Rumais has 3 children and he is a Mason.Before supported he borrowing the tools for rent.No required tools related to construction provided.","8.4741084, 81.1958674","He is doing his job regularly ","Buddhika Kariyawasam"
"d6484c73-6b6b-44c2-8448-a834c98b1212","K. Abeywardena","Material support for family-based livelihood development","Batticaloa","Valachchenei (KP)","Muravodai Tamil","CDC","Kaushalya Wijeratne","5/24/2026","Sarojini is a tailor and she was using old sewing machine.After the BDS intervention she got Juki machine.Now she is earning around 10000.00 monthly.","7.8927923, 81.5241349","She is doing her business well than before.","Ajith Kariyawasam"
"2e23e502-d1f3-4502-b999-f96e1e0d0e9b","J. Jayawardhane","Material support for family-based livelihood development","Batticaloa","Valachchenei (KP)","Muravodai Tamil","CDC","Kaushalya Wijeratne","5/24/2026","Nirojan is doing lagoon fishing.He has not own canoe, After the BDS intervention he got a canoe.","7.8942261, 81.522471","He is doing fishing well","Ajith Kariyawasam"
"eb93646f-a893-4e8b-a4bc-fbed84cc5873","K. Silva","Material support for family-based livelihood development","Batticaloa","Pattipalai (MSW)","Muthalaikkudah","CDC","Kaushalya Wijeratne","5/25/2026","Sritharan is doing fishing in muthalaikkudah.He is single and engaging actively.","7.6344118, 81.7035538","He is speakinclearly.Anyhow working actively.","Piyal Ekanayake"
"e7e6f7f2-5ced-409e-8da9-31ea7b22405d","J. Dias","Material support for family-based livelihood development","Batticaloa","Valachchenei (KP)","Muthalaikkudah GND","CDC","Kaushalya Wijeratne","5/25/2026","Raveendran is a Fisher man he used rented canoe for fishing before bds intervention.After the BDS intervention expanses on rent is reduced.","7.6333761, 81.7062122","He is engaging in fishing actively ","Ajith Kariyawasam"
"04ded15c-6249-4642-bdaf-168f2ba702a8","A. Senanayake","Material support for family-based livelihood development","Batticaloa","Valachchenei (KP)","Muthalaikkudah","CDC","Kaushalya Wijeratne","5/25/2026","Thuraisingham is involving fishing.After the bds interventions he got a canoe.","7.6342024, 81.7088182","He is actively engaging in fishing","Ajith Kariyawasam"
"1793f6d1-a714-4722-99ab-733a899d6d31","K. Fernando","Material support for family-based livelihood development","Batticaloa","Valachchenei (KP)","Muthaikkudah","CDC","Kaushalya Wijeratne","5/25/2026","Venukopal is a fisherman,he is doing actively.Before the intervention he was using rented canoe.Now Berendina was given a canoe.","7.6323688, 81.7085324","He is actively engaging and satisfied ","Ajith Kariyawasam"
"19efdebe-23a6-447d-ab2d-a104eb0580aa","L. Rathnayake","Material support for family-based livelihood development","Batticaloa","Pattipalai (MSW)","Muthalaikudah GND","CDC","Kaushalya Wijeratne","5/25/2026","Raj was using rented canoe for fishing before Bds intervention.After the LH intervention,he got new canoe for fishing.","7.6330394, 81.7055207","He is actively engaging in fishing","Piyal Ekanayake"
"fca44bf0-d268-4f4d-baab-050f283c76cc","K. Jayasuriya","Material support for family-based livelihood development","Batticaloa","Valachchenei (KP)","Kalmadu GND","CDC","Kaushalya Wijeratne","5/25/2026","Kala is an energetic entrepreneur in Kalmadu.She is living with her 2 sons only.She running a shop in kalamadu.She preparing dhal vade and selling.She earns around 2000 per day.","7.9120656, 81.544223","She is running successfully her business for long time. She needs some more support to develop her business.","Ajith Kariyawasam"
"87fbb4e9-ce1f-4939-bbeb-98dff860f3a5","K. Ekanayake","Material support for family-based livelihood development","Batticaloa","Valachchenei (KP)","Kalmadu GND","CDC","Kaushalya Wijeratne","5/25/2026","Kunathasan is a herat patient he was selling groundnut business.After the bds intervention he received a pop corn machine.","7.9122208, 81.5428434","He runs his business well.","Ajith Kariyawasam"
"a7d003e5-f1e3-472d-a853-d34023c496d9","Beneficiaries","MenCare","Batticaloa","Valachchenei (KP)","Kalmadu,Kinnayadi,Muravodai Tamil and Sungankerny","CDC","Kaushalya Wijeratne","5/23/2026","","7.916542, 81.5254916","Mencare session conducted for bds beneficiaries or spouces of bds Beneficiaries Participants were actively engaged.It was second session for this year.Same beneficiaries were participated to first session as well.","Ajith Kariyawasam"
"de98de28-3930-4531-b16c-c57d072269eb","Vimukthi Hettiarachchi","Financial support for obtaining NWSDB water connections","Trincomalee","Verugal","Ilangathurai ","CDC","Muthuselvi Paramasivam","11/19/2025","11","8.3446485, 81.3738915","","Rajeswari Ponnambalam"
"55e15732-c2aa-47e1-a08c-08f54c92aeb7","N. Samarasinghe","Renovation of houses","Batticaloa","Pattipalai (MSW)","Muthalaikudah","CDC","Muthuselvi Paramasivam","11/10/2025","Husband is labour by profession . Family consist of 4 members including 2 children. Elder son is person with disability ( mentally stunted) younger daughter 3 years old. No aswesuma allowance. They have been living in semi permanent house for 11 years. Currently 150 Square feet house with asbestos roofing. Ownership belong to beneficiary . Lower income not allowed to construct by own. Currently they are facing difficulty in living because of not enough space and also difficult in handling elder son also ground is submerged during flood

Active client in BMIC due 115000","7.6321899, 81.7079149","Project approved and quotation obtaining in progress","Piyal Ekanayake"
"3a9f4e96-3816-4060-b275-31a249d7a1b0","Sarath Abeywardena","Renovation of houses","Batticaloa","Valachchenei (KP)","Kalmadu","CDC","Muthuselvi Paramasivam","11/11/2025","Beneficiary is living with husband and 2 children. They have been living in A partly built house with not enough spaces.aswesuma allowance 10000.00 active bmic client. Her husband is Mason by profession and only income earner. Family financial situation not allowed construct by own","7.9153269, 81.5455293","First payment released. 2nd payment approved on October 31st but still not deposited to contractor","Ajith Kariyawasam"
"3dab7757-e982-446f-94cd-c12e7185ab59","D. Rajapaksha","Renovation of houses","Batticaloa","Valachchenei (KP)","Kinnaiyady","CDC","Muthuselvi Paramasivam","11/11/2025","Beneficiary is 62 years old living with husband and daughter. They have been living in a temperorly shed for longer. Last year they constructed house with the space of 150 Square feet. However the space was not enough. Family financial situation is very poor. Husband working as night watch man and also running small grocery shop. Daughter  is working in a shop.  Aswesuma 10000.00 not bmic loan","7.916273, 81.5452068","Quotation obtaining in pro5","Ajith Kariyawasam"
"9029d9bf-64b0-4adc-820d-c2c34e64ecbf","Anil Bandara","Renovation of houses","Batticaloa","Valachchenei (KP)","Kinnaiyady ","CDC","Muthuselvi Paramasivam","11/11/2025","Beneficiary is 37 years old living with husband( mason) 3 children.  2 son and one daughter.  Family have been living in partly constructed house for 10 years. Family face challenges like rain water leakage and not enough space. Aswesuma 5000.00 not bmic loan","7.8835478, 81.5271347","First payment not released yet","Ajith Kariyawasam"
"9261e683-6b05-4311-8fb0-05b64fd9733a","Iresha Wijeratne","Renovation of houses","Batticaloa","Pattipalai (MSW)","Kokkaticholai ","CDC","Muthuselvi Paramasivam","11/12/2025","Beneficiary is 46 years old separated women living with daughter 25 years old garment worker. Family living without husband for 23 years. Daughter is the only income earner. They lived in partly constructed small space house. They face difficulties in rainy time and also unsafe.  Their financial situation not allowed to construct house by own. No aswesuma allowance ","7.6138503, 81.7097397","Construction is started one day before basement work is ongoing ","Piyal Ekanayake"
"afcdeda4-2f07-4fd5-b467-1261ce067dba","R. Amarasinghe","Construction of new houses","Batticaloa","Pattipalai (MSW)","Kadukamunai","CDC","Muthuselvi Paramasivam","11/12/2025","Beneficiary is single mother living with 5 years old daughter , mother and elder brother who is mentally disable. Husband left 5 years ago. They are living in a very small house constructed by bricks but space is not enough to live 4 members.  Aswesuma allowance 5000.00 . Her brother is care taker of this family who is in abroad. They don't have any other income opportunities.  Land ownership currently belong to beneficiary mother but they agreed to give her daughter.  Toilet is available","7.5928715, 81.7438021","One room must be ventilated properly ","Piyal Ekanayake"
"b71221d7-ac1f-4004-bf4b-fc6fe750b520","Malini Perera","Construction of new houses","Trincomalee","Verugal","Ilangathurai ","CDC","Muthuselvi Paramasivam","11/17/2025","Husband is physically unfit . Living with wife and son e years old. Aswesuma 10000. Living in small temperory shed for 5 years ","8.3487037, 81.3724513","Project related documents not aviation field","Rajeswari Ponnambalam"
"2a5844db-184c-47aa-bae5-d1cd295b73ff","Chathuri Perera","Construction of new houses","Trincomalee","Verugal","Karukamunai","CDC","Muthuselvi Paramasivam","11/17/2025","Living with 2 daughters no aswesjma. Living in temperory shed 8 years","8.3128941, 81.3677176","Project document not available at field ","Rajeswari Ponnambalam"
"742c9ecd-3cc2-42d9-9686-edf7fcfd86e0","K. Fernando","Renovation of houses","Trincomalee","Kinniya","Faisal nagar","CDC","Muthuselvi Paramasivam","11/18/2025","Family living with 2 sons living for 5 years in a small semi constructed house . Aswesuma 5000.00. Land ownership is fine. Beneficiary agreed for material contribution ","8.4844153, 81.1860499","Work has not started yet","Buddhika Kariyawasam"
"49825fb3-c42f-4c0d-b5bb-d2ea4e8ef6d9","R. Farook","Renovation of houses","Trincomalee","Kinniya","Faisal nagar","CDC","Muthuselvi Paramasivam","11/18/2025","4 family members 2 daughter. Living in semi permanently constructed house 2 years. Aswesuma 10000.00 berendina active loan 50000.","8.4795114, 81.195853","Partner with vanni hope for contribution","Buddhika Kariyawasam"
"9b179fd2-defc-4826-b31a-3bedfbabf4e4","Champika Amarasinghe","Renovation of houses","Trincomalee","Serunuwara","Mahaweligama","CDC","Muthuselvi Paramasivam","11/19/2025","4 family members. Aswesuma 5000.00","8.2983477, 81.2907061","Project related documents not available. Work has not done according to time frame","Rajeswari Ponnambalam"
"66d7e649-2010-4833-a266-8bf27a3e345e","N. Jayawardhane","Construction of new houses","Trincomalee","Serunuwara","Lingapuram","CDC","Muthuselvi Paramasivam","11/19/2025","5 family members 3 daughter. Husband is got accident at bed rest for 10 months. Aswesuma 5000.00","8.322639, 81.2631324","","Rajeswari Ponnambalam"
"a58009ba-fff9-438f-bb8a-ac8f7767f4ab","Sarath Ranasinghe","Renovation of houses","Mullaitivu","Maritimepattu","Mullivaikal East","CDC","Kaushalya Wijeratne","3/11/2026","Toilet and rooms no door","9.314769, 80.7812622","","Kokila Navaratnam"
"d56ad76e-d8f7-4e51-b375-3876a516bfb6","Tharshini Muruganantham","Renovation of houses","Mullaitivu","Maritimepattu","Mullivaikal west","CDC","Kaushalya Wijeratne","3/11/2026","House renovation completed to disable family. Both Husband and wife disable.They have 3years old daughter.","9.314769, 80.7812622","Some repairs need to be done in windows and main doors.Locks and handle didn't work properly. ","Kokila Navaratnam"
"37bfea23-47a9-4f93-8574-d77ce1cf4b68","Kaushalya Weerasinghe","Renovation of houses","Mullaitivu","Maritimepattu","Mullivaikal East","CDC","Kaushalya Wijeratne","3/11/2026","Floor need to complete.Doors and window are not standard.As leg impairment facing difficulties without proper flooring.Floor gets wet during rain.","9.314769, 80.7812622","Just got approval for house renovation.Not yet started.","Kokila Navaratnam"
"9da399f8-46e3-4c7a-85ef-0a0c610feae8","Kamal Rajapaksha","Construction of new houses","Batticaloa","Pattipalai (MSW)","Muthalaikudah West","CDC","Kaushalya Wijeratne","3/30/2026","They were stayed at rented house before.She has a daughter who is 16 years old.","7.6272353, 81.7112524","Construction is going on.","Piyal Ekanayake"
"b546710b-7492-4abe-a642-a7961f200d27","S. Senanayake","Construction of new houses","Trincomalee","Verugal","Ilankaithurai Echilampattu","CDC","Kaushalya Wijeratne","5/11/2026","Lingeswaran has 3 daughters.Currently he is living in a temporary house.He was contributed financially and physically.","8.3468096, 81.3741171","","Rajeswari Ponnambalam"
"34c4dae6-adec-4617-937c-71a2f0041c2b","P. Gunawardena","Renovation of houses","Trincomalee","Kinniya","Final Nagar","CDC","Kaushalya Wijeratne","5/11/2026","She has two children and they were living in uncomfortable house.They using relatives toilet.After the BDS intervention they have new toilet with renovated house.","8.4830588, 81.1908037","Everything fine.","Buddhika Kariyawasam"
"d9ea76f0-e9e0-4c5d-8c9c-c04434824275","K. Herath","Renovation of houses","Trincomalee","Kinniya","Faizal Nagar","CDC","Kaushalya Wijeratne","5/12/2026","Risana has two kids.Husband working as labour.BDS provided house renovation support.","8.4792721, 81.195601","They are satisfied now.","Buddhika Kariyawasam"
"d96693f5-6624-4381-8d6e-7137148f1971","Bt/vaalkattu school","Support school infrastructure development","Batticaloa","Pattipalai (MSW)","Vaalkattu","CDC","Muthuselvi Paramasivam","11/12/2025","Activity class's room is not upto standard requirements.  Therefore identify to improve the one class room with activity pictures.  And also toilet water supply is damaged. It also planned to renovate the water supply facilities ","7.5925807, 81.7436861","Payment has approved and released  1 week ago but work has not started yet. Principal reponse is poor","Piyal Ekanayake"
"d4e91e79-fd2e-474a-8d37-91e0a74f27ec","I. Mendis","Construction of toilets","Batticaloa","Pattipalai (MSW)","Kokkaticholai ","CDC","Muthuselvi Paramasivam","11/10/2025","Beneficiary is labour living with wife and daughter.  Wife is garment worker. Daughter is schooling. They have been living  the partly build house for 10 years. They used neighbours toilet for longer. Thus make them feel guilty and dependency. Financial lack not allowed them to construct toilet by own. Asewsjma allowance 5000.00","7.6209191, 81.7065147","No","Piyal Ekanayake"
"6589037c-3abc-4b6e-8d78-740fb5cada61","S. Rasaratnam","Construction of toilets","Nuwara Eliya (Rural)","Pattipalai (MSW)","Kokkaticholai ","CDC","Muthuselvi Paramasivam","11/10/2025","Beneficiary is labour by profession living with wife and two children.  Elder one is grade 2 schooling , younger one is 3 years old. They have been living in partly build house for 11 years. They used neighbours toilet for longer. Thus make feel guilty and dependency","7.6170302, 81.7100856","Challenged face is now ceased ","Piyal Ekanayake"
"6333f4ef-76fc-47db-9c73-bfa7f3d2c362","Nadeeka Wijeratne","Construction of toilets","Batticaloa","Valachchenei (KP)","Kalmadu","CDC","Muthuselvi Paramasivam","11/11/2025","Beneficiary 45 years old fisherman living with wife and 15 years old daughter. They have Benn living in temperorly constructed house for 5 years. They are using neighbours toilet for longer","7.9018692, 81.5541651","Pit construction done but not fully, stall construction work not started yet","Ajith Kariyawasam"
"f88c2c5f-efcd-4fbd-a800-2b75ad9d0525","Sanduni Wijeratne","Construction of toilets","Batticaloa","Valachchenei (KP)","Kinnaiyady ","CDC","Muthuselvi Paramasivam","11/11/2025","Beneficiary living with husband and 3 children. Elder son is working as labour at colombo. 2nd son is person with disability. They have been toilet of neighbours for longer. However it was difficult for their pwd son.","7.8871793, 81.5282571","Construction is ongoing, comatose and door fix is pending ","Ajith Kariyawasam"
"4ba4d64f-7dd4-48c3-91cc-98409d6c1743","K. Ekanayake","Construction of toilets","Batticaloa","Valachchenei (KP)","Muravodai tamil","CDC","Muthuselvi Paramasivam","11/11/2025","Beneficiary is 31 years old house wife living with husband ( labour) and 2 daughter schooling . They have been living in the house for 10 years without toilet facilities.  They used neighbours.  Aswesuma 17500.00","7.8835008, 81.5263578","","Ajith Kariyawasam"
"431486d6-5be8-41fc-bd82-ea04f745ef66","Balasubramaniam Sinnathurai","Construction of toilets","Trincomalee","Verugal","Ilangathurai","CDC","Muthuselvi Paramasivam","11/17/2025","Separate women living with one son return from material support","8.3441961, 81.3716819","No project document access at field. Water is not available at the promises currently using neighbours Water source. Recommended to provide Water facilities asap","Rajeswari Ponnambalam"
"a53f90e7-240c-44ef-a511-47bf8cca263e","Upul Ekanayake","Construction of toilets","Trincomalee","Verugal","Ilangathurai","CDC","Muthuselvi Paramasivam","11/17/2025","3 family members wife son 1.5 years no aswesuma. Living 5 months earlier with mother. No aswesuma. ","8.345881, 81.3730294","Water sources not available in the premises. Berendina in progress to provide to water supplyPProjectdocument not available at field ","Rajeswari Ponnambalam"
"114152ae-4bed-4226-b591-28f7272863e9","Ruwan Jayawardhane","Construction of toilets","Trincomalee","Verugal","Ilangathurai","CDC","Muthuselvi Paramasivam","11/17/2025","Aswesuma 5000, fishermen . Living with wife daughrt 2.5 years. Living in premises 1 year","8.3474778, 81.3734177","Project related documents not available at field,  concrete plate thickness not standard need to be corrected ","Rajeswari Ponnambalam"
"3115539a-a992-4833-a967-f9af2343c98d","Leela Abeywardena","Construction of toilets","Trincomalee","Verugal","Ilangathurai ","CDC","Muthuselvi Paramasivam","11/17/2025","Living with wife and daughter 4 years no aswesima living since 2021 used neighbours toilet","8.3489025, 81.3734176","Project document not available, no water source at field ","Rajeswari Ponnambalam"
"37036828-7302-44ba-a2b8-5072e357f8ee","Nihal Silva","Construction of toilets","Trincomalee","Verugal","Ilangathurai ","CDC","Muthuselvi Paramasivam","11/17/2025","Living with wife and son asweshma 5000","8.3483578, 81.3738135","Project related documents not available.  No water source in premises. Using neighbours source","Rajeswari Ponnambalam"
"22ceb242-42f1-4e98-a085-dd50b2b13819","A. Senanayake","Construction of toilets","Trincomalee","Verugal","Karukamunai","CDC","Muthuselvi Paramasivam","11/17/2025","Living with wife daughter  2 years. Aswesuma 100000. Living in premise 1 year used neighbours toilet","8.3164517, 81.3692701","Project document not available at field","Rajeswari Ponnambalam"
"d013cd7b-507a-47c5-8548-7404275427ec","Kamal Fernando","Construction of toilets","Trincomalee","Verugal","Karukamunai ","CDC","Muthuselvi Paramasivam","11/17/2025","Aswesuma 17500.00. Living inpremises 19 years . Used neighbours toilet. ","8.3069803, 81.3751697","Project document not available at field. Construction completed with good quality ","Rajeswari Ponnambalam"
"93203797-c7c7-4619-8288-ececa99d6655","R. Rathnayake","Construction of toilets","Trincomalee","Kinniya","Faisal nagar","CDC","Muthuselvi Paramasivam","11/18/2025","Same as previous.  They did not have toilet inside premises. Used neighbours","8.4831551, 81.1933083","","Buddhika Kariyawasam"
"beea129b-c79e-4a76-9656-645a48c9cd07","Balasubramaniam Sinnathurai","Construction of toilets","Trincomalee","Kinniya","Faisal nagar","CDC","Muthuselvi Paramasivam","11/18/2025","5 family members 3 daughter University. Came to land 1 year ago. Old toilet was damaged smell out. Aswesuma 5000.00","8.4730055, 81.1942192","Agreement not available at field","Buddhika Kariyawasam"
"69232d8f-24fc-4161-990b-68da83967a51","Chinthaka Wijesinghe","Construction of toilets","Trincomalee","Serunuwara","Somapura","CDC","Muthuselvi Paramasivam","11/19/2025","4 families members 2 children. Aswesuma no. Used neighbours toilet. Living in house 6 months.","8.3115092, 81.2717176","No files no water sources ","Rajeswari Ponnambalam"
"9db03406-f33c-44ff-94e4-4dc6b7000dde","Ganesan Navaratnam","Construction of toilets","Mullaitivu","Maritimepattu","Mullivaikal West","CDC","Kaushalya Wijeratne","3/11/2026","They used neighbours toilet last one year.This is now very useful because my kids easily accessed.
 ","9.314769, 80.7812622","Everything fine","Kokila Navaratnam"
"30d1f24c-2c1f-48e5-92ca-1788419a0fbd","R. Ranasinghe","Construction of toilets","Batticaloa","Pattipalai (MSW)","Muthalaikudah Westn","CDC","Kaushalya Wijeratne","3/30/2026","Currently they using neighbours(mother)toilet.She has 3 children.They don't have permanent house as well.","7.6337543, 81.705338","Not yet started construction ","Piyal Ekanayake"
"ee73faff-a734-47d3-b5db-c77ea8cb155a","Nazar Careem","Vocational/professional/ soft skill development of youth","Trincomalee","Kinniya","Kuttikarachi","YDC","Muthuselvi Paramasivam","11/18/2025","After a/l started currently also doing a/l no aswesuma  1st shy 2c s","8.475614, 81.1733468","","Selvarani Navaratnam"
"4927e019-afdb-41e8-8e8d-9880439136bb","Nadeesha Rathnayake","Vocational/professional/ soft skill development of youth","Trincomalee","Kinniya","Naduooghu","YDC","Muthuselvi Paramasivam","11/18/2025","Just married 3 months before . 1st shy results Cs going to sit next year . 21 years old","8.4737904, 81.1555989","She is currently idli","Selvarani Navaratnam"
"6e5029e9-2238-4583-9383-f24abf41a06e","Sarath Amarasinghe","Vocational/professional/ soft skill development of youth","Trincomalee","Kinniya","Maancholai","YDC","Muthuselvi Paramasivam","11/18/2025","Al, 2c s , currently doing 2nd shy arts twins. Family 5 members FATHER Canoe fiber work","8.4736781, 81.1550713","Twin sisters followed the course. Out at samurdhi office","Selvarani Navaratnam"
"50ea5a10-d097-44ca-99d5-5381325e06de","Faiza Careem","Vocational/professional/ soft skill development of youth","Trincomalee","Kinniya","Mancholai","YDC","Muthuselvi Paramasivam","11/18/2025","Same","8.4965101, 81.1863644","Sitting for 2nd shy . OJT at communication shop","Selvarani Navaratnam"
"8ad65d11-a219-40ba-aeb9-d762aa69a718","S. Wijeratne","Vocational/professional/ soft skill development of youth","Trincomalee","Kinniya","Mancholaichenai","YDC","Muthuselvi Paramasivam","11/18/2025","6 family members . Father is tailor . No aswesuma","8.4970279, 81.1866822","Course is ongoing qt naira. 1.5 months","Selvarani Navaratnam"
"fa08a2c2-c5e9-47d7-a764-f9f8d08ba60d","S. Hettiarachchi","Vocational/professional/ soft skill development of youth","Trincomalee","Kinniya","Adapter vayal","YDC","Muthuselvi Paramasivam","11/18/2025","8 family members  including parents . F8 years old not sat for Al. No aswesuma","8.5034149, 81.1796912","","Selvarani Navaratnam"
"b41edd7b-5c18-4c74-8ffc-5ccd22625c2e","Vasanthi Thevarajan","Provide material support for youth enterprise development","Batticaloa","Valachchenei (KP)","sungankerny","YDC","Kaushalya Wijeratne","3/17/2026","Tailoring supports.Zoji machine provided.","7.8915397, 81.5282556","Youth doing the business well.Invested in button machine.Planning to buy overlook machine ","Anusha Rathnayake"
"872ff442-849e-4b18-be86-ea8458aaa6fe","K. Rajendran","Provide material support for youth enterprise development","Batticaloa","Valachchenei (KP)","Sunkankerny","YDC","Kaushalya Wijeratne","3/17/2026","He is experienced welder.Worked as paid labour in welding shop.After the BDS intervention,He is doing his own business.","7.8837491, 81.5285917","Since he is living in village no visibility to his business.I recommended him to increase the visibility.","Anusha Rathnayake"
"1ea8d8b8-5685-42c0-a17f-6cd7a4d59edf","V. Jeyachandran","Provide material support for youth enterprise development","Batticaloa","Valachchenei (KP)","sungankerny","YDC","Kaushalya Wijeratne","3/17/2026","Dhaushkanth is a carpenter.He was working under other carpenter.After the BDS interventions started his own business.","7.8834841, 81.5307174","Need marketing and get more orders.","Anusha Rathnayake"
"1e9c17ea-ebec-4504-9b79-c87699d81fa3","N. Gunawardena","Provide material support for youth enterprise development","Batticaloa","Valachchenei (KP)","Sungakerny","YDC","Kaushalya Wijeratne","3/17/2026","He is working with previous employer and undertaking new orders own as well.","7.8824078, 81.5288794","He is motivated ","Anusha Rathnayake"
"e25aa9a7-56d6-4e23-bbf3-cc38c81e2643","Chathuri Wijeratne","Provide material support for youth enterprise development","Batticaloa","Valachchenei (KP)","Kinnayadi","YDC","Kaushalya Wijeratne","3/17/2026","He is doing his work active","7.8844487, 81.5294447","He is doing his work actively ","Anusha Rathnayake"
"0f00dc2e-925e-4000-9a46-c383fbda8640","Chinthaka Bandara","Provide material support for youth enterprise development","Batticaloa","Valachchenei (KP)","Muravodai Tamil","YDC","Kaushalya Wijeratne","3/17/2026","She is continue her tailoring.Ari work course also useful to value adding.","7.8816712, 81.52808","She is doing great.","Anusha Rathnayake"
"833db3ec-6933-48ad-8edc-5a11db63b98a","Kusum Perera","Provide material support for youth enterprise development","Batticaloa","Valachchenei (KP)","Kinnayadi","YDC","Kaushalya Wijeratne","3/23/2026","He is doing the job well now.Earlier he was working under an employer.He was earning around 3000/= per day.Now he earns around 5000/=.After providing the assets by BDS,His living condition has changed lot.","7.8810974, 81.526317","He is doing well and have plan to expand the business.He maintaining the basic documents.","Anusha Rathnayake"
"12ddecad-9c02-4116-865a-f582f7f65406","Chandrakala Vaithilingam","Provide material support for youth enterprise development","Batticaloa","Valachchenei (KP)","Kinnayadi ","YDC","Kaushalya Wijeratne","3/23/2026","Now Income is satisfied.Before difficult to managed.Less savings,High cost of living and worked under employer and get tools for rent.","7.8810974, 81.526317","He is doing well,getting more orders locally and out station.","Anusha Rathnayake"
"25e2c7f1-4729-4cdd-89b4-79a0599afd31","Sriyani Perera","Provide material support for youth enterprise development","Batticaloa","Valachchenei (KP)","Kinnayadi","YDC","Kaushalya Wijeratne","3/23/2026","He is getting new works currently Before he was getting tools for rent.","7.8787986, 81.5251629","He has work and demand his works.","Anusha Rathnayake"
"d14ecc62-7956-4c53-a9b4-58a386a44473","K. Wijesinghe","Provide material support for youth enterprise development","Batticaloa","Valachchenei (KP)","Kalkudah","YDC","Kaushalya Wijeratne","3/24/2026","She was good entrepreneur but she doesn't have enough facilities to keep the cloths.Now she is running her businesses.","7.7321955, 81.6978244","Baby over lock machine is repairs since large month.She didn&#39;t use her machine.
If she has big machine tailoring will be neat.","Anusha Rathnayake"
"f95cebf7-053d-41c2-b095-4482c3ea0725","I. Weerasinghe","Provide material support for youth enterprise development","Batticaloa","Valachchenei (KP)","Kalkudah","YDC","Kaushalya Wijeratne","3/24/2026","Before providing relevant tools,I used to go another institution to do the works.I spend whole day for cutting and drilling.Now my time is spending efficiently.","7.9175419, 81.5557769","She has business ideas and order.need to do documentation.","Anusha Rathnayake"
"dd7d3a6c-63da-4c2d-a43a-a8f4f3efdef4","R. Weerasinghe","Provide material support for youth enterprise development","Batticaloa","Valachchenei (KP)","Kalkudah","YDC","Kaushalya Wijeratne","3/24/2026","Before he gets required tools for rent. 2000/= lkr spends for rental","7.9192967, 81.5582336","Need to improve documentation ","Anusha Rathnayake"
"90c25fe7-ccb0-4ad0-9acc-c1f2d3136a8b","K. Peiris","Provide material support for youth enterprise development","Batticaloa","Valachchenei (KP)","Muravodai Tamil","YDC","Kaushalya Wijeratne","3/24/2026","Before providing assets who gets assets to rent and additional expanses.","7.9003133, 81.517196","Need to improve documentation ","Anusha Rathnayake"
"5747918c-261d-4797-942b-18d4af73ede0","B. Senanayake","Provide material support for youth enterprise development","Batticaloa","Valachchenei (KP)","Muravodai Tamil","YDC","Kaushalya Wijeratne","3/24/2026","Before, he gets tools for rent","7.9001419, 81.518927","Need to track all","Anusha Rathnayake"
"baff53a8-1ab2-4c0d-b792-ca7bbba9fc06","P. Gunasekara","Provide material support for youth enterprise development","Batticaloa","Valachchenei (KP)","Muravodai Tamil","YDC","Kaushalya Wijeratne","3/24/2026","She is involving in tailoring since 2013.But she doesn't have own sewing machine.Now she is doing well.","7.8983031, 81.5196196","She is motivated doing job well","Anusha Rathnayake"
"d47ca4e0-9751-494a-9310-a49b057a2d7e","Ruwan Gunasekara","Provide material support for youth enterprise development","Batticaloa","Valachchenei (KP)","Muravodai Tamil","YDC","Kaushalya Wijeratne","3/24/2026","She was sewing in her existing machine, she wanted to buy overlock  and juki machine to expand her business.","7.8948086, 81.5194244","She needs to improve the record keeping.","Anusha Rathnayake"
"ffe46894-3805-4337-a1ed-c4f4df656027","M. Balachandran","Provide material support for youth enterprise development","Batticaloa","Valachchenei (KP)","Muravodai Tamil","YDC","Kaushalya Wijeratne","3/24/2026","Before he works with his brother,required tools getting from his brother","7.8954691, 81.5220287","He has continue works","Anusha Rathnayake"
"668370a1-6708-4a63-97b8-a280919202a5","C. Kodithuwakku","Provide material support for youth enterprise development","Batticaloa","Valachchenei (KP)","Karuwakerny","YDC","Kaushalya Wijeratne","3/24/2026","In 2021 she has following a tailoring training in DS office and start doing tailoring her own machine.","7.9037133, 81.5318403","She is doing her business well.","Anusha Rathnayake"
"12b55fcc-607e-46f6-87d6-0d5c43d8ef36","Sriyani Ekanayake","Provide material support for youth enterprise development","Batticaloa","Valachchenei (KP)","Kalkudah","YDC","Kaushalya Wijeratne","3/24/2026","Before he was using normal chair for his saloon","7.9037133, 81.5318403","He is actively engaging in his business ","Anusha Rathnayake"
"eaea1581-0c87-4893-8d0c-6ab200670d7a","Wasantha Herath","Provide material support for youth enterprise development","Batticaloa","Pattipalai (MSW)","Munaikadu North","YDC","Kaushalya Wijeratne","3/30/2026","Before he was a labourer,after the intervention he is doing his work by his own.He earns more than before.","7.6310202, 81.706271","He is doing his work well.","Anusha Rathnayake"
"b6515ce5-573d-45c6-8f86-48077dbad7bf","Thilini Dissanayake","Provide material support for youth enterprise development","Batticaloa","Pattipalai (MSW)","Muthalaikudah West","YDC","Kaushalya Wijeratne","3/30/2026","He was working as labourer and now he is working own.","7.6347994, 81.7049918","He is doing well","Anusha Rathnayake"
"75abffa8-7bf2-46a4-8be4-e67f34654113","Nihal Hettiarachchi","Provide material support for youth enterprise development","Batticaloa","Pattipalai (MSW)","Munaikadu North","YDC","Kaushalya Wijeratne","3/30/2026","Before he was doing his work using existing tools.After the interventions he under take new orders and work.","7.6154016, 81.7137055","His works are fine going well","Anusha Rathnayake"
"f4c48eb1-8664-4b0f-b968-8e5795698209","K. Wickramasinghe","Provide material support for youth enterprise development","Trincomalee","Verugal","Echilampattu Ilankaithurai","YDC","Kaushalya Wijeratne","5/10/2026","7 years experienced in tailoring.Before receiving overlock machine she doesn't get more orders.Now she undertakes T-shirt and other orders because of Over lock machine.BDS gave baby over lock machine and Button machine.","8.3400869, 81.3718433","She is doing her business well","Selvarani Navaratnam"
"72a0f677-1187-4af9-addc-0ca1b080e5e0","H. Karunaratne","Provide material support for youth enterprise development","Trincomalee","Serunuwara","Lingapuram GND","YDC","Kaushalya Wijeratne","5/11/2026","Before She was using manual sewing machine.That time she stiched only one dress in a day.After electrical sewing machine provided she makes 3 per day.She earns around 20000 to 25000 monthly ","8.3339008, 81.2630205","She is running her business well.","Selvarani Navaratnam"
"1c542e0b-6315-4719-9669-64930d935b22","S. Dissanayake","Provide material support for youth enterprise development","Trincomalee","Serunuwara","Lingapuram GND","YDC","Kaushalya Wijeratne","5/11/2026","She was doing tailoring by normal machine with difficulties.Later BDS provided advanced sewing machine for tailoring.","8.3283874, 81.2644639","She is doing her work well","Selvarani Navaratnam"
"4983fda6-07dc-48a8-9a9b-9075382aa872","N. Amarasinghe","Provide material support for youth enterprise development","Trincomalee","Kinniya","Faizal Nagar GND","YDC","Kaushalya Wijeratne","5/13/2026","J.Rifna is a trained tailor and working for last 16 years.She has 3 kids.Before the support she has burnt machine.She used known people's machine for tailoring.","8.4823708, 81.1903313","She needs to start saving","Selvarani Navaratnam"
"0eb5f94d-4827-41d7-a7f0-fb19ff153b0c","I. Silva","Provide material support for youth enterprise development","Trincomalee","Kinniya","Faizal Nagar","YDC","Kaushalya Wijeratne","5/13/2026","Nismiya is young entrepreneur, she prepared sweets and snacks for selling. BDS has provided materials for food preparation.","8.4830151, 81.1895387","She is a young entrepreneur and doing her business well.","Selvarani Navaratnam"
"5c0c7092-3cec-4b55-8771-5c1c09371d4e","T. Dissanayake","Provide material support for youth enterprise development","Trincomalee","Kinniya","Mahroof Nagar GND","YDC","Kaushalya Wijeratne","5/13/2026","Akeel is a disable person,he is 21 years old.He runs a mobile shop.BDS provided mobile repairing tools,It is helpful his business development.
","8.4915834, 81.1865126","He is doing his business nicely.","Selvarani Navaratnam"
"20a9bc38-26d9-41c3-a5de-612f0d2e1b63","A. Abeywardena","Provide material support for youth enterprise development","Trincomalee","Kinniya","Mahamar GND","YDC","Kaushalya Wijeratne","5/13/2026","Thaseer has two children, he is running motorbike repairing garage.Before he doesn't have enough tools for running his business,Berendina provided required tool for him.","8.4818224, 81.1679356","Some of the BDS provided tools Were stolen.","Selvarani Navaratnam"
"3b2c97b3-8f71-4875-bff0-2fb6071b2679","G. Karunaratne","Provide material support for youth enterprise development","Trincomalee","Kinniya","Kachakoditheevu","YDC","Kaushalya Wijeratne","5/13/2026","Jeseer running a saloon for last four years.He has old saloon chair and accessories.BDS provided materials for his work.","8.4764134, 81.1574506","He is working well","Selvarani Navaratnam"
"ea68cdfe-f08d-43f8-9439-7bf10dbb66f2","Great Western School Children","Providing assistive devices to PWDs","Nuwara Eliya (Plantation)","Thalawakele","Greatwestern","CDC","Selvarani Kanthasamy","1/23/2026","Provided Three spectacles for school students.","6.9517555, 80.6812586","The students received spectacles s per their specificationThe students received spectacles according to their specifications.","Krishnamoorthy Somasundaram"
"18b5a344-f370-4ae6-aa36-fa0671a258a2","Mattakele Community","Capacity building training/awareness sessions","Nuwara Eliya (Plantation)","Nuwara Eliya","Mattakele","CDC","Selvarani Kanthasamy","1/23/2026","The community members having less awareness on rights and entitlements.","6.9208261, 80.7060118","The Youth participants actively participated in the training. Female participants had an equal opportunity.","Priyantha Senanayake"
"0f79e647-e4d0-4345-a102-2d8f6a1c1109","Somerset School Students","Financial support for CSO/Youth club actions","Nuwara Eliya (Plantation)","Nuwara Eliya","Somerset","CDC","Selvarani Kanthasamy","2/9/2026","","6.938449, 80.7003883","The construction has been completed according to the estimate. Now, school students have a proper footpath, which has improved their safety.","Roshan Herath"
"c8021dd3-a3c0-40e7-9e76-d638a632fa63","Clarendon Avoca Division Pre-School Students","Financial support for CSO/Youth club actions","Nuwara Eliya (Plantation)","Nuwara Eliya","Clarendon","CDC","Selvarani Kanthasamy","2/9/2026","","6.9164339, 80.7227575","TThe fencing installation is in progress according to the estimate.","Roshan Herath"
"00ab74e8-1c26-423e-9722-86343fdde770","Great Western community people","Financial support for CSO/Youth club actions","Nuwara Eliya (Plantation)","Thalawakele","Great Western","CDC","Selvarani Kanthasamy","2/27/2026","","6.9467379, 80.697954","The construction is currently in progress, but the door lock has not been installed properly.","Krishnamoorthy Somasundaram"
"57d71395-6704-48fb-95bd-615d05901b31","Clarendon Lower division community people","Financial support for CSO/Youth club actions","Nuwara Eliya (Plantation)","Nuwara Eliya","Clarendon","CDC","Selvarani Kanthasamy","2/27/2026","","6.9236849, 80.7301484","Construction is currently underway, and the completed work aligns with the specifications.","Roshan Herath"
"eccff317-2bad-4a5f-9a61-0f9bf905b34f","Somerset School Children and Stakeholders","Financial support for CSO/Youth club actions","Nuwara Eliya (Plantation)","Nuwara Eliya","Somerset","CDC","Selvarani Kanthasamy","3/5/2026","","6.938449, 80.7003883","The construction was completed according to specifications, improving road access for students, teachers, and parents.","Roshan Herath"
"89fa3dc6-bb1f-483b-8776-54b4daa4856a","Abbotsleigh Community","Financial support for CSO/Youth club actions","Nuwara Eliya (Plantation)","Norwood","Abbotsleigh","CDC","Selvarani Kanthasamy","3/10/2026","","6.8850302, 80.5740428","The construction of the bridge has been completed, and now the community benefits from improved transportation facilities.","Sivakumar Ponnambalam"
"5a12724e-ca17-41b0-b650-075467dec46b","Fordyce Community","Financial support for CSO/Youth club actions","Nuwara Eliya (Plantation)","Norwood","Fordyce","CDC","Selvarani Kanthasamy","3/10/2026","","6.8584898, 80.6333618","The construction is now complete, and the community has a proper bus stand.","Uma Kumaraguru"
"ae8c8062-a52f-4dee-b2e9-d0f7ea73c893","Shanthipura Community","Financial support for CSO/Youth club actions","Nuwara Eliya (Rural)","Nuwara Eliya","Shanthipura","CDC","Selvarani Kanthasamy","3/11/2026","","6.9799153, 80.7490778","The Women Society did not complete the construction by the agreed-upon date.","Gayan Perera"
"60471abf-e968-4462-878a-25b7dd3defb0","Shanthipura Community","Financial support for CSO/Youth club actions","Nuwara Eliya (Rural)","Nuwara Eliya","Shanthipura","CDC","Selvarani Kanthasamy","3/11/2026","","6.9805801, 80.7461462","The construction has not started yet.","Gayan Perera"
"8d881bd7-02e7-4883-9cdb-e223eca3c100","Great Western Community","Financial support for CSO/Youth club actions","Nuwara Eliya (Plantation)","Norwood","Great Western","CDC","Selvarani Kanthasamy","3/11/2026","","6.9522132, 80.6898768","The construction has not started yet.","Krishnamoorthy Somasundaram"
"f548c65d-4a7e-481a-be34-84a49cd54a4e","Ingestre Community","Financial support for CSO/Youth club actions","Nuwara Eliya (Plantation)","Norwood","Ingestre","CDC","Selvarani Kanthasamy","3/20/2026","","6.8615878, 80.6269762","The renovation of the cultural hall has been completed, but the pavement in front of it remains unfinished.","Somawathi Karunaratne"
"11fe27d8-1b20-4be4-a46b-f6bf55a487fe","Great Western Community","Financial support for CSO/Youth club actions","Nuwara Eliya (Plantation)","Thalawakele","Great Western","CDC","Selvarani Kanthasamy","5/5/2026","","6.9474337, 80.6968459","The Construction has been completed.","Krishnamoorthy Somasundaram"
"334862df-453c-41fd-adb1-8c359f798b05","Great Western Community","Financial support for CSO/Youth club actions","Nuwara Eliya (Plantation)","Thalawakele","Great Western","CDC","Selvarani Kanthasamy","5/5/2026","","6.9512603, 80.681524","The Construction in ongoing","Krishnamoorthy Somasundaram"
"a7a0e537-9731-4f19-bee4-adbc91624bf1","Great Western Lusia Division Community","Financial support for CSO/Youth club actions","Nuwara Eliya (Plantation)","Thalawakele","Great Western","CDC","Selvarani Kanthasamy","5/7/2026","","6.9538815, 80.6878602","The material has been distributed, and construction needs to start.","Krishnamoorthy Somasundaram"
"1af28aab-a1c3-4a09-ba59-ca82c2c9d708","Mountwernon Middle division pre school children","Financial support for CSO/Youth club actions","Nuwara Eliya (Plantation)","Thalawakele","Mountwernon","CDC","Selvarani Kanthasamy","5/26/2026","","6.9629992, 80.6172591","The water pump installation is completed. Still water tank installation still remains unfinished. ","Uma Kumaraguru"
"2866fa12-adad-4e29-ab1c-c4959685f65c","South Wanaraja Community People","Health infrastructure development","Nuwara Eliya (Plantation)","Norwood","South Wanaraja","CDC","Selvarani Kanthasamy","3/5/2026","The Clinic center in the South Wanaraja was severely damaged that could not used by the people.","6.8636214, 80.5929043","Construction is currently ongoing, including the wall construction work.","Uma Kumaraguru"
"ed7bfb7f-7a0f-4428-8520-f9cff5c4e5e9","N. Peiris","Material support for family-based livelihood development","Nuwara Eliya (Plantation)","Norwood","Abortsily","CDC","Selvarani Kanthasamy","11/10/2025","The family consists of six members. A. Mangayakarasi is a housewife, and her husband works as an estate worker. They have children school-going children. The family is engaged in cattle farming. They were suffering due to damaged roofing. BDS has supported this family for material for roofing. The roofing the has been installed. The total investment is 131,300.00. Beneficiary contributed 51,300.00.","6.8859997, 80.5726755","The roofing sheets have been installed.","Sivakumar Ponnambalam"
"1a694ea0-0995-4b87-80ec-a989f7fdf945","R. Rajendran","Material support for family-based livelihood development","Nuwara Eliya (Plantation)","Norwood","Nanuoya","CDC","Selvarani Kanthasamy","11/11/2025","Items Provided: Saloon Chair, Shampoo bed, steamer
BDS contribution: 100,000.00
Berendina Contribution: 6,000.00
Date of support: 14/10/2025
The family has 7 members. He works along with his two brothers. He has 3 years of experience in the salon sector and holds an NVQ level certificate. Currently, he is engaged in salon activities. The provided items are in use.","6.9419884, 80.7450458","I provided items are in use.","Somawathi Karunaratne"
"566eb1a1-63dc-4089-b86d-9baae87bd60e","W. Kodithuwakku","Material support for family-based livelihood development","Nuwara Eliya (Plantation)","Norwood","Ingestre","CDC","Selvarani Kanthasamy","11/18/2025","V. Subramaniyam and his wife are both estate workers, and their family consists of six members. Their son is also employed as an estate worker. Before the BDS support they relied on borrowed equipment and manpower. ","6.8458994, 80.6463668","In 2023, the BDS supported the family to enhance their livelihood income by providing an Alkathene pipe and a petrol pump valued at Rs. 93,590.00. With this support, the family has cultivated leeks and beans. Their most recently reported income from the cultivation is Rs. 13,200.00.","Somawathi Karunaratne"
"5a24e57f-e86e-4fb3-9259-77bda0cae490","R. Paramasivam","Material support for family-based livelihood development","Nuwara Eliya (Plantation)","Thalawakele","Palmaston","CDC","Selvarani Kanthasamy","11/20/2025","B. Sureshkumar was engaged in vegetable cultivation to date of support. While is wife is a housewife. They have 03 children, all are school-going children. The family was highly dependent on manpower before the support.","6.94543, 80.6775771","The beneficiary is currently working in Colombo, and due to the decline in harvest, his father is now taking care of the vegetable cultivation. At the time of the visit, the beneficiary had planted radish and beans.","Sivakumar Selvanayagam"
"91f62908-1ed3-465a-b1c7-0cbab18e9b23","Sampath de Zoysa","Material support for family-based livelihood development","Nuwara Eliya (Plantation)","Nuwara Eliya","Mattakele","CDC","Selvarani Kanthasamy","1/19/2026","Mr. Vasagar was involved in the vegetable cultivation more than 10 yeas. 
Had no proper equipment for the cultivation.","6.9201549, 80.7052917","The beneficiary just has start preparing the land. At the time of visit the was not used the equipment provided.","Priyantha Senanayake"
"a474e2e8-f535-4886-845a-89c4dd99c304","Saman Senanayake","Material support for family-based livelihood development","Nuwara Eliya (Plantation)","Nuwara Eliya","Mattakele","CDC","Selvarani Kanthasamy","1/19/2026","The family has 4 members. He is an estate labourer and part-time, he is engaged in vegetable cultivation, brother is also working in the estate. He has 2 years of cultivation experience and access to adequate cultivation land. The cultivation land is vulnerable to wild animal attack. ","6.9210835, 80.6967822","The equipments are in use and improved the income","Priyantha Senanayake"
"8fd1d701-e449-479c-ac47-01a790ac92f6","B. Jayawardhane","Material support for family-based livelihood development","Nuwara Eliya (Plantation)","Nuwara Eliya","Mattakele","CDC","Selvarani Kanthasamy","1/19/2026","M. Kanagaraj is an estate laborer, and his wife works in a tailoring shop. They have four children, all of whom are studying. Both Mr. Kanagaraj and his wife have experience in tailoring but do not own a sewing machine.","6.9225645, 80.7100003","The machine in use and generates income.","Priyantha Senanayake"
"7db091d8-64a8-4a0f-b2f3-afab48831910","R. Ganesan","Material support for family-based livelihood development","Nuwara Eliya (Plantation)","Nuwara Eliya","Mattakele","CDC","Selvarani Kanthasamy","1/19/2026","R. Soundharajan is an estate laborer, and his wife is a housewife. They have two school-going children. Mr. Soundharajan engages in a salon livelihood activity part-time. They did not have proper equipment before support.","6.9185699, 80.7040405","Materials just have been distributed and in use.","Priyantha Senanayake"
"71cf6c58-c5a0-4f24-9bbe-6102d7167dde","S. de Zoysa","Material support for family-based livelihood development","Nuwara Eliya (Plantation)","Nuwara Eliya","Mattakele","CDC","Selvarani Kanthasamy","1/19/2026","P. Amaraselvan and his wife are both estate workers. They have three children, and all of them are attending school.","6.9217965, 80.6965429","The Machine has malfunctioned","Priyantha Senanayake"
"9f03c9f8-7ee2-4f24-9798-7dd79ad81130","S. Dissanayake","Material support for family-based livelihood development","Nuwara Eliya (Plantation)","Nuwara Eliya","Mattakele","CDC","Selvarani Kanthasamy","1/19/2026","L. Neelamegam and his wife both are estate workers. They have a son and daughter, both are studying.","6.9210471, 80.7051332","Machine in use and generates monthly income","Priyantha Senanayake"
"e5912cd5-77b9-477c-aade-9b166606f0e6","S. Vinothan","Material support for family-based livelihood development","Nuwara Eliya (Plantation)","Thalawakele","Great Western","CDC","Selvarani Kanthasamy","1/22/2026","R. Pathmanathan and his wife are both engaged in vegetable cultivation, which is their main source of income. Their son and daughter work in Colombo. Before BDS support they did not have the proper equipment.","6.9472775, 80.6972541","The provided equipment must be in use, and the beneficiary should be actively engaged in cultivation. Basic record keeping needs to be practiced.","Krishnamoorthy Somasundaram"
"54817203-efd2-4be7-98f9-33edc585517e","T. Abeywardena","Material support for family-based livelihood development","Nuwara Eliya (Plantation)","Thalawakele","Greatwestern","CDC","Selvarani Kanthasamy","1/22/2026","P. Thirunavukarasu is engaged in vegetable cultivation, while his wife works on an estate. They have three school-going children. They lack proper agricultural tools.","6.9472775, 80.6972541","Recently, the region was affected by Cyclone DITWAH, which drastically reduced production. Additionally, the hose provided by BDS was washed out in the flood.Recently, the region was affected by Cyclone DITWAH, which drastically reduced production. Additionally, the hose provided by BDS was washed out in the flood.","Krishnamoorthy Somasundaram"
"f378aaae-713f-4183-a98d-2964869fef95","R. Jayawardhane","Material support for family-based livelihood development","Nuwara Eliya (Plantation)","Thalawakele","Greatwestern","CDC","Selvarani Kanthasamy","1/22/2026","M. Pushparaj is involved in vegetable cultivation. His wife is an estate worker, and their son works in Colombo. They previously lacked proper equipment for their cultivation before receiving support from BDS.","6.9472775, 80.6972541","The provided materials are being used; however, this livelihood was affected by the DITWAH cyclone, resulting in decreased production.","Krishnamoorthy Somasundaram"
"4233826c-3f89-46e8-9d84-ba9591959810","C. Amarasinghe","Material support for family-based livelihood development","Nuwara Eliya (Plantation)","Nuwara Eliya","Mihindupura","CDC","Selvarani Kanthasamy","1/26/2026","P.G. Dhammika works on a strawberry farm. Her eldest son works in a garment factory, while her two other children are studying. She is engaged in vegetable cultivation without adequate equipment and manages this alongside her main job.","6.9318526, 80.7868626","The equipment is currently in use, and the beneficiary is motivated to engage in vegetable cultivation.","Gayan Perera"
"ade0a341-f319-460f-b0ac-9e81d33ffcfb","K. Wijesinghe","Material support for family-based livelihood development","Nuwara Eliya (Rural)","Nuwara Eliya","Mihindupura","CDC","Selvarani Kanthasamy","1/26/2026","W.N.M. Gayani was involved in vegetable cultivation but lacked the necessary equipment.","6.9319222, 80.7837613","The provided equipment is currently in use, and the beneficiary is actively engaged in cultivation.","Gayan Perera"
"9f45d32f-545a-4c84-aa40-3ffa9c9ef574","Kusum Karunaratne","Material support for family-based livelihood development","Nuwara Eliya (Rural)","Nuwara Eliya","Mihindupura","CDC","Selvarani Kanthasamy","1/26/2026","Ms. Anjula Thushani is engaged in tailoring, and her husband works at Ambewela Farm. There are five members in this family. Initial support was provided with a sewing machine, and further assistance has now been provided.","6.9308294, 80.7845622","The beneficiary has been actively involved in tailoring, which has improved their income.","Gayan Perera"
"1062aa1f-6075-4dbf-baf1-143c0db7ba97","N. Hettiarachchi","Material support for family-based livelihood development","Nuwara Eliya (Rural)","Nuwara Eliya","Mihindupura","CDC","Selvarani Kanthasamy","1/26/2026","M.M. Ruwini Tharanga and her husband are both engaged in the floriculture business. They have two children. BDS supported them in mushroom cultivation, and now they have moved to the floriculture business.","6.9324244, 80.787047","BDS supported them in mushroom cultivation, and now they have moved to the floriculture business.","Gayan Perera"
"54fe7b25-7ae3-4336-be5b-b8ea47e582c1","S. Karunaratne","Material support for family-based livelihood development","Nuwara Eliya (Rural)","Nuwara Eliya","Mihindupura","CDC","Selvarani Kanthasamy","1/26/2026","H.A. Ishani Udhayani's family consists of four members. She works on a strawberry farm and takes care of her two school-going children and her elderly mother. Before receiving support, she had a limited income.","6.9324244, 80.787047","The beneficiary's monthly income has increased slightly.","Gayan Perera"
"98ce15f5-c848-4c7d-a891-046291697ab8","D. Mendis","Material support for family-based livelihood development","Nuwara Eliya (Plantation)","Nuwara Eliya","Clarendon","CDC","Selvarani Kanthasamy","2/5/2026","A. Moganadash works in Colombo while his wife is a housewife and engaged in vegetable cultivation. They have three children, two of whom are attending school. They are currently involved in cultivation without proper equipment.","6.9199265, 80.7282132","The beneficiary has been stopped the cultivation due to recent cyclone","Roshan Herath"
"97b27faa-1ba5-406f-b4d4-4ff036e71d3d","K. Krishnapillai","Material support for family-based livelihood development","Nuwara Eliya (Plantation)","Nuwara Eliya","Clarendon","CDC","Selvarani Kanthasamy","2/5/2026","D. Rajinikanth is involved in vegetable cultivation, while his wife works at a strawberry farm. They have two children, one of whom is currently attending school. They are engaged in farming without proper equipment.","6.9236589, 80.7299905","The material is in use.. Beneficiary engaged in cultivation actively. ","Roshan Herath"
"3193ec8f-6d0b-48a5-b3a4-09917ed715d5","R. Rathnayake","Material support for family-based livelihood development","Nuwara Eliya (Plantation)","Nuwara Eliya","Clarendon","CDC","Selvarani Kanthasamy","2/5/2026","K. Selvarathinam is a vegetable farmer, and his wife is a housewife. They have two sons, one of whom works in a garage. Previously, the beneficiary engaged in cultivation without proper equipment.","6.9276903, 80.731333","The beneficiary received support worth 93,640.00. Now, the beneficiary is actively engaged in cultivation and has planted radishes.","Roshan Herath"
"05260a5f-9c5f-4c6f-976b-ad51c679033b","C. Ekanayake","Material support for family-based livelihood development","Nuwara Eliya (Plantation)","Nuwara Eliya","Clarendon","CDC","Selvarani Kanthasamy","2/5/2026","K. Punitharaj works as a daily wage laborer, while his wife is employed as an estate laborer. They have three children, all of whom are attending school. The couple is engaged in agriculture without proper equipment.","6.9272895, 80.7307088","The provided matrial are in use and beneficiary is motivated to engage in vegetable cultivation.","Roshan Herath"
"086ec9c3-eb65-4e9c-8095-d35542e9a1eb","N. Karunaratne","Material support for family-based livelihood development","Nuwara Eliya (Plantation)","Nuwara Eliya","Clarendon","CDC","Selvarani Kanthasamy","2/5/2026","K. Saththiyaraj works in a shop, and his wife is a housewife. They have three children, all of whom attend school. In addition to his primary job, Mr. Saththiyaraj is involved in vegetable cultivation, but they lack proper equipment for their farming activities.","6.92666, 80.7314128","The provided matrial are in use, and the beneficiary is motivated to engage in vegetable cultivation.","Roshan Herath"
"9773e321-269c-412e-8713-621703d15403","J. Dissanayake","Material support for family-based livelihood development","Nuwara Eliya (Plantation)","Nuwara Eliya","Clarendon","CDC","Selvarani Kanthasamy","2/5/2026","K. Vickneshwaran is a daily wage worker, and his wife is a housewife. They have three children, all of whom attend school. K. Vickneshwaran is involved in vegetable cultivation, but they lack proper equipment for their farming activities.","6.9246417, 80.7305085","The provided matrial are in use, and the beneficiary is motivated to engage in vegetable cultivation. Now the beneficiary cultivatd Beens and chilli in his cultivation land.","Roshan Herath"
"bb91f5ac-82a6-4156-a9e2-3fd2592dfe62","N. Amarasinghe","Material support for family-based livelihood development","Nuwara Eliya (Plantation)","Nuwara Eliya","Clarendon","CDC","Selvarani Kanthasamy","2/5/2026","M. Yogeshwary and her husband are engaged in vegetable cultivation. Her husband works on a daily wage basis. They have three children, one of whom is attending school. This family cultivates vegetables without proper equipment.","6.9254995, 80.7319129","The provided matrial are in use, and the beneficiary is motivated to engage in vegetable cultivation. Now they have cultivated leeks.","Roshan Herath"
"3eeaa707-cadd-4910-875c-d7630e26d742","N. Ranasinghe","Material support for family-based livelihood development","Nuwara Eliya (Plantation)","Nuwara Eliya","Clarendon","CDC","Selvarani Kanthasamy","2/5/2026","S. Sinthuja is engaged in vegetable cultivation while his husband works in Colombo. They cultivation land vulnerable to wild animal attack.","6.9241823, 80.7321136","Beneficiary preparing the land for the next harvest","Roshan Herath"
"d513fc51-f45b-4280-ad09-19b7c89b09a0","M. Jeyachandran","Material support for family-based livelihood development","Nuwara Eliya (Plantation)","Nuwara Eliya","Clarendon","CDC","Selvarani Kanthasamy","2/5/2026","N. Krishnamoorthy is a vegetable farmer, while his wife is an estate worker. They have three children, all of whom attend school. They engage in cultivation without proper equipment.","6.9236849, 80.7301484","The provided equipment is currently in use. The beneficiary is now cultivating carrots.","Roshan Herath"
"0dfef113-f0b7-4c8b-acea-9d67e1266071","C. Kodithuwakku","Material support for family-based livelihood development","Nuwara Eliya (Plantation)","Nuwara Eliya","Clarendon","CDC","Selvarani Kanthasamy","2/5/2026","T. Uma Selvi and her husband are engaged in vegetable cultivation. They have two school-going children. They cultivated without proper equipment before support.","6.9282696, 80.7305034","The provided matrial are in use, and the beneficiary is motivated to engage in vegetable cultivation. Now they cultivatd beens","Roshan Herath"
"58a7c8ac-8cb5-4ca8-acb7-f266d41711e5","K. Sutharshan","Material support for family-based livelihood development","Nuwara Eliya (Plantation)","Nuwara Eliya","Clarendon","CDC","Selvarani Kanthasamy","2/8/2026","P. Jeevaratnam and his wife are both engaged in vegetable cultivation. They were involved in vegetable cultivation without proper equipment before receiving support.","6.9149163, 80.7215145","The provided material are in use. Since this the main source of income beneficiary is motivated to engage in vegetable cultivation. ","Roshan Herath"
"bfc9887a-4de1-4a47-a080-7c42b0c6a08b","B. Somasundaram","Material support for family-based livelihood development","Nuwara Eliya (Plantation)","Nuwara Eliya","Clarendon","CDC","Selvarani Kanthasamy","2/8/2026","P. Arichandran is a farmer, and his wife is an estate laborer. They have four children, three of whom are currently attending school. Their cultivated land is vulnerable to attacks by wild animals.","6.9146742, 80.7226325","The provided materials are in use. Due to a recent cyclone, livelihood activities have been temporarily stopped.","Roshan Herath"
"dc9997fa-f0c8-4ee4-be14-95f65441f5a6","S. Kariyawasam","Material support for family-based livelihood development","Nuwara Eliya (Plantation)","Nuwara Eliya","Clarendon","CDC","Selvarani Kanthasamy","2/8/2026","S. Mohanraj is an estate worker, and his wife is a housewife. They have one daughter at home. They engage in vegetable cultivation with limited equipment.","6.9149163, 80.7215145","
The provided matrial are in use, and the beneficiary is motivated to engage in vegetable cultivation. ","Roshan Herath"
"a4fe6d70-abf6-4f08-847e-d4bcb3510f97","L. Rajapaksha","Material support for family-based livelihood development","Nuwara Eliya (Plantation)","Nuwara Eliya","Clarendon","CDC","Selvarani Kanthasamy","3/4/2026","Mr. Pradeepan is engaged in vegetable cultivation. His father is a cancer patient, and his mother is unemployed. His wife is a housewife. They were involved in cultivation without proper equipment before receiving support.","6.9263107, 80.7307935","The provided materials are being used, and the beneficiary is motivated to engage in cultivation. Now he has cultivated carrot.","Roshan Herath"
"26d429c4-2bc2-4911-9844-daf2dfcf9af9","M. Ponnambalam","Material support for family-based livelihood development","Nuwara Eliya (Plantation)","Nuwara Eliya","Clarendon","CDC","Selvarani Kanthasamy","3/4/2026","Mr. Vijayakumar and his wife are engaged in vegetable cultivation. The family was involved in cultivation without proper equipment before receiving BDS support.","6.9246417, 80.7305085","The provided materials are being utilized, motivating the beneficiary to engage in vegetable cultivation.","Roshan Herath"
"25c32238-f8e1-42cc-8812-588854ae0e61","K. Balachandran","Material support for family-based livelihood development","Nuwara Eliya (Plantation)","Nuwara Eliya","Clarendon","CDC","Selvarani Kanthasamy","3/4/2026","Ms. Rajasulosana is a housewife, and her husband is engaged in farming. They have four children, all of whom are studying. The father and grandmother also live with them. With their limited income, they struggle to support the family.","6.924319, 80.7314538","The provided materials are being utilized, motivating the beneficiary to engage in vegetable cultivation.","Roshan Herath"
"5d1a589b-545e-4b46-8038-91a81650ab10","N. Hettiarachchi","Material support for family-based livelihood development","Nuwara Eliya (Plantation)","Nuwara Eliya","Clarendon","CDC","Selvarani Kanthasamy","3/4/2026","Mr. Sundharesan and his wife are both estate workers. They have four children, one of whom is studying. They were engaged in cultivation without proper equipment before receiving support.","6.9282696, 80.7305034","The provided matrial are in use, and the beneficiary is motivated to engage in vegetable cultivation.  Now they have cultivated carrot.","Roshan Herath"
"08780b50-a7c6-474f-90c0-5e2c1a5a0767","S. Vinothan","Material support for family-based livelihood development","Nuwara Eliya (Plantation)","Nuwara Eliya","Great Western","CDC","Selvarani Kanthasamy","3/4/2026","Mr. Pathmanathan and his wife are both engaged in vegetable cultivation. Their son and daughter work in Colombo. Previously, they were involved in cultivation with minimal equipment before receiving support from BDS.","6.9472775, 80.6972541","The provided equipment is in use, and the beneficiary is actively engaged in vegetable cultivation.","Krishnamoorthy Somasundaram"
"e7eccf12-d363-45e0-9005-c5719f6db6ee","R. Jayawardhane","Material support for family-based livelihood development","Nuwara Eliya (Plantation)","Nuwara Eliya","Great Western","CDC","Selvarani Kanthasamy","3/4/2026","M. Pushparaj is a farmer, and his wife works as an estate worker. Their son is employed in Colombo. Before receiving support, they engaged in cultivation with minimal equipment.","6.9472775, 80.6972541","The beneficiary is eager to engage in cultivation; however, the DITWAY cyclone washed away most of their equipment, negatively impacting vegetable cultivation.","Krishnamoorthy Somasundaram"
"dd3435ff-d669-46ba-ac4c-08b3da46849f","N. Mendis","Material support for family-based livelihood development","Nuwara Eliya (Plantation)","Norwood","Ingestre","CDC","Selvarani Kanthasamy","3/12/2026","T. Nageshwary works as a security officer at the estate office, while his wife is employed at an insurance company. They have two children; one is still studying, and the other is working. Mr. Nageshwary's parents also live with them. The family is engaged in vegetable cultivation but previously lacked proper equipment for farming before receiving support.","6.8620324, 80.6269118","The beneficiary is engaged in cultivation and is using the provided equipment. The beneficiary has now cultivated carrots.","Somawathi Karunaratne"
"e5d90598-abd1-4d9b-ab87-c9b5787c1935","T. Rajendran","Material support for family-based livelihood development","Nuwara Eliya (Plantation)","Norwood","Ingestre","CDC","Selvarani Kanthasamy","3/5/2026","K. Krishnakumar is engaged in vegetable cultivation, while his wife is a housewife. They have one son who is currently studying. Mr. Krishnakumar's mother also lives with them. The family previously lacked proper equipment.","6.8579696, 80.6259923","The beneficiary is engaged in cultivation and is using the provided equipment. The beneficiary has now cultivated beens.","Somawathi Karunaratne"
"c2785945-6a70-4599-810f-7ad78b718b75","P. Amarasinghe","Material support for family-based livelihood development","Nuwara Eliya (Plantation)","Norwood","Ingestre","CDC","Selvarani Kanthasamy","3/15/2026","A. Richard is a mason, and his wife is a housewife. They have three children, two of whom are currently attending school. In addition to his masonry work, Richard is also engaged in vegetable cultivation to earn extra income, but they lacked proper equipment before receiving support.","6.8604866, 80.6266016","The beneficiary is engaged in cultivation and is using the provided equipment. The beneficiary has now cultivated carrots.","Somawathi Karunaratne"
"a60c55fc-a826-4991-bdc8-d599865fc589","K. Wijeratne","Material support for family-based livelihood development","Nuwara Eliya (Plantation)","Nuwara Eliya","Mattakele","CDC","Selvarani Kanthasamy","3/16/2026","R. Romingtan is a vegetable farmer and also works as a mason to earn additional income. His wife is a housewife, and they have two children, one of whom is studying. They lack proper equipment for masonry work.","6.9222319, 80.7078502","The beneficiary lacking proper equipments for his masonery works.","Priyantha Senanayake"
"1d69373b-af03-42fd-a1e1-b3c6352c9007","I. Weerasinghe","Material support for family-based livelihood development","Nuwara Eliya (Plantation)","Norwood","Fordyce","CDC","Selvarani Kanthasamy","3/19/2026","G. Narayanamoorthi and his wife are engaged in vegetable cultivation together. They have three children, all of whom are currently studying. The family is involved in cultivation for additional income. However, they had minimal equipment before receiving the support.","6.863295, 80.6332929","The provided equipments are in use, and the beneficiary is motivated to engage in vegetable cultivation.","Uma Kumaraguru"
"bb2204fe-e051-4bbd-aa0c-0f70c8a66ee5","K. Samarasinghe","Material support for family-based livelihood development","Nuwara Eliya (Plantation)","Norwood","Fordyce","CDC","Selvarani Kanthasamy","3/19/2026","G. Rohini is engaged in agriculture, while her husband is a daily wage worker. They have four children, three of whom are attending school. They cultivate the land with minimal equipment.","6.8589642, 806359480","The materials were not distributed because the beneficiary did not arrive on the specified day.","Uma Kumaraguru"
"fc67c094-64c0-4f46-b38c-7fbfa1c31a4b","T. Rasaratnam","Material support for family-based livelihood development","Nuwara Eliya (Plantation)","Norwood","Fordyce","CDC","Selvarani Kanthasamy","3/19/2026","K. Rathakrishnan is engaged in vegetable cultivation while his wife is a daily wage worker. They have a child who is currently studying. They engaged in cultivation with minimal equipment before the support.","6.8589642, 806359480","The Provided equipments are in use. Further beneficiary is motivated to engage in cultivation.","Uma Kumaraguru"
"a34752a5-955b-428c-8ff6-e1bf7e1de1d5","S. Mendis","Material support for family-based livelihood development","Nuwara Eliya (Plantation)","Norwood","Fordyce","CDC","Selvarani Kanthasamy","3/19/2026"," K. Seethaletchumi is a housewife while her husband engaged in cultivation.  Her son is a daily wage worker and also, daugter in law is a housewife. K. Seethaletchumi has two grandchildren both are attending school. The family engaged in cultivation with limited equipments before the support.","6.8597764, 80.6353282","The Beneficiary in engaged in cultivation.","Uma Kumaraguru"
"24ba41e7-4b25-4e17-9aa0-282d8bf7ef39","R. Selvanayagam","Material support for family-based livelihood development","Nuwara Eliya (Plantation)","Norwood","Fordyce","CDC","Selvarani Kanthasamy","3/19/2026","S. Rajadhurai is an estate worker, and he engages in mason work as part time. His wife is a estate worker. They have 03 children 02 of whom are currently attending school. His mother also lives with them. However, the income of this family was insufficient before the support. ","6.8600521, 80.6340768","The equipment is in use, resulting in increased income for the beneficiary.","Uma Kumaraguru"
"aed329a9-32a3-430f-a6bc-e387dd1f41c4","R. Kandasamy","Material support for family-based livelihood development","Nuwara Eliya (Plantation)","Norwood","Fordyce","CDC","Selvarani Kanthasamy","3/19/2026","Mr. S. Premanathan works as an estate labourer and also runs a part-time salon business to supplement household income. His wife is a housewife, and they have three children—two are currently attending school, while one son works in a salon. Before receiving BDS support, the salon business had limited equipment.","6.8604059, 80.6338925","The provided equipments are currently in use, and it has resulted in an increase in monthly income.","Uma Kumaraguru"
"7813292c-a39a-4e92-ae5e-b7358d59be92","S. Rajendran","Material support for family-based livelihood development","Nuwara Eliya (Plantation)","Norwood","Fordyce","CDC","Selvarani Kanthasamy","3/19/2026","R. Sathiya Seelan is an estate worker, while his wife is a housewife. They have two children, both of whom are currently studying. This family engaged in cultivation with minimal equipment before the support.","6.863295, 80.6332929","The beneficiary is engaged in cultivation and is using the provided equipment.","Uma Kumaraguru"
"f6b0c036-9135-4250-8a47-839d7a8b1e91","T. Hettiarachchi","Material support for family-based livelihood development","Nuwara Eliya (Plantation)","Norwood","Fordyce","CDC","Selvarani Kanthasamy","3/19/2026","The family consists of six members, M. Kalainesan and his wife, both estate workers, have two sons who are attending school, along with their parents. This family engages in cultivation without proper equipment.","6.8627781, 80.6297886","The beneficiary is engaged in cultivation and is using the provided equipment.","Uma Kumaraguru"
"7c534b37-5cc8-44a2-8247-fb50dd7cbca5","R. Rasaratnam","Material support for family-based livelihood development","Nuwara Eliya (Plantation)","Norwood","Fordyce","CDC","Selvarani Kanthasamy","3/19/2026","N. Ravindrakumar and his wife are both estate workers. They have a son who is currently attending school. The family worked in vegetable farming without proper equipment before receiving BDS support.","6.8589642, 806359480","The beneficiary is engaged in cultivation and is using the provided equipment. ","Uma Kumaraguru"
"a98ca119-df8a-45a9-b072-2caa1c9a04bd","B. Herath","Material support for family-based livelihood development","Nuwara Eliya (Plantation)","Norwood","Fordyce","CDC","Selvarani Kanthasamy","3/26/2026","P. Kogilavani is a single mother who works as an estate worker. She has two daughters, both are pursuing their education. The family engaged in vegetable cultivation for additional income but lacked proper equipment.","6.856837, 80.6397977","The provided equipment is currently in use, and the beneficiary is motivated to involve in cultivation activities.","Uma Kumaraguru"
"f5b438a8-aaa9-4d09-be3b-0049276a0fc3","S. Govindammah","Material support for family-based livelihood development","Nuwara Eliya (Plantation)","Norwood","Fordyce","CDC","Selvarani Kanthasamy","3/26/2026"," S. Govindammah and her husband both are engaged cultivation. This family includes 06 members, including daughter, a son-in-law, a son, and 02 grandchildren. The family engaged in cultivation with the minimal equipment before the support from BDS.","6.8569896, 80.641108","The provided equipment is currently in use, and the beneficiary is motivated to participate in cultivation activities.","Uma Kumaraguru"
"8c90b214-bb9f-4e1c-842f-4468a94a666e","N. Karunaratne","Material support for family-based livelihood development","Nuwara Eliya (Plantation)","Norwood","Fordyce","CDC","Selvarani Kanthasamy","3/26/2026","S. Pradheepan is engaged in cultivation, and it is the main source of income of the family. His wife is a housewife and they have a daughter, she is currently studying. They did not have proper equipment before the support.
","6.8584556, 80.6387777","The provided equipment is currently in use, but A water pump has not been delivered yet. However, the beneficiary is motivated to participate in cultivation activities.","Uma Kumaraguru"
"399fe4c5-bf7c-4b30-9faa-0cb3ab2fd74e","Jagath Hettiarachchi","Material support for family-based livelihood development","Nuwara Eliya (Plantation)","Thalawakele","Great Western","CDC","Selvarani Kanthasamy","5/6/2026","S. Ganeshan and his wife both are working as estate workers. They have three children and one of them is currently attending school. As a part-time job, Ganeshan was engaged in mason work without proper equipment.","6.9552039, 80.680082","The beneficiary is using the tools provided and shows positive atitude.","Krishnamoorthy Somasundaram"
"a47e2d18-5ed5-4f29-94a0-e45df9bdb0a3","G. Jayawardhane","Material support for family-based livelihood development","Nuwara Eliya (Plantation)","Thalawakele","Great Western","CDC","Selvarani Kanthasamy","5/6/2026","This family consists of six members. S. Rengaraj and his wife are estate workers. They have three children. Before, the BDS  support had no proper equipment. Cultivated chill.","6.9558914, 80.6807465","The provided equipment is in use.","Krishnamoorthy Somasundaram"
"1b6985c4-a399-4dd8-a6b2-19256603d334","K. Krishnapillai","Material support for family-based livelihood development","Nuwara Eliya (Plantation)","Thalawakele","Great Western","CDC","Selvarani Kanthasamy","5/10/2026","S. Hemachandran and his wife are both estate workers. They have three children. Hemachandran is engaged in vegetable cultivation. He faced a water issue before the BDS support.","6.9558914, 80.6807465","The provided equipment is in use.","Krishnamoorthy Somasundaram"
"7788f4fb-de1b-4cd9-b333-30cb56ebd39c","D. Mendis","Material support for family-based livelihood development","Nuwara Eliya (Plantation)","Nuwara Eliya","Clarendon","CDC","Selvarani Kanthasamy","5/13/2026","A. Moganadash works in Colombo while his wife is a housewife and engaged in vegetable cultivation. They have three children, two of whom are attending school. They are currently involved in cultivation without proper equipment.","6.9199265, 80.7282132","They beneficiary is engaged the cultivation and using the provided equipment.","Roshan Herath"
"fa53d2dd-d630-417c-ba87-025d36a895d7","K. Krishnapillai","Material support for family-based livelihood development","Nuwara Eliya (Plantation)","Nuwara Eliya","Clarendon","CDC","Selvarani Kanthasamy","5/13/2026","D. Rajinikanth engaged is vegetables cultivation, while his wife works on a strawberry farm. They have two children, one of whom is currently in school. They farm without proper equipment before the support.","6.9236589, 80.7299905","The beneficiary engaged in cultivation and uses the equipment provided","Roshan Herath"
"a31045af-06d4-4d59-ad05-f943c9f31896","K. Sutharshan","Material support for family-based livelihood development","Nuwara Eliya (Plantation)","Nuwara Eliya","Clarendon","CDC","Selvarani Kanthasamy","5/13/2026","P. Jeevaratnam and his wife are both engaged in vegetable cultivation. They were involved in vegetable cultivation without proper equipment before receiving support.","6.9149163, 80.7215145","The provided material is in use The beneficiary is motivated to engage in vegetable cultivation.","Roshan Herath"
"80f0b88d-e698-4a20-97de-6a5a141ee4a4","J. Dissanayake","Material support for family-based livelihood development","Nuwara Eliya (Plantation)","Nuwara Eliya","Clarendon","CDC","Selvarani Kanthasamy","5/13/2026","K. Vickneshwaran is a daily wage worker, and his wife is a housewife. They have three children, all of whom attend school. K. Vickneshwaran is involved in vegetable cultivation, but they lack proper equipment for their farming activities before the support.","6.9249356, 80.7305488","The provided matrial are in use, and the beneficiary is motivated to engage in vegetable cultivation.","Roshan Herath"
"141e66bc-9063-463d-915e-d73c2234fc33","M. Vaithilingam","Material support for family-based livelihood development","Nuwara Eliya (Plantation)","Nuwara Eliya","Clarendon","CDC","Selvarani Kanthasamy","5/13/2026","Ms. Rajasulosana is a housewife, and her husband is a farmer. They have four children who are all studying. With their limited income, they struggle to support the entire family. They engaged in cultivation without proper equipment.","6.9248138, 80.7308565","The Provided equipmnt are in use.","Roshan Herath"
"362e6a14-ed43-4aab-949b-686d587ed952","S. Kariyawasam","Material support for family-based livelihood development","Nuwara Eliya (Plantation)","Nuwara Eliya","Clarendon","CDC","Selvarani Kanthasamy","5/13/2026","S. Mohanraj is an estate worker, and his wife is a housewife. They have one daughter. They engage in vegetable cultivation with limited equipment before the support.","6.9155492, 80.7218936","The provided equipment are in use and the beneficiary is motivated to engage in cultivation.","Roshan Herath"
"82b71855-d35c-4824-9a53-859c1a89e7cb","C. Ekanayake","Material support for family-based livelihood development","Nuwara Eliya (Plantation)","Nuwara Eliya","Clarendon","CDC","Selvarani Kanthasamy","5/13/2026","K. Punitharaj is a daily wage laborer, while his wife is an estate worker. They have three children, all of whom are attending school. The couple is engaged in agriculture without proper equipment.","6.9279751, 80.7327659","Provided equipments are in use.","Roshan Herath"
"6621d4ff-53e5-4656-9992-6da5c5fea834","N. Amarasinghe","Material support for family-based livelihood development","Nuwara Eliya (Plantation)","Nuwara Eliya","Clarendon","CDC","Selvarani Kanthasamy","5/13/2026","M. Yogeshwary and her husband are engaged in vegetable cultivation. Her husband works on a daily wage worker. They have three children, one of whom is attending school. This family cultivates vegetables without proper equipment.","6.9257983, 80.7325654","Provided equipments are in use and beneficiary actively engaged in cultivation.","Roshan Herath"
"40881e86-0bcd-4817-a7d6-3d53bb49862c","N. Ranasinghe","Material support for family-based livelihood development","Nuwara Eliya (Plantation)","Nuwara Eliya","Clarendon","CDC","Selvarani Kanthasamy","5/13/2026","S. Sinthuja is a housewife and engage in cultivation, and her husband is working in Colombo. They did not have  proper equipment before BDS support.","6.923303, 80.7311798","The beneficiary is motivated to engage in cultivation.","Roshan Herath"
"e468ab4c-cd11-444b-9e7b-3f54b822bf49","Community","Livelihood infrastructure development","Nuwara Eliya (Plantation)","Norwood","Ingestre","CDC","Selvarani Kanthasamy","11/18/2025","The road is severely damaged and currently unusable, making it difficult for farmers, schoolchildren, elders, and other community members to travel.","6.8445442, 80.6454028","The construction work had started and was ongoing at the time of the visit. The curb height did not meet the required standard. The community group was instructed to maintain the proper standard, and the staff were informed.","Somawathi Karunaratne"
"9b0b3bb7-2850-4f13-8e0a-79dd5fd5c991","St, Heliyas Community","Livelihood infrastructure development","Nuwara Eliya (Plantation)","Nuwara Eliya","Ambagamuwa","CDC","Selvarani Kanthasamy","1/20/2026","The community was using the damaged road before BDS support. ","6.9184963, 80.5403145","The original estimate was to construct 185 feet, but the community constructed 181 feet. They promised to complete the remaining 4 feet within one week.","Krishnamoorthy Somasundaram"
"83a33a98-67a1-406e-a06f-4b9309da8871","St. Heliyas community","Livelihood infrastructure development","Nuwara Eliya (Plantation)","Ambgamuwa","St. Heliyas","CDC","Selvarani Kanthasamy","1/20/2026","The community was using a damaged and unusable road, which created significant difficulties for them..","6.9185922, 80.5418927","The road construction has improved community well-being. Furthermore, the society actively engages in maintaining the road.","Krishnamoorthy Somasundaram"
"79fd2f84-05c2-4d19-ac55-6b114e1ba669","Great Western community members","Livelihood infrastructure development","Nuwara Eliya (Plantation)","Thalawakele","Great Western","CDC","Selvarani Kanthasamy","1/22/2026","The road has significant damage. Farmers, school students, elders, and all community members have been using the same road for several years. Now, part of the road has been constructed by BDS.","6.9472775, 80.6972541","The road has been constructed according to the estimate, but an additional 6 feet needs to be completed. Furthermore, this intervention has improved the infrastructure facilities for the community.","Krishnamoorthy Somasundaram"
"de3af4b4-a940-4a83-9828-65227e80d23e","GreatWestern community","Livelihood infrastructure development","Nuwara Eliya (Plantation)","Thalawakele","Great Western","CDC","Selvarani Kanthasamy","1/22/2026","This intervention involves the construction of pavement in a specific area that has experienced flooding during the rainy season.","6.9472775, 80.6972541","This intervention involves the construction. Construction has been completed as per the estimate.","Krishnamoorthy Somasundaram"
"a7d72c7a-056e-4734-ae8a-660fe765564a","Greatwester Community","Livelihood infrastructure development","Nuwara Eliya (Plantation)","Thalawakele","Greatwestern","CDC","Selvarani Kanthasamy","1/22/2026","The Community members used damaged roads.","6.9543512, 80.689209","Road constructed as per the estimate. And its improved Infrasructure of the community","Krishnamoorthy Somasundaram"
"124463b2-96a9-4a63-93d6-8bc93a12a8c1","Ingestre Community People","Livelihood infrastructure development","Nuwara Eliya (Plantation)","Norwood","Ingestre","CDC","Selvarani Kanthasamy","1/27/2026","More than 320 families in Ingestre lower division were using a damaged and unusable road before BDS support.","6.8447848, 80.6449682","The construction has been completed as estimated. Now, 320 families have access to safe road facilities.","Somawathi Karunaratne"
"264e0463-f435-47f5-ab4b-aebf93384a37","Ingestre Beret Division Community","Livelihood infrastructure development","Nuwara Eliya (Plantation)","Norwood","Ingestre","CDC","Selvarani Kanthasamy","1/27/2026","The Beret Division are using damaged road facility.","6.8591324, 80.6350715","The construction is ongoing, with 170 feet completed out of a total of 530 feet.","Somawathi Karunaratne"
"833be189-3c49-4bf1-8d16-a2477d4f66c4","Mihindupura Community","Livelihood infrastructure development","Nuwara Eliya (Plantation)","Nuwara Eliya","Mihindupura","CDC","Selvarani Kanthasamy","1/26/2026","The Community is using a damaged road.","6.9315185, 80.7871833","A total of 150 feet of construction has been completed since the visit, out of a planned 550 feet.","Gayan Perera"
"1444d5e2-c225-4a95-8dcd-2373ca665a77","Prasad Rathnayake","Livelihood infrastructure development","Nuwara Eliya (Plantation)","Thalawakele","Great Western","CDC","Selvarani Kanthasamy","2/26/2026","The school road is used daily by students, farmers, and community members, but it is severely damaged.","6.9524321, 80.6829863","The infrastructure has been identified. Construction is not started yet.","Krishnamoorthy Somasundaram"
"224f2e5a-fc5c-4161-8baa-bee934594a4e","Malini Wijeratne","Livelihood infrastructure development","Nuwara Eliya (Plantation)","Thalawakele","Mountwernon","CDC","Selvarani Kanthasamy","2/26/2026","A total of 152 families rely on this footpath, which is currently severely damaged and unusable.","6.955654, 80.6104838","In some areas, the footpath does not meet the required height of 6 inches.","Uma Kumaraguru"
"7cea8213-1d41-4a81-87d7-369922cabc3d","Clarendon Avoca Division Community members","Livelihood infrastructure development","Nuwara Eliya (Plantation)","Nuwara Eliya","Clarendon","CDC","Selvarani Kanthasamy","3/4/2026","The footpath is muddy and difficult to use on rainy days.","6.9155977, 80.7227068","Construction Ongoing.","Roshan Herath"
"9de4318c-f838-488e-915a-5b0dd391eb3d","Great Western Community members","Livelihood infrastructure development","Nuwara Eliya (Plantation)","Nuwara Eliya","Great Western","CDC","Selvarani Kanthasamy","3/4/2026","The Great Western School Road is severely damaged and unusable for farmers, community members, and students.","6.9513174, 80.6811579","Preparation work is underway, and construction has not started yet.","Krishnamoorthy Somasundaram"
"fe69111e-4bb4-49e2-861b-2f77b74c1818","South Wanaraja Community","Livelihood infrastructure development","Nuwara Eliya (Plantation)","Norwood","South Wanaraja","CDC","Selvarani Kanthasamy","3/6/2026","The road was severely damaged before the support.","6.8636214, 80.5929043","The construction completed. The community now good road access.","Uma Kumaraguru"
"a9c078f9-c21e-4592-b593-74f4f358ed90","Ingestre Community","Livelihood infrastructure development","Nuwara Eliya (Plantation)","Norwood","Ingestre","CDC","Selvarani Kanthasamy","3/10/2026","The community was using a damaged unusable road facility.","6.8591324, 80.6350715","The construction in ongoing.","Somawathi Karunaratne"
"6734f066-df7f-4d71-ad44-00e6d4dcdabc","Shanthipura Community","Livelihood infrastructure development","Nuwara Eliya (Rural)","Nuwara Eliya","Shanthipura","CDC","Selvarani Kanthasamy","3/10/2026","The Road has been severely damaged.","6.9787825, 80.7477665","The construction of the livelihood has been identified, but it has not started yet.","Gayan Perera"
"94a95ebf-5f91-4057-a7ac-786d4de55533","Ingestre Community","Livelihood infrastructure development","Nuwara Eliya (Plantation)","Norwood","Ingestre","CDC","Selvarani Kanthasamy","3/12/2026","The Community has been using a damaged and unusable road facility for a long time. around 233 families are using the particular road facility.","6.8615878, 80.6269762","The construction is underway. The community claims that the selected supplier supplied only 12 cubic meters of sand, while the total should be 13 cubic meters.","Somawathi Karunaratne"
"4f5637ae-fbc5-4f30-9b12-051f3ce3aea3","Fordyce Community","Livelihood infrastructure development","Nuwara Eliya (Plantation)","Norwood","Fordyce","CDC","Selvarani Kanthasamy","3/19/2026","The community has been using a damaged road, which causes inconvenience.","6.8622419, 80.6316268","The construction still in uderway.","Uma Kumaraguru"
"ee55c63a-56b1-4357-a67f-7031da48e1f4","Fordyce Community members","Livelihood infrastructure development","Nuwara Eliya (Plantation)","Norwood","Fordyce","CDC","Selvarani Kanthasamy","4/9/2026","The Community was using a damaged road facility.","6.8622419, 80.6316268","The road construction is underway.","Uma Kumaraguru"
"08006f5b-debc-42ee-b794-be8d9315bd22","Mattakele Community","Livelihood infrastructure development","Nuwara Eliya (Plantation)","Thalawakele","Mattakele","CDC","Selvarani Kanthasamy","5/7/2026","The community is currently using a mud road that is in poor condition and difficult to use.","6.9210745, 80.7044182","Currently the community is using a mud road; The Construction has not started yet.","Priyantha Senanayake"
"ed317965-bb8c-46a1-8485-fd7390ef3964","Great Western Luisa division community","Livelihood infrastructure development","Nuwara Eliya (Plantation)","Thalawakele","Great Western","CDC","Selvarani Kanthasamy","5/6/2026","The Community members and farmers are using a damaged road. ","6.9536625, 80.6865495","The construction is yet to be started.","Krishnamoorthy Somasundaram"
"ce095199-b523-4b1e-936f-135f4729e9ad","Community Group","MenCare","Nuwara Eliya (Plantation)","Ambgamuwa","Great western","CDC","Selvarani Kanthasamy","11/19/2025","","6.8689088, 80.5778098","The second day of mencare program was conducted for the participants from great western. The program content is aligned with mencare curriculum.","Krishnamoorthy Somasundaram"
"262fc957-1fda-44f6-b7c9-f48e7a0d62cc","Great western Community","MenCare","Nuwara Eliya (Plantation)","Thalawakele","Great Western ","CDC","Selvarani Kanthasamy","12/15/2025","","6.867842, 80.5769434","","Krishnamoorthy Somasundaram"
"3c71eb4f-d62d-4479-9d39-2238be2d4e7d","Nadeesha Kodithuwakku","MenCare","Nuwara Eliya (Plantation)","Thalawakele","Mattakele","CDC","Selvarani Kanthasamy","5/25/2026","","6.9264978, 80.6865906","The second of Mencare programme was conducted for the selected members from the Mattakele estate. The target participants are relevant and attentive. ","Priyantha Senanayake"
"89744bc2-05bf-442d-949f-b9ce1c24fce9","N. Rathnayake","Construction of new houses","Nuwara Eliya (Plantation)","Norwood","Abortsily ","CDC","Selvarani Kanthasamy","11/10/2025","Support provided for new house construction
Beneficiary contribution: Rs. 500,000
BDS contribution: Rs. 940,620
Total combined investment: Rs. 1,440,620
The family consists of five members. The beneficiary is an estate worker, and her husband is engaged in cattle farming. They were living together with the husband’s brother’s family in one house, which likely created overcrowding and limited privacy. They have two school-going children. The construction has completed and haven’t handed over to the beneficiary.","6.894461, 80.5739096","Construction completed and haven't handed over to the family yet.","Sivakumar Ponnambalam"
"bef44fbb-baa5-4a61-9ad4-311ff1447fac","C. Mendis","Construction of new houses","Nuwara Eliya (Plantation)","Norwood","Abortsily","CDC","Selvarani Kanthasamy","11/10/2025","Support provided for new house construction
Beneficiary contribution: Rs. 450,000
BDS contribution: Rs. 1,190,340
Total investment: Rs. 1,640,340
The family consists of seven members. Both husband and wife are estate workers. They have three school-going children. The family was living in an unusable, damaged house.
Construction of a new house has been initiated with joint contributions from BDS and the family. Still, work is currently underway. The family has contributed Rs. 250,000.00. ","6.8859968, 80.571526","The construction is still ongoing due to a delay in the beneficiary's contribution. Additionally, the construction deadline has already passed.","Sivakumar Ponnambalam"
"15045847-c9bb-4b96-952a-c56e2c4437fa","K. Jayawardhane","Construction of new houses","Nuwara Eliya (Plantation)","Nuwara Eliya","Mattakele","CDC","Selvarani Kanthasamy","1/19/2026","A. Savariyamma lives in a family of six members. Both she and her husband are employed as estate labourers. Their two daughters work in a fancy shop, and their son is employed in a vegetable shop in Nuwara Eliya. The family was living in a temporary house, which was destroyed by heavy rain, leaving them without a secure residence. Following this disaster, they had to temporarily stay at a neighbour’s house, creating instability and difficulties in daily life.","6.9210862, 80.7019177","The construction is ongoing. Almost 80% the work has been completed.","Priyantha Senanayake"
"34ecd2cd-d0a8-450d-9d5b-b6c9ad3a63ee","B. Somasundaram","Construction of new houses","Nuwara Eliya (Plantation)","Nuwara Eliya","Mattakele","CDC","Selvarani Kanthasamy","1/19/2026","A.Sureshkumar lives in a family of four members. Both he and his wife are employed as estate labourers. They have two children. The family was living in a temporary house, leaving them without a secure residence.","6.9192087, 80.7025885","The construction is ongoing. So far, no defects have been identified.","Priyantha Senanayake"
"597fdac3-888e-4968-8f7b-35bfee8fd297","B. Wijesinghe","Construction of new houses","Nuwara Eliya (Plantation)","Nuwara Eliya","Mihindupura","CDC","Selvarani Kanthasamy","1/26/2026","The family consists of four members. S.O. Chandra, her husband, and their two school-going children. They live in a temporary house and both work as daily wage laborers.","6.9322658, 80.7816525","The family is currently living in temporary housing. Construction has not started yet.","Gayan Perera"
"bae07be8-2ac7-4350-b93f-27aeeb80dd84","C. Kodithuwakku","Renovation of houses","Nuwara Eliya (Plantation)","Nuwara Eliya","Clarendon","CDC","Selvarani Kanthasamy","3/4/2026","Ms. Sagayameri works as a estate worker, while her husband is a daily wage worker. They have three children, two of whom are attending school. Their house has been severely damaged.","6.926269, 80.7337507","The construction is currently in progress. The contractor has used 8mm steel bars instead of the specified 10mm.","Roshan Herath"
"e36d13d8-2afc-4e13-b68e-31581fa806c9","C. Mendis","Construction of new houses","Nuwara Eliya (Plantation)","Norwood","Abbotsleigh","CDC","Selvarani Kanthasamy","3/9/2026","The family consists of seven members. Both husband and wife are estate workers. They have three school-going children. The family was living in an unusable, damaged house.","6.88494, 80.5720954","The construction has been completed and handed over, however, the beneficiary claims that the roofing has a small hole, causing water leakage on rainy days.","Sivakumar Ponnambalam"
"3286fd14-cfb7-4379-b44f-d26228ff73a2","G. Kariyawasam","Construction of new houses","Nuwara Eliya (Rural)","Nuwara Eliya","Shanthipura","CDC","Selvarani Kanthasamy","3/10/2026","S. Gnanaltchumi is a housewife, while her husband works as a daily wage laborer. They have five children, all of whom are studying. Her mother also lives with them. They lack adequate housing.","6.9805801, 80.7461462","The ground was not properly compressed, and polythene was not laid under the concrete.","Gayan Perera"
"c58659d1-debb-4ff2-b971-93357eb30b25","R. Dias","Renovation of houses","Nuwara Eliya (Plantation)","Norwood","Ingestre","CDC","Selvarani Kanthasamy","3/12/2026","P. Prabu is riding a three-wheeler for income, while his wife is a housewife. They have two children, one of whom is currently attending school. They are now in a temporary house.","6.861279, 80.6252415","The family is currently living in a temporary house.","Somawathi Karunaratne"
"b96da6ba-db07-44e9-82a6-b39d9773533b","M. Silva","Renovation of houses","Nuwara Eliya (Plantation)","Norwood","Ingestre","CDC","Selvarani Kanthasamy","3/12/2026","K. Praba and his wife are working in a garment factory. They have two children, both of whom are currently attending school. They started to construct a new house, but it was halted due to financial constraints.","6.8616461, 80.6280554"," The family has started to construct a new house, but it was halted due to financial constraints. ","Somawathi Karunaratne"
"d59024ee-d483-4f48-9d69-dbaefa037c89","K. Jayawardhane","Construction of new houses","Nuwara Eliya (Plantation)","Nuwara Eliya","Mattakele","CDC","Selvarani Kanthasamy","3/26/2026","A. Savariyamma lives in a family of six members. Both she and her husband are employed as estate labourers. Their two daughters work in a fancy shop, and their son is employed in a vegetable shop in Nuwara Eliya. The family was living in a temporary house, which was destroyed by heavy rain, leaving them without a secure residence. Following this disaster, they had to temporarily stay at a neighbour’s house, creating instability and difficulties in daily life.","6.9210862, 80.7019177","The construction has been completed according to the estimate. The beneficiary is satisfid with the construction.","Priyantha Senanayake"
"1fbe19ab-f939-4083-93f0-af2d3c65c028","B. Somasundaram","Construction of new houses","Nuwara Eliya (Plantation)","Nuwara Eliya","Mattakele","CDC","Selvarani Kanthasamy","3/26/2026","A.Sureshkumar lives in a family of four members. Both he and his wife are employed as estate labourers. They have two children. The family was living in a temporary house, leaving them without a secure residence
","6.9192087, 80.7025885","The construction has been completed according to the estimate. The beneficiary is satisfid with the construction.","Priyantha Senanayake"
"e95f41f2-75c2-4ad3-9db5-d125870c7057","Agroya School Children","Support school infrastructure development","Nuwara Eliya (Plantation)","Ambgamuwa","St. Heliyas","CDC","Selvarani Kanthasamy","1/20/2026","The children are facing inadequate water supply, posing challenges to hygiene and student comfort.","6.9232093, 80.5486099","50% of the work has to be completed. Furthermore, the end agreement date is 22/01/205. Only one day remains to complete the work as per the agreement.","Krishnamoorthy Somasundaram"
"e87a20cf-5451-4da3-a638-69a3b3a8d5ef","Great Western school students and stakeholders","Support school infrastructure development","Nuwara Eliya (Plantation)","Norwood","Great Western ","CDC","Selvarani Kanthasamy","1/22/2026","The school didn’t have a gate and faced various security threats.","6.9524867, 80.6816683","The gate has been constructed and isn't safe for children.","Krishnamoorthy Somasundaram"
"4d89c3d9-85a2-407d-a9d3-451eef229124","Great wester Community members","Support school infrastructure development","Nuwara Eliya (Plantation)","Thalawakele","Great Western","CDC","Selvarani Kanthasamy","1/22/2026","This intervention involves the renovation of a preschool that was fully damaged by a fire accident. Currently, the preschool children are studying at another location.","6.9467379, 80.697954","The Construction underway. ","Krishnamoorthy Somasundaram"
"7def2738-6d71-48b9-bb87-cb9741df53d8","N. Ranasinghe","Construction of toilets","Nuwara Eliya (Plantation)","Norwood","Abortsily ","CDC","Selvarani Kanthasamy","11/10/2025","The family consists of four members. Her husband works as a driver. They have two children, one of whom is affected by heart disease. Prior to BDS support, the family had no toilet.","6.8856264, 80.5624864","Construction completed now the famil have safe, hygienic, and private sanitation,  ","Sivakumar Ponnambalam"
"3f1526ff-5597-4628-abb4-d6e86cfb68cb","S. Wijesinghe","Construction of toilets","Nuwara Eliya (Plantation)","Norwood","Abortsily ","CDC","Selvarani Kanthasamy","11/10/2025","Support provided for new toilet construction
BDS contribution: Rs. 127,500
Beneficiary contribution: Rs. 20,000
Total investment: Rs. 147,500
The family consists of four members. Both M. Rajinika and her husband work as estate workers. They have two school-going children. Before the support, they had no toilet of their own and had to use relatives’ or neighbors’ toilets.","6.8863325, 80.5605067","The family have have access to a safe, private, and hygienic sanitation facility.","Sivakumar Ponnambalam"
"50186476-3e23-4ca3-a8f0-17194eeed587","C. Kanapathippillai","Construction of toilets","Nuwara Eliya (Plantation)","Norwood","Abortsily ","CDC","Selvarani Kanthasamy","11/10/2025","Support provided for new toilet construction
BDS contribution: Rs. 122,500
Beneficiary contribution: Rs. 25,000
Total investment: Rs. 147,500
The family consists of four members. K. Vasanthakumari is an estate worker, and her husband works in Colombo. They have two school-going children. Prior to BDS support, they were using a damaged and unusable toilet.","6.8855461, 80.5674142","The family have have access to a safe, hygienic, and functional sanitation facility.  ","Sivakumar Ponnambalam"
"bebd5cc9-9561-4743-acb9-3036010597b8","S. Karunaratne","Construction of toilets","Nuwara Eliya (Plantation)","Norwood","Abortsily ","CDC","Selvarani Kanthasamy","11/10/2025","Support provided for new toilet construction
BDS contribution: Rs. 127,500
Beneficiary contribution: Rs. 20,000
Total investment: Rs. 147,500
The family consists of four members. S. Vijayarani is an estate worker, and her husband works in Colombo. They have two school-going children. Prior to the support, they had no toilet of their own and were dependent on a relative’s toilet.","6.8871551, 80.5653967","The family have have access to a safe, hygienic, and functional sanitation facility.","Sivakumar Ponnambalam"
"824fe163-f10a-4250-af57-ee40a5100a9f","N. Karunaratne","Construction of toilets","Nuwara Eliya (Plantation)","Norwood","Abortsily","CDC","Selvarani Kanthasamy","11/10/2025","Support provided for new toilet construction
BDS contribution: Rs. 177,840
Beneficiary contribution: Rs. 5,000
Total investment: Rs. 182,840
This family consists of two members: Aarai, an elderly woman, and her disabled son. Both are not working, and their relatives provide financial and daily support. Before the intervention, they were using an unusable and damaged toilet.
BDS supported the construction of a PWD toilet to meet the family’s special needs. However, the construction was not been properly completed due to malpractice by the contractor during the initial visit. The Issue has been rectified now by the beneficiary. The facility is in regular use.","6.8861529, 80.5728499","The construction was not properly completed due to malpractice by the contractor during the initial visit. The Issue has been rectified by the beneficiary. The facility is in regular use.","Sivakumar Ponnambalam"
"9895706a-e089-410e-9d97-3e5863d52477","M. Kariyawasam","Construction of toilets","Nuwara Eliya (Plantation)","Norwood","Abortsily","CDC","Selvarani Kanthasamy","11/10/2025","Support provided for new toilet construction
BDS contribution: Rs. 137,500
Beneficiary contribution: Rs. 10,000
Total investment: Rs. 147,500
Johnson is living alone and works in a hotel. He is also a kidney patient, which makes his health condition very vulnerable. He did not have a personal toilet and was dependent on using a neighbor’s toilet.
BDS has supported him with new toilet construction. Construction work complted and the facility is in regular use.","6.8849024, 80.5694322","Construction work completed and the facility is in regular use.  ","Sivakumar Ponnambalam"
"44316a81-fab9-4b90-8563-a09e6698761e","Ajith de Zoysa","Construction of toilets","Nuwara Eliya (Plantation)","Norwood","Abortsily","CDC","Selvarani Kanthasamy","11/10/2025","Support provided for new toilet construction
BDS contribution: Rs. 127,500
Beneficiary contribution: Rs. 20,000
Total investment: Rs. 147,500
The family consists of four members. The beneficiary is an estate worker. They have one child who is currently studying at university. Prior to the support, the family was using a damaged toilet.
construction. Construction work is completed, and the facility is in regular use.","6.8829344, 80.5710439","Construction work is completed, and the facility is in regular use.","Sivakumar Ponnambalam"
"13494120-750b-4884-a775-d2ee97dc6293","N. Samarasinghe","Construction of toilets","Nuwara Eliya (Plantation)","Nuwara Eliya","Desford","CDC","Selvarani Kanthasamy","11/11/2025","V. Paranjothi 
Mrs. V. Paranjothi has received BDS support valued at Rs. 163,220, the beneficiary contribution is Rs. 15,000.00
The family consists of five members – Mrs. Paranjothi (estate laborer), her husband (daily wage worker), and their three children, one of whom is currently attending school. The elder son is working in Colombo. Their previous toilet is damaged, which affected sanitation, hygiene, and overall living conditions.
With the combined effort of BDS (Rs. 163,220) and beneficiary contribution (Rs. 14,000.00), the construction of new toilet is completed and the facility is in regular use.","6.9201064, 80.7383312","construction of new toilet is completed and the facility is in regular use.","Sivakumar Selvanayagam"
"0493179d-0fb7-41d3-83c0-3e2b7c42f8b6","Y. Chandrasekaram","Construction of toilets","Nuwara Eliya (Plantation)","Nuwara Eliya","Desfort ","CDC","Selvarani Kanthasamy","11/11/2025","Mr. D. Kasinathan has received BDS support valued at Rs. 135,000, the beneficiary contribution is Rs. 15,000.
The family consists of three members – Mr. Kasinathan (daily wage worker), his wife, and their one son. Prior to the intervention, the family was relying on a common toilet, which compromised privacy, hygiene, and convenience.
 The construction of a new toilet facility is completed, with the BDS contribution (Rs. 135,000) and the beneficiary contribution (Rs. 15,000). The family have independent access to a hygienic toilet.
 The beneficiary was provided a cement pack and steel bar in addition to the beneficiary&#39;s contribution. The contractor was warned not to do such practice anymore.","6.9195377, 80.7378176","Pit was not closed properly.","Sivakumar Selvanayagam"
"d4739449-6055-4b72-a299-ecb6713a6acd","T. Dissanayake","Construction of toilets","Nuwara Eliya (Plantation)","Nuwara Eliya","Desfort ","CDC","Selvarani Kanthasamy","11/11/2025","PWD toilet construction Contribution: Rs. 170,000
Beneficiary contribution: Rs. 15,000
K. Jeyamani, a disabled woman living alone, was engaged in small-scale vegetable cultivation. She faced significant difficulty using a normal toilet due to her disability and was dependent on a damaged toilet before BDS support.
K. Jeyamani’s damaged toilet was demolished, and construction of the new PWD toilet is completed. There is a problem in outlet pipes. Outlet pipe is not fixed correctly.","6.917246, 80.7358112","Construction of the new PWD toilet is completed. There is a problem in outlet pipes. Outlet pipe is not fixed correctly.","Sivakumar Selvanayagam"
"60dae826-bbd0-4aa4-91f0-363d1eab4317","S. Fernando","Construction of toilets","Nuwara Eliya (Plantation)","Nuwara Eliya","Desfort ","CDC","Selvarani Kanthasamy","11/11/2025","Toilet construction
BDS Contribution: Rs. 153,220
Beneficiary contribution: Rs. 10,000
P. Yasodhai, an estate worker, lived with her husband, who worked in Colombo, and their three children. The children are going to school. The family had no toilet and had to depend on relatives’ facilities.
 The construction of a new toilet facility is completed and in regular use . The beneficiary was provided a cement pack and steel bar in addition to the beneficiary&#39;s contribution. The contractor was warned not to do such practice anymore. ","6.9166584, 80.7341464","The construction of a new toilet facility is completed and in regular use .","Sivakumar Selvanayagam"
"d5f79fd8-8c52-46f1-8a80-358eb85ebf51","S. Fernando","Construction of toilets","Nuwara Eliya (Plantation)","Nuwara Eliya","Desfort ","CDC","Selvarani Kanthasamy","11/11/2025","Toilet construction
BDS Contribution: Rs. 153,220
Beneficiary contribution: Rs. 10,000
P. Yasodhai, an estate worker, lived with her husband, who worked in Colombo, and their three children. The children are going to school. The family had no toilet and had to depend on relatives’ facilities.
 The construction of a new toilet facility is completed and in regular use . The beneficiary was provided a cement pack and steel bar in addition to the beneficiary&#39;s contribution. The contractor was warned not to do such practice anymore. ","6.9166584, 80.7341464","The construction of a new toilet facility is completed and in regular use.","Sivakumar Selvanayagam"
"1e8d6764-d52a-4193-a943-2ee8aa71eb22","S. Weerasinghe","Construction of toilets","Nuwara Eliya (Plantation)","Nuwara Eliya","Desfort ","CDC","Selvarani Kanthasamy","11/11/2025","
K. Manimegala, an estate worker with her husband earning as a daily wage worker, had three school-going children. The family had no toilet of their own and was dependent on neighbours.","6.9178863, 80.7367466","Construction is completed, and the family has access to proper sanitation.  ","Sivakumar Selvanayagam"
"f11c9155-78a2-4c8d-b4c1-b8c209ffbbea","S. Weerasinghe","Construction of toilets","Nuwara Eliya (Plantation)","Nuwara Eliya","Desfort ","CDC","Selvarani Kanthasamy","11/11/2025","K. Manimegala, an estate worker with her husband earning as a daily wage worker, had three school-going children. The family had no toilet of their own and was dependent on neighbours.","6.9178863, 80.7367466","Construction is completed, and the family has access to proper sanitation. ","Sivakumar Selvanayagam"
"f6a7c835-ce6a-44a0-a5b8-198c0be980cf","S. Weerasinghe","Construction of toilets","Nuwara Eliya (Plantation)","Nuwara Eliya","Desfort ","CDC","Selvarani Kanthasamy","11/11/2025","K. Manimegala, an estate worker with her husband earning as a daily wage worker, had three school-going children. The family had no toilet of their own and was dependent on neighbours.","6.9178863, 80.7367466","Construction is completed, and the family has access to proper sanitation.","Sivakumar Selvanayagam"
"9227ef68-fb20-4248-983d-f47fb4e30217","S. Ratnam","Construction of toilets","Nuwara Eliya (Plantation)","Nuwara Eliya","Desfort ","CDC","Selvarani Kanthasamy","11/11/2025","M. Sivakumar, running a small grocery store for survival, lived with his wife, son, and grandchildren. The family did not have their own toilet and relied on relatives.","6.9156754, 80.7345216","The construction completed, the family has access to proper sanitation.  ","Sivakumar Selvanayagam"
"db4e7554-3a31-4423-8412-04cfe7b623c5","S. Ratnam","Construction of toilets","Nuwara Eliya (Plantation)","Nuwara Eliya","Desfort ","CDC","Selvarani Kanthasamy","11/11/2025","M. Sivakumar, running a small grocery store for survival, lived with his wife, son, and grandchildren. The family did not have their own toilet and relied on relatives.","6.9156754, 80.7345216","The construction completed, the family has access to proper sanitation.","Sivakumar Selvanayagam"
"afe97750-88fc-456e-b82d-10023959496c","R. Rathnayake","Construction of toilets","Nuwara Eliya (Plantation)","Nuwara Eliya","Desfort ","CDC","Selvarani Kanthasamy","11/11/2025","U. Vimaladevi, a daily wage worker, lived with her, an estate worker. Their family had no toilet and used relatives’ facilities.","6.9161013, 80.736312","U. Vimaladevi’s toilet construction is completed, and the facility is in regular use.  ","Sivakumar Selvanayagam"
"4a9f89aa-f8a8-4ef0-bfa4-5c57c1fb5d02","N. Kodithuwakku","Construction of toilets","Nuwara Eliya (Plantation)","Nuwara Eliya","Desfort ","CDC","Selvarani Kanthasamy","11/11/2025","P. Deviga, an estate worker, lived with her husband (a daily wage worker), son (also a wage worker), and daughter (tailoring student). They had no toilet and relied on neighbours.","6.916381, 80.734896","P. Deviga’s toilet construction is completed, and the family now has access to their own toilet.","Sivakumar Selvanayagam"
"bb7b6a37-0fbb-4e67-91ef-2901cee1ff21","N. Kodithuwakku","Construction of toilets","Nuwara Eliya (Plantation)","Nuwara Eliya","Desfort ","CDC","Selvarani Kanthasamy","11/11/2025","P. Deviga, an estate worker, lived with her husband (a daily wage worker), son (also a wage worker), and daughter (tailoring student). They had no toilet and relied on neighbours.","6.916381, 80.734896","P. Deviga’s toilet construction is completed, and the family now has access to their own toilet.","Sivakumar Selvanayagam"
"802957dc-d6b0-4340-a792-db541c1a7936","C. Jayawardhane","Construction of toilets","Nuwara Eliya (Plantation)","Nuwara Eliya","Desfort ","CDC","Selvarani Kanthasamy","11/11/2025","M. Papathy, an estate worker, lived with her unemployed husband. The family did not have a toilet and used relatives’ facilities.","6.9155034, 80.735027","M. Papathy's toilet construction is completed, and the family now has access to their own toilet.","Sivakumar Selvanayagam"
"0b99ce70-79a4-460b-8dfd-5b3ceb0caa51","K. Rajendran","Construction of toilets","Nuwara Eliya (Plantation)","Thalawakele","Mountwernon ","CDC","Selvarani Kanthasamy","11/13/2025","The family consists of five members. Their main livelihood is cattle farming. Prior to BDS support, the family used a damaged toilet.
","6.9540709, 80.6161019","Support provided for new toilet construction BDS contribution: Rs. 130,000 Beneficiary contribution: Rs. 15,000 Total investment: Rs. 145,000  With contributions from BDS and the beneficiary, a new toilet has been constructed. The family now has access to a safe, hygienic, and private facility. ","Uma Kumaraguru"
"63331d3d-6b08-47b5-aa99-f8f93f1ed87a","Thevarajah Chandrasekaram","Construction of toilets","Nuwara Eliya (Plantation)","Thalawakele","Mountwernon ","CDC","Selvarani Kanthasamy","11/13/2025","Vijayakumar’s family consists of nine members. Both Vijayakumar and his wife work as estate labourers, earning a modest income. They have four school-going children. The family was using a damaged toilet, which was unsafe. ","6.9539981, 80.6107594","Support provided for new toilet construction BDS contribution: Rs. 130,000 Beneficiary contribution: Rs. 15,000 Total investment: Rs. 145,000 With contributions from BDS and the beneficiary, a new toilet has been constructed. The family now has access to a safe, hygienic, and private facility.","Uma Kumaraguru"
"42568d63-d91a-4be6-af42-186e476d6b40","K. Hettiarachchi","Construction of toilets","Nuwara Eliya (Plantation)","Thalawakele","Mountwernon ","CDC","Selvarani Kanthasamy","11/13/2025","M. Punniyawathi’s family has four members. She works as an estate worker. She has three school-going children. This family had no toilet facility of their own and had to rely on others’ facilities.","6.9539509, 80.6104956","With contributions from BDS and the beneficiary, a new toilet has been constructed. The family now has access to a safe, hygienic, and private facility. ","Uma Kumaraguru"
"7df25dfd-f523-43e8-9edc-2a9998d8a685","K. Perera","Construction of toilets","Nuwara Eliya (Plantation)","Thalawakele","Mountwernon ","CDC","Selvarani Kanthasamy","11/13/2025","M. Mageshwaran’s family consists of six members. Both he and his wife are estate workers. They have three school-going children. The family was using a damaged toilet before BDS support.","6.9551131, 80.6104529","With contributions from BDS and the beneficiary, a new toilet has been constructed. The family now has access to a safe, hygienic, and private facility.","Uma Kumaraguru"
"e6363a0e-4120-490d-b730-ea1f90173cf7","K. Perera","Construction of toilets","Nuwara Eliya (Plantation)","Thalawakele","Mountwernon ","CDC","Selvarani Kanthasamy","11/13/2025","M. Mageshwaran’s family consists of six members. Both he and his wife are estate workers. They have three school-going children. The family was using a damaged toilet before BDS support.","6.9551131, 80.6104529","Beneficiary contribution: Rs. 15,000 Total investment: Rs. 145,000 With contributions from BDS and the beneficiary, a new toilet has been constructed. The family now has access to a safe, hygienic, and private facility.","Uma Kumaraguru"
"2b512ea8-4359-4684-b1ff-93c47a952392","K. Peiris","Construction of toilets","Nuwara Eliya (Plantation)","Thalawakele","Mountwernon ","CDC","Selvarani Kanthasamy","11/13/2025","Dhatchanamoorthi’s family consists of five members. His wife and one son work as estate labourers, while the family also includes three children, two of whom are currently schooling. The family had no toilet of their own and relied on a relative’s toilet, which caused inconvenience.","6.9552581, 80.6110441","Support provided for new toilet construction BDS contribution: Rs. 140,000 Beneficiary contribution: Rs. 5,000 investment: Rs. 145,000 With contributions from BDS and the beneficiary, a new toilet has been constructed. The family now has access to a safe, hygienic, and private facility.","Uma Kumaraguru"
"1398b886-6c7c-44fb-a959-66e228dcce23","U. Peiris","Construction of toilets","Nuwara Eliya (Plantation)","Thalawakele","Mountwernon ","CDC","Selvarani Kanthasamy","11/13/2025","V. Sasikala’s family has seven members. Out of them, two are estate workers, two are employed in Colombo, and three are school-going children. they used a damaged toilet before the support.","6.9554189, 80.6114951","Support provided for new toilet construction BDS contribution: Rs. 140,000 Beneficiary contribution: Rs. 5,000 Total investment: Rs. 145,000  With contributions from BDS and the beneficiary, a new toilet has been constructed. The family now has access to a safe, hygienic, and private facility.","Uma Kumaraguru"
"a2b7c18a-3b2a-4cb8-97f7-a7baad0f3bd8","D. Abeywardena","Construction of toilets","Nuwara Eliya (Plantation)","Thalawakele","Mountwernon ","CDC","Selvarani Kanthasamy","11/13/2025","The family consists of seven members. Mr. S. Chandra Mohan is the sole earner, working as an estate worker. They have three children, two of whom are studying, and one child has a kidney problem. The child needed a separate toilet as using common facilities causes health issues. The  family is lacking a suitable sanitation facility for the PWD child.","6.9575391, 80.6152916","With contributions from BDS and the beneficiary, a new PWD toilet construction is underway. Once construction completed the family will have has safe, hygienic, and accessible sanitation for the child with special needs. Beneficiary contribution for this construction is 5,000.00.","Uma Kumaraguru"
"56c0ca69-aea9-4f24-a55e-9f63fe0d2d87","R. de Zoysa","Construction of toilets","Nuwara Eliya (Plantation)","Thalawakele","Mountwernon ","CDC","Selvarani Kanthasamy","11/13/2025","The family consists of three members. Mr. R. Thiliban is a daily wage worker, his wife is a housewife, and they have one child. The family has no toilet and relied on a relative’s facility.","6.9586851, 80.6156795","The construction work has been completed. Beneficiary claims they need install outlet pipe due to long distance from facility to pit. Once completed the family will have access to the proper facility.","Uma Kumaraguru"
"a6663582-88e7-42c6-aa52-2b07a4141c83","I. Hettiarachchi","Construction of toilets","Nuwara Eliya (Plantation)","Thalawakele","Mountwernon ","CDC","Selvarani Kanthasamy","11/13/2025","The family consists of four members. J. Kamaladevi is an estate worker. Her son, who is receiving treatment in Colombo due to an accident, and her daughter works in a supermarket. Prior to BDS support, the family used a damaged toilet.","6.9579466, 80.6154406","With contributions from BDS and the beneficiary, a new toilet has been constructed. The family now has access to a safe, hygienic, and private facility. But, still the damaged toilet is not demolished.","Uma Kumaraguru"
"966b79ce-fcdf-4e30-9678-102116605ff8","N. de Zoysa","Construction of toilets","Nuwara Eliya (Plantation)","Thalawakele","Mountwernon ","CDC","Selvarani Kanthasamy","11/13/2025","The family consists of six members. V. Sivaselvi is an estate worker, and her husband works in Colombo. They have two children, both attending school. Prior to BDS support, the family was using a damaged toilet.","6.9562002, 80.6151742","With contributions from BDS and the beneficiary, a new toilet has been constructed. The family now has access to a safe, hygienic, and private facility. The family highly satisfied with the intervention.","Uma Kumaraguru"
"1f4cc73a-4397-4a87-88df-746eb00cf427","P. Fernando","Construction of toilets","Nuwara Eliya (Plantation)","Norwood","Ingestre","CDC","Selvarani Kanthasamy","11/18/2025","The family consists of five members – Mrs. Aavatthai, her husband, and their three school-going children. The husband is a daily wage worker, while Mrs. Aavatthai is employed as an estate laborer. The family’s limited and unstable income made it difficult to address essential needs such as sanitation. At present, they are using a damaged toilet.","6.8458994, 80.6463668","The beneficiary has paid  10000  to date, and the construction work is currently in progress. Once completed, the beneficiary will have access to a safe and functional toilet facility.   progres","Somawathi Karunaratne"
"99c172ed-0c22-4900-a7af-c32564625e1b","K. Wickramasinghe","Construction of toilets","Nuwara Eliya (Plantation)","Norwood","Ingestre ","CDC","Selvarani Kanthasamy","11/18/2025"," The family consists of five members – Mr. Kannathasan, his wife (housewife), and two school-going children. Currently, the family is facing challenges due to a damaged toilet facility.","6.8451226, 80.6473025","The beneficiary has paid 10000 to date, and the construction work is currently in progress. Once completed, the beneficiary will have access to a safe and functional toilet facility.","Somawathi Karunaratne"
"31359eaa-a85a-40c2-933a-af69f6778690","N. Herath","Construction of toilets","Nuwara Eliya (Plantation)","Norwood","Ingestre","CDC","Selvarani Kanthasamy","11/18/2025","The family consists of four members – Mrs. P. Mageshwary, her husband (both working as estate laborers), and their school-going child. Due to financial limitations, they were unable to build a toilet. At present, they are relying on a relative’s toilet facility, which is inconvenient and challenging to privacy and dignity.","6.8408273, 80.6513384","The beneficiary has paid 5000.00 to date, and the construction work is currently in progress. Once completed, the beneficiary will have access to a safe and functional toilet facility. ","Somawathi Karunaratne"
"be733b7f-e0cd-408d-8e56-27b19c3962f8","K. Sivalingam","Construction of toilets","Nuwara Eliya (Plantation)","Norwood","Ingestre","CDC","Selvarani Kanthasamy","11/18/2025","The household consists of two members – Ms. Siththirani, a daily wage worker, and her daughter. Ms. Chitrani's daughter has been suffering from a long-term mental illness, which has affected the family’s financial stability. Their toilet facility is damaged, and they are currently depending on a relative’s toilet.","6.8407013, 80.6519618","The beneficiary has paid 5000.00 to date, and the construction work is currently in progress. Once completed, the beneficiary will have access to a safe and functional toilet facility. ","Somawathi Karunaratne"
"fb7fc3a0-f5a5-4ea7-b547-8ae981fd1cc6","S. Sinnathurai","Construction of toilets","Nuwara Eliya (Plantation)","Norwood","Ingestre","CDC","Selvarani Kanthasamy","11/18/2025","The family consists of five members – Mr. Ramakrishnan, his wife (a housewife), and their three school-going children. Mr. Ramakrishnan works in Colombo to provide for the family. Despite his efforts, the family faces sanitation challenges as their toilet is damaged.","6.8767609, 80.6295949","The beneficiary has paid 5000.00 to date, and the construction work is currently in progress.","Somawathi Karunaratne"
"48c7d6df-9a67-4f07-b43e-9a8cedf7370d","L. Balachandran","Construction of toilets","Nuwara Eliya (Plantation)","Norwood","Ingestre","CDC","Selvarani Kanthasamy","11/18/2025","The family consists of two members – Mr. Muthukumar and his wife. Both are employed as estate laborers (cash workers) with limited and irregular income. Their existing toilet is damaged, forcing them to depend on a neighbor’s toilet.","6.8407013, 80.6519618","The beneficiary provided an additional 1,000.00 to the volunteer. The volunteer claims he obtained 1000.00 for transportation.","Somawathi Karunaratne"
"9e39d15b-b819-4867-b10c-edefff60fa65","U. Kandasamy","Construction of toilets","Nuwara Eliya (Plantation)","Norwood","Ingestre","CDC","Selvarani Kanthasamy","11/18/2025","The family consists of two members – Mr. Ravichandran and his wife (a housewife). He works in Colombo to support the household. Their existing toilet is damaged, and due to this, they are depending on a neighbor’s toilet.","6.8404548, 80.6537677","The beneficiary has paid 9,000.00 to date, and the construction work is currently in progress. Once completed, the beneficiary will have access to a safe and functional toilet facility.","Somawathi Karunaratne"
"ae8941d7-ac32-4733-8eab-9508c171e419","S. Peiris","Construction of toilets","Nuwara Eliya (Plantation)","Norwood","Ingestre","CDC","Selvarani Kanthasamy","11/18/2025","The family consists of five members – Mr. Yasodharan, his wife, and their three children. Both parents are estate laborers, earning a modest and limited income. Out of the three children, one is currently attending school. The family’s existing toilet is damaged.","6.8424998, 80.6523828","Construction work is currently in progress. Once completed, the beneficiary will have access to a safe and functional toilet facility.","Somawathi Karunaratne"
"88eeee41-0c62-48a9-89c5-38fff0b4995b","A. Jayasuriya","Construction of toilets","Nuwara Eliya (Plantation)","Ambgamuwa","St. Heliyas","CDC","Selvarani Kanthasamy","1/20/2026","P. Thiliban’s family consists of three members: himself, his wife, who is a housewife, and their school attending child. They faced sanitation challenges because they rely on a damaged and unusable toilet.","6.9174152, 80.5410036","Toilet construction was completed successfully and its in regular use","Krishnamoorthy Somasundaram"
"69a3523b-fb01-434e-913f-8cdc317686ac","K. Sivalingam","Construction of toilets","Nuwara Eliya (Plantation)","Ambgamuwa","St. Heliyas","CDC","Selvarani Kanthasamy","1/20/2026","A. Yesuraja lives with his two sisters, both of whom are currently residing in Colombo. He is engaged in vegetable and tea cultivation, which together form the main source of livelihood for the family. One of his sisters is employed in Colombo, contributing some financial support to the household. However, the family faced sanitation difficulties, as their toilet was damaged and unusable.","6.9180291, 80.5398223","Toilet construction is completed successfully. and in regular use","Krishnamoorthy Somasundaram"
"4b5e2b24-37ac-416d-aa7a-f7d541f18a84","Chaminda Wijesinghe","Construction of toilets","Nuwara Eliya (Plantation)","Ambgamuwa","St. Heliyas","CDC","Selvarani Kanthasamy","1/20/2026","S. Veeraiya lives with his family, which includes seven members. He is engaged in vegetable cultivation, which is the main source of income for the household. The family is facing sanitation challenges due to a damaged and unhygienic toilet.","6.9174632, 80.5399828","Toilet construction was completed successfully. The beneficiary now has access to a good sanitary facility.","Krishnamoorthy Somasundaram"
"07cf63ac-1744-4ca2-9cf2-0607731c3f99","C. Senanayake","Construction of toilets","Nuwara Eliya (Plantation)","Ambgamuwa","St. Heliyas","CDC","Selvarani Kanthasamy","1/20/2026","T. Manamegala lives with her husband and their child. Her husband works in Colombo, while she stays home as a housewife, managing the household and caring for their child. The family is facing a serious sanitation challenge because they do not have a toilet of their own.","6.9171925, 80.5420306","The facility in regular use","Krishnamoorthy Somasundaram"
"bca45c6f-8ab8-448d-97fb-fa385c3b1751","P. Senanayake","Construction of toilets","Nuwara Eliya (Plantation)","Ambgamuwa","St. Heliyas","CDC","Selvarani Kanthasamy","1/20/2026","They used damaged facility","6.9160147, 80.5414201","Facility in regular use","Krishnamoorthy Somasundaram"
"cce63e91-bb6a-48f3-a85e-fe5ead20ec7a","T. Jayasuriya","Construction of toilets","Nuwara Eliya (Plantation)","Ambgamuwa","St. Heliyas","CDC","Selvarani Kanthasamy","1/20/2026","M. Ganeshan’s family consists of four members. He works in Colombo to support the household, while his wife is a housewife managing the family and their two school-going children. They used damaged toilet.","6.9168015, 80.5427483","The facility in regular use","Krishnamoorthy Somasundaram"
"8ab108d4-4f06-45c2-9842-52eaf89e0c80","K. Peiris","Construction of toilets","Nuwara Eliya (Plantation)","Norwood","Ingestre","CDC","Selvarani Kanthasamy","1/27/2026","T. Avathai and her husband are both estate workers. They have three children, all of whom are currently attending school. They previously used a damaged toilet before receiving support.","6.8449625, 80.6472029","The toilet has been completed, providing the family with a safe and hygienic facility.","Somawathi Karunaratne"
"6af5009f-e43b-4bbc-b9c1-f6a579d9e8b2","K. Wickramasinghe","Construction of toilets","Nuwara Eliya (Plantation)","Norwood","Ingestre","CDC","Selvarani Kanthasamy","1/27/2026","K. Kannathasan is working in Colombo, while his wife is a housewife. They have two children and previously used a damaged toilet before receiving support.","6.8457576, 80.6475079","The construction of the toilet has been completed. Now the family has a safe and hygienic facility.","Somawathi Karunaratne"
"2bcbf701-a440-42ab-9198-034e9ac0bd06","V. Rajendran","Construction of toilets","Nuwara Eliya (Plantation)","Norwood","Ingestre","CDC","Selvarani Kanthasamy","1/27/2026","S. Muthukumar and his wife both are estate workers. They used damaged toilet facility before receiving the support.","6.8427265, 80.6510242","The construction is ongoing. The contractor did not complete the construction by the agreed-upon date.","Somawathi Karunaratne"
"b25b554d-f100-4224-8dcc-5e610b899971","S. Peiris","Construction of toilets","Nuwara Eliya (Plantation)","Norwood","Ingestre","CDC","Selvarani Kanthasamy","1/27/2026","N. Yasodhaan and his wife are both estate workers. They have three children, one of whom is currently attending school. They are using a damaged toilet.","6.8417514, 80.6518283","The construction is ongoing. The contractor did not complete the construction by the agreed-upon date.","Somawathi Karunaratne"
"71b9db48-2d90-4a8c-a866-7195942ffeb5","U. Kandasamy","Construction of toilets","Nuwara Eliya (Plantation)","Norwood","Ingestre","CDC","Selvarani Kanthasamy","1/27/2026","K. Ravichandran works in Colombo, while his wife is a housewife. They have a damaged toilet that is unusable, so they are using their neighbor's facilities.","6.8419866, 80.6535442","The construction is ongoing. The contractor did not complete the construction by the agreed-upon date.","Somawathi Karunaratne"
"b2ff4607-ef72-43c0-a1d0-de88b77193bb","K. Sivalingam","Construction of toilets","Nuwara Eliya (Plantation)","Norwood","Ingestre","CDC","Selvarani Kanthasamy","1/27/2026","M. Siththirani is a daily wage worker with a differently-abled daughter. They are using a relative's facility.","6.8405729, 80.6513212","The construction is ongoing. The contractor did not complete the construction by the agreed-upon date.","Somawathi Karunaratne"
"2d300f01-c5a9-48c1-bedc-c7ec3ed4e2cd","S. Sinnathurai","Construction of toilets","Nuwara Eliya (Plantation)","Norwood","Ingestre","CDC","Selvarani Kanthasamy","1/27/2026","M. Ramakrishnan is currently working in Colombo, while his wife is a homemaker. They have three children and are utilizing a damaged facility.","6.8405729, 80.6513212","The construction is ongoing. The contractor did not complete the construction by the agreed-upon date.","Somawathi Karunaratne"
"35799a52-faee-4900-a672-5a4c5b8fca0c","N. Herath","Construction of toilets","Nuwara Eliya (Plantation)","Norwood","Ingestre","CDC","Selvarani Kanthasamy","1/27/2026","P, Mageshwary and her husband both are estate workers. They have two children. Currently they have no toilet and using  relative's facility.","6.8410846, 80.6525353","The construction is ongoing. The contractor did not complete the construction by the agreed-upon date.","Somawathi Karunaratne"
"6bf156df-a682-4e85-9687-d3c37da487b5","K. de Zoysa","Construction of toilets","Nuwara Eliya (Plantation)","Nuwara Eliya","Clarendon","CDC","Selvarani Kanthasamy","3/26/2026","S. Selvi is a single mother who works in the estate. She has three children, one of whom works in Colombo while the others are unemployed. The family does not have their own facility and uses a relative's facility.","6.9149131, 80.7234021","The construction has been completed and the facility has been handed over. It is now in regular use.","Roshan Herath"
"234d4a07-ad40-4a8d-ae22-55287dfab149","R. Fernando","Construction of toilets","Nuwara Eliya (Plantation)","Nuwara Eliya","Abbotsleigh","CDC","Selvarani Kanthasamy","2/26/2026","S. Sarojadevi is an estate case worker, and her husband is a daily wage laborer. They have three children; two of them are attending school, while the third is working in Colombo. Previously, they did not have a toilet and relied on their neighbor's facility.","6.9148473, 80.7219215","The construction of the facility has been completed, and it is now in regular use.","Sivakumar Ponnambalam"
"48cf7197-85b2-4a52-82e3-2c3b98f3ae16","K. Amarasinghe","Construction of toilets","Nuwara Eliya (Plantation)","Nuwara Eliya","Clarendon","CDC","Selvarani Kanthasamy","2/26/2026","L. Satheesh is an estate worker, and her husband works in a hotel. They have two school -going children. Her father and mother depend on them. They did not have a toilet used neighbor's facility before the BDS support. ","6.9161314, 80.7234205","The toilet pit was not closed properly by the contractor.","Roshan Herath"
"f6b8b449-aef8-4d8b-894d-0cfe619270b2","L. Balachandran","Construction of toilets","Nuwara Eliya (Plantation)","Norwood","Ingestre","CDC","Selvarani Kanthasamy","3/6/2026","S. Muthukumar and his wife both are estate workers. They used damaged toilet facility before receiving the support.","6.8427265, 80.6510242","The construction has been completed, but it has not yet been handed over.","Somawathi Karunaratne"
"c68c6237-8574-4e87-bd40-e1199cdddde1","S. Peiris","Construction of toilets","Nuwara Eliya (Plantation)","Norwood","Ingestre","CDC","Selvarani Kanthasamy","3/6/2026","N. Yasodhaan and his wife are both estate workers. They have three children, one of whom is currently attending school. They were using a damaged toilet before the support.","6.8417514, 80.6518283","The construction has been completed, but it has not yet been handed over.","Somawathi Karunaratne"
"71973f0b-4b6b-4c62-82f2-746470a633c7","A. Herath","Construction of toilets","Nuwara Eliya (Plantation)","Norwood","Ingestre","CDC","Selvarani Kanthasamy","3/6/2026","K. Ravichandran works in Colombo, while his wife is a housewife. They had a damaged toilet that is unusable, so they were using their neighbor's facilities.","6.8417514, 80.6518283","The construction has been completed, but it has not yet been handed over.","Somawathi Karunaratne"
"c60c340c-1864-4f05-986c-72cf2e770223","U. Kandasamy","Construction of toilets","Nuwara Eliya (Plantation)","Norwood","Ingestre","CDC","Selvarani Kanthasamy","3/6/2026","K. Ravichandran works in Colombo, while his wife is a housewife. They have a damaged toilet that is unusable, so they are using their neighbor's facilities.","6.8419866, 80.6535442","The construction is ongoing. The contractor did not complete the construction by the agreed-upon date.","Somawathi Karunaratne"
"9e7433ac-e2e7-4706-9b88-18f3cd95288f","K. Sivalingam","Construction of toilets","Nuwara Eliya (Plantation)","Norwood","Ingestre","CDC","Selvarani Kanthasamy","3/6/2026","M. Siththirani is a daily wage worker with a differently-abled daughter. They were using a relative's facility before the support.","6.8405729, 80.6513212","The construction has been completed, but it has not yet been handed over.","Somawathi Karunaratne"
"37af92bd-e640-4cfe-a7fc-988a46b3a36e","S. Sinnathurai","Construction of toilets","Nuwara Eliya (Plantation)","Norwood","Ingestre","CDC","Selvarani Kanthasamy","3/6/2026","M. Ramakrishnan is currently working in Colombo, while his wife is a housewife. They have three children and they were utilizing a damaged facility before the support.","6.8405729, 80.6513212","The construction has been completed, but it has not yet been handed over.","Somawathi Karunaratne"
"dfe37b04-ba96-49ff-b752-88e1f2c74f47","N. Herath","Construction of toilets","Nuwara Eliya (Plantation)","Norwood","Ingestre","CDC","Selvarani Kanthasamy","3/6/2026","P, Mageshwary and her husband both are estate workers. They have two children. Currently they have no toilet and using  relative's facility.","6.8410846, 80.6525353","The construction is ongoing. The contractor did not complete the construction by the agreed-upon date.","Somawathi Karunaratne"
"8c44e8f7-a127-4cfa-a53a-a73c8026f068","K. Ekanayake","Construction of toilets","Nuwara Eliya (Plantation)","Norwood","Abbotseigh ","CDC","Selvarani Kanthasamy","3/9/2026","N. Kogila and her husband are employed as estate workers. They have two children who are both studying. They do not have a toilet of their own and use a neighbor's facility.","6.8850302, 80.5740428","The construction has been completed, and the facility is now in regular use.","Sivakumar Ponnambalam"
"a12327be-6714-4955-b803-a83783d44fa8","M. Navaratnam","Construction of toilets","Nuwara Eliya (Plantation)","Norwood","Abbotsleigh","CDC","Selvarani Kanthasamy","3/9/2026","P. Ramakrishnan is a disabled person, and he engages in goat rearing. His wife is a daily wage worker. They did not have a latrine that suited a disabled person.","6.8848912, 80.5726837","The PWD toilet construction has been completed, and the facility is now in regular use.","Sivakumar Ponnambalam"
"98164e40-0e65-42e6-9a99-47f9aca7d5c7","S. Peiris","Construction of toilets","Nuwara Eliya (Plantation)","Norwood","Abbotseliegh","CDC","Selvarani Kanthasamy","3/9/2026","A. Annalatchumi is an estate worker, and her husband is working in Colombo. They have children, and both of whom are attending school. They did not have a toilet of their own and used a neighbor's facility.","6.884557, 80.5779722","The construction has been completed, and the facility is now in regular use.","Sivakumar Ponnambalam"
"55e87448-34d5-45ae-88fb-d8cb6429a9c0","S. Abeywardena","Construction of toilets","Nuwara Eliya (Plantation)","Norwood","Abbotsleigh","CDC","Selvarani Kanthasamy","3/9/2026","L. Kalaivani is working as an estate worker, and husband works in Colombo. They have three children, two of whom are currently attending school. They did not have a toilet of their own and used a neighbor's facility. ","6.885417, 80.5785798","The construction has been completed, and the facility is now in regular use.","Sivakumar Ponnambalam"
"c25e11ee-9fa8-4797-bf32-33d1bdc694f2","Nandana Weerasinghe","Construction of toilets","Nuwara Eliya (Rural)","Nuwara Eliya","Shanthipura","CDC","Selvarani Kanthasamy","3/10/2026","The Family consists of four family members. They have a daughter and a son. Son is a physically fit person. The family was using a damaged unusable facility before the support.","6.978897, 80.7475635","The PWD toilet facility is in reular use. Now the have access to a good PWD toilet facility.","Gayan Perera"
"6bfdacfd-a8be-4d87-9ff0-7bb1ad72c743","A. Kariyawasam","Construction of toilets","Nuwara Eliya (Plantation)","Thalawakele","Great Western","CDC","Selvarani Kanthasamy","3/10/2026","S. Manogarana is working Colombo while his wife works as an estate laborer. They have three children. Currently using damaged toilet.","6.9624055, 80.6770965","The Family is using a damaged toilet.","Krishnamoorthy Somasundaram"
"3946d780-80a9-48cd-a095-904768525901","A. Wijeratne","Construction of toilets","Nuwara Eliya (Plantation)","Thalawakele","Great Western","CDC","Selvarani Kanthasamy","3/10/2026","P. Sarojadevi is a single mother working as a estate worker. She has two children, one of whom is working in Colombo.","6.9622239, 80.676626","Currently, the family is using a damaged toilet facility.","Krishnamoorthy Somasundaram"
"9c298262-af93-4913-995d-777defbb856e","S. Rasaratnam","Construction of toilets","Nuwara Eliya (Plantation)","Thalawakele","Great Western","CDC","Selvarani Kanthasamy","3/10/2026","R. Rajukumar is an estate laborer, and his father and mother are also working in the estate as cash laborers. The family is currently using a damaged toilet facility.","6.9622239, 80.676626","The family is currently using a damaged toilet facility.","Krishnamoorthy Somasundaram"
"58302f90-098c-4344-b160-45564181f520","C. Mendis","Construction of toilets","Nuwara Eliya (Plantation)","Thalawakele","Great Western","CDC","Selvarani Kanthasamy","3/11/2026","P. Periyasaami and his wife both are working as a estate cash laborer. Their son works in Colombo. Currently, they are using a damaged toilet facility.","6.9540732, 80.6866416","Currently, the family is using a damaged toilet facility.","Krishnamoorthy Somasundaram"
"2ad1043c-ff09-485b-8089-12e327024c25","M. Paramasivam","Construction of toilets","Nuwara Eliya (Plantation)","Norwood","Ingestre","CDC","Selvarani Kanthasamy","3/12/2026","K. Pathmanathan is an estate worker while his wife is a housewife. they have two children and both of whom are currently attending school. The family did not have their own toilet used neighbor's facility.","6.8600109, 80.6265949","The construction of the toilet is completed.  Now the family is using a  it regularly.","Somawathi Karunaratne"
"b550bab9-9ac1-4320-85b0-886cdcdc9c1e","C. Senanayake","Construction of toilets","Nuwara Eliya (Plantation)","Norwood","Ingestre","CDC","Selvarani Kanthasamy","3/12/2026","K. Thamizhvanan is an estate worker while his wife is a housewife. They have three children all of whom are studying. Currently they are using a damaged toilet facility.","6.8600109, 80.6265949","Currently they are using a damaged toilet facility. Beneficiary just has been identified.","Somawathi Karunaratne"
"7af13309-15c7-4351-8d77-3fa2fc5f2ad5","Ranjani Senanayake","Construction of toilets","Nuwara Eliya (Plantation)","Norwood","Ingestre","CDC","Selvarani Kanthasamy","3/12/2026","Ms. Seethayamma and her husband are daily wage laborers. They have a son who runs a garage and a daughter who works in a shop. Currently they are using a damaged toilet facility.","6.8606851, 80.6259813","Currently the family is using a damaged toilet.","Somawathi Karunaratne"
"a2bcb7f3-547f-46c4-b786-d96db19f8339","A. Hettiarachchi","Construction of toilets","Nuwara Eliya (Plantation)","Norwood","Ingestre","CDC","Selvarani Kanthasamy","3/12/2026","K. Sharmila is a housewife and her husband is also unemployed after with an accident. They have two daughters both of whom are attending school. The family does not have a toilet for their own, using neighbors' facility. ","6.8606851, 80.6259813","The family is currently using a neighbor's facility. The beneficiary has just been identified.","Somawathi Karunaratne"
"943d530e-4bdb-4709-8353-0ed80e0ed1fc","C. Mendis","Construction of toilets","Nuwara Eliya (Plantation)","Nuwara Eliya","Mattakele","CDC","Selvarani Kanthasamy","3/16/2026","A. Savariyamma lives in a family of six members. Both she and her husband are employed as estate labourers. Their two daughters work in a fancy shop, and their son is employed in a vegetable shop in Nuwara Eliya. A new house without has been constructed with BDS support. During the construction their toilet was fully damaged.","6.9210862, 80.7019177","The beneficiary's toilet was damaged during the house construction.","Priyantha Senanayake"
"3c8d86e3-776c-4451-bb31-659739b19179","K. Herath","Construction of toilets","Nuwara Eliya (Plantation)","Nuwara Eliya","Mattakele","CDC","Selvarani Kanthasamy","3/16/2026","G. Amudha and her husband are estate workers with four children. One of their children is currently studying, while another is working. They do not have their own toilet and are using their neighbor's facilities.","6.9229112, 80.6965909","The beneficiary does not have a toilet facility, ","Priyantha Senanayake"
"d05e37b1-cdfe-4312-835d-3270c55a31ec","K. Gunawardena","Construction of toilets","Nuwara Eliya (Plantation)","Nuwara Eliya","Mattakele","CDC","Selvarani Kanthasamy","3/16/2026","N. Kanageshwaran and his wife are both estate workers, and they have three children who are all attending school. His mother also lives with them. They do not have a toilet and use a relative's facilities.","6.9217538, 80.7097618","The Beneficiary is currently using a relative's facility.","Priyantha Senanayake"
"e93c5cd9-2593-473a-b4ae-4e34e6950e4e","K. Chandrasekaram","Construction of toilets","Nuwara Eliya (Plantation)","Nuwara Eliya","Mattakele","CDC","Selvarani Kanthasamy","3/16/2026","R. Pushparani is an estate worker, while her husband works in Colombo. They have two children, and her parents also live with them. Currently, they have a damaged toilet.","6.9202623, 80.6961587","The beneficiary is currently using a damaged toilet facility.","Priyantha Senanayake"
"d1c6c952-5417-43b0-a4a4-d7a3f6e88ae2","G. Gunawardena","Construction of toilets","Nuwara Eliya (Plantation)","Nuwara Eliya","Mattakele","CDC","Selvarani Kanthasamy","3/16/2026","S. Divya is an estate worker, while her husband is a daily wage laborer. They have three children attending school. The family does not have a toilet of their own.","6.9198649, 80.7025352","The Beneficiary does not have a toilet for their own.","Priyantha Senanayake"
"c374a1c2-b008-4a73-bb49-9d1c80a84e2c","P. Kanapathippillai","Construction of toilets","Nuwara Eliya (Plantation)","Nuwara Eliya","Mattakele","CDC","Selvarani Kanthasamy","3/16/2026","S. Rajasuloshana and her husband are both estate workers. They have four children, two of whom are currently attending school and two are working. The family already has a toilet attached to their house.","6.9210276, 80.6959707","The family already has a toilet attached to their house. ","Priyantha Senanayake"
"3365bb12-1766-45c6-8ec0-8a9066a62aea","B. Wijesinghe","Construction of toilets","Nuwara Eliya (Plantation)","Nuwara Eliya","Somerset","CDC","Selvarani Kanthasamy","3/23/2026","S. Juliet Mary and her husband are both estate workers. They have a son and a daughter. Their son is a mason. They had a toilet facility that was severely damaged by the recent DITWAH cyclone.","6.9392061, 80.7012577","The beneficiary is eligible for a latrine construction facility.","Roshan Herath"
"85351005-3608-4613-aee3-540a5143b165","K. Vinothan","Construction of toilets","Nuwara Eliya (Plantation)","Nuwara Eliya","Sometset","CDC","Selvarani Kanthasamy","3/23/2026","K. Srivathy and her husband are both estate workers. They have three children, two of whom are currently studying, and one is working in Colombo. Their toilet facility is damaged. therefore, they are using the neighbor's facility.","6.9320868, 80.7127789","The beneficiary is eligible for a latrine construction facility.","Roshan Herath"
"8d51b059-ab54-4f57-b5b1-c89d6612c374","R. Rasaratnam","Construction of toilets","Nuwara Eliya (Plantation)","Nuwara Eliya","Somerset","CDC","Selvarani Kanthasamy","3/23/2026","There are six family members in R. Sundharaja's family. Mr. Sundharaja is an estate worker, while his wife is a housewife. They have three children who are currently attending school. They family is currently using a damaged toilet facility.","6.936433, 80.704424","The beneficiary is eligible for a latrine construction facility.","Roshan Herath"
"8e8bdcff-af1e-490e-8689-944d5eb9e674","Leela Ranasinghe","Construction of toilets","Nuwara Eliya (Plantation)","Nuwara Eliya","Sometset","CDC","Selvarani Kanthasamy","3/23/2026","R. Sathyashri is an estate worker and her husband is a heart patient and unemployed. They have three children who are attending school. The family is using a damaged toilet.","6.9319639, 80.7132546","The beneficiary is eligible for a latrine construction facility.","Roshan Herath"
"f2d3fc20-0e4d-4eef-b9c7-a3a1160adf68","C. de Zoysa","Construction of toilets","Nuwara Eliya (Plantation)","Nuwara Eliya","Somerset","CDC","Selvarani Kanthasamy","3/23/2026","S. Arul Murugan and his wife are both estate workers. They have three children, two of whom are currently studying. The family is using a damaged toilet facility.","6.9278642, 80.7147243","The family is eligible for a toilet construction.","Roshan Herath"
"44de07ce-2b59-41cd-91be-53ac847d9c42","V. Jeganathan","Construction of toilets","Nuwara Eliya (Plantation)","Nuwara Eliya","Somerset","CDC","Selvarani Kanthasamy","3/23/2026","This family consists of six members: P. Sivakumar, his wife, and their three children, who are all studying, along with Mr. Sivakumar's mother, who is at home.","6.9266482, 80.7250904","The beneficiary is eligible for a toilet construction.","Roshan Herath"
"7db47130-5e26-4bd5-ac42-9aa0f7283865","D. Jayasuriya","Construction of toilets","Nuwara Eliya (Plantation)","Nuwara Eliya","Somerset","CDC","Selvarani Kanthasamy","3/23/2026","M. Kogilawani and her husband are both estate workers. They have three children, two of whom are currently studying. The family does not have a their own toilet, using a neighbor&#39;s toilet facility.
","6.9261284, 80.7243459","The beneficiary is eligible for the toilet construction.","Roshan Herath"
"2ea6c94e-8bae-4eed-9faf-a067a8df3219","D. Herath","Construction of toilets","Nuwara Eliya (Plantation)","Norwood","Great Western","CDC","Selvarani Kanthasamy","4/9/2026","She is a housewife while her husband works in a factory. Her mother in law also works as an estate worker. The family currently does not have a toilet and uses the neighbor's facility.","6.858128, 80.6378431","The beneficiary is suitable a latrine construction.","Krishnamoorthy Somasundaram"
"b12662e5-ee13-4233-ac7e-5c992640e8a8","N. Wickramasinghe","Construction of toilets","Nuwara Eliya (Plantation)","Norwood","Fordyce","CDC","Selvarani Kanthasamy","4/9/2026","M. Pushparanjini is a daily wage worker, and her husband works as a bus conductor. They have three children, one is works in Colombo, and another is currently studying. At present, the family does not have a toilet and using their neighbor's facility.","6.8563965, 80.6385457","This family eligible for a new toilet construction.","Uma Kumaraguru"
"770c9615-7f81-4394-ac08-4ea247a3399f","A. Hettiarachchi","Construction of toilets","Nuwara Eliya (Plantation)","Norwood","Fordyce","CDC","Selvarani Kanthasamy","4/9/2026","N. Nahendran is a retired individual who lives with his son. His son works as an estate worker and is the family's sole provider. Mr. Nahendran's daughter in law is a housewife. The family does not have a toilet, which forces them to rely on their neighbor's facilities.","6.8568421, 80.6380764","The family is eligible for a new toilet construction.","Uma Kumaraguru"
"226bc38b-6a20-4cd1-aa81-f5015944393a","T. Hettiarachchi","Construction of toilets","Nuwara Eliya (Plantation)","Norwood","Fordyce","CDC","Selvarani Kanthasamy","4/9/2026","S. Krishnaveni is an estate worker while her husband is engaged in cattle farming. Their son and daughter are studying. At present the family is using a damaged toilet facility.","6.857906, 80.6390356","The family is currently using a damaged toilet facility.","Uma Kumaraguru"
"20e791c0-277b-4420-bf6d-8d945d56e1bc","L. Jayasuriya","Construction of toilets","Nuwara Eliya (Plantation)","Thalawakele","Great Western","CDC","Selvarani Kanthasamy","5/6/2026","T. Sumithra works as an estate worker, and her husband drives a three-wheeler. They have three children, two of whom are currently studying. T. Sumithra's parents also live with them. The family does not have proper latrine facilities and is forced to use a neighbor's toilet.","6.9471726, 80.6975436","The family is eligible to construct a toilet facility.","Krishnamoorthy Somasundaram"
"bbd8223e-d0c6-4894-a044-7371e18da27f","Wasantha Karunaratne","Construction of toilets","Nuwara Eliya (Plantation)","Thalawakele","Great Western","CDC","Selvarani Kanthasamy","5/6/2026","N. Radhiga is an estate worker while her husband is a three-wheel driver. They have two children one of whom is currently studying. The family currently using a damaged toilet facility.","6.9517372, 80.6891893","The family is eligible for a new toilet construction.","Krishnamoorthy Somasundaram"
"5353040a-0e14-4ce8-a1e2-ebe7c259e969","M. Wijeratne","Construction of toilets","Nuwara Eliya (Plantation)","Nuwara Eliya","Clarendon","CDC","Selvarani Kanthasamy","5/13/2026","L. Satheesh is an estate worker, and her husband works in a hotel. They have two school -going children. Her father and mother depend on them. They did not have a toilet used neighbor's facility before the BDS support.","6.9158235, 80.7231973","The pit was not constructed properly at initial visit. Now, it has been rectified.","Roshan Herath"
"224fe560-8613-42eb-9ca6-41533e776aab","N. de Zoysa","Construction of toilets","Nuwara Eliya (Plantation)","Thalawakele","Mount Wernon","CDC","Selvarani Kanthasamy","5/17/2026","J. Revathi is an estate worker, while her husband works in a shop. They have two children who are attending school. The family lacks a proper latrine facility, using a neighbor's facility.","6.9542058, 80.6099672","The Construction is not started yet. ","Uma Kumaraguru"
"c86330d9-b08e-4e4c-b396-2c653536847d","T. Vaithilingam","Construction of toilets","Nuwara Eliya (Plantation)","Thalawakele","Mount Wernon","CDC","Selvarani Kanthasamy","5/17/2026","A. Chandran is an estate worker, his wife house wife. They have three children, two of whom are currently attending school. The family lacks a proper latrine facility, using a neighbor's facility.","6.955796, 80.6133671","The construction is not started yet. The family does not have a proper facility. ","Uma Kumaraguru"
"d2465bd4-dcb4-46f9-910d-9916c875d0dc","K. Samarasinghe","Construction of toilets","Nuwara Eliya (Plantation)","Thalawakele","Mount Wernon","CDC","Selvarani Kanthasamy","5/17/2026","K. Sureshan is an estate worker. Meanwhile, his wife is a housewife. They have two school-going children. The family lacks a proper latrine facility, using a neighbor's facility.","6.9541899, 80.6109497","The family does not have a proper facility. The construction has not started yet, but the agreement is about to end on 25/05/2026.","Uma Kumaraguru"
"03508924-41ba-4750-8fb4-f53fc33a7e69","N. Gunasekara","Construction of toilets","Nuwara Eliya (Plantation)","Thalawakele","Mount Wernon","CDC","Selvarani Kanthasamy","5/17/2026","S. Rajendhiran and wife, both are estate workers. They have three children, one of whom is currently studying, and the other two are unemployed. The family lacks a proper latrine facility, using a damaged facility.","6.9569723, 80.6134242","The family does not have a proper facility. The construction has not started yet, but the agreement is about to end on 25/05/2026.
","Uma Kumaraguru"
"f7e0af29-589b-4b22-b7e1-8084519f93bd","S. Senanayake","Construction of toilets","Nuwara Eliya (Plantation)","Thalawakele","Mount Wernon","CDC","Selvarani Kanthasamy","5/18/2026","T. Sivabalan is an estate worker, and his wife is a housewife. They have three children, all of whom are attending school. The 79 years old age rand mother also lives with them. The family lacks a proper latrine facility and uses damaged toilet.","6.9545827, 80.6146002","The family does not have a proper facility. The construction has not started yet, but the agreement is about to end on 25/05/2026.","Uma Kumaraguru"
"2c696156-e471-4eef-9acb-c0d7cb51175c","D. Weerasinghe","Construction of toilets","Nuwara Eliya (Plantation)","Thalawakele","Mount Wernon","CDC","Selvarani Kanthasamy","5/17/2026","N.Ramajayasotheeswaran is a single father who works as an estate worker. He has four children, all of whom are currently studying. His 80-year-old mother also lives with them. The family lacks a proper latrine facility, using a neighbor's facility.","6.952828, 80.6111992","The family does not have a proper facility. The construction has not started yet, but the agreement is about to end on 25/05/2026.","Uma Kumaraguru"
"1b05f36f-13be-4bdd-94d4-1f71f95693c8","A. Kodithuwakku","Construction of toilets","Nuwara Eliya (Plantation)","Thalawakele","Mount Wernon","CDC","Selvarani Kanthasamy","5/17/2026","M. Chandrabose is a mason. He has 04 children all of whom are unemployed. The family lacks a proper latrine facility, using a neighbor's facility.","6.9550565, 80.6146205","The family lacks a proper latrine facility, using a neighbor's facility. The construction has not started yet.","Uma Kumaraguru"
"b767f8ac-ee35-4c56-af3a-a19fdffab2a7","M. Kanthasamy","Construction of toilets","Nuwara Eliya (Plantation)","Thalawakele","Mount wernon","CDC","Selvarani Kanthasamy","5/17/2026","K. Amirthalingam is a daily wage worker, and her husband works as an estate worker. They have three school-going children. Their parents also live with them. The family lacks a proper latrine facility, using a neighbor's facility.","6.9539218, 80.6117687","The family does not have a proper facility. The construction has not started yet, but the agreement is about to end on 25/05/2026.","Uma Kumaraguru"
"e242111a-41c2-4dbc-b72d-905edb443f10","S. Gunawardena","Construction of toilets","Nuwara Eliya (Plantation)","Thalawakele","Mount Wernon","CDC","Selvarani Kanthasamy","5/18/2026","N. Kogilammah and her husband both are estate workers. They have three children, one of whom is currently studying and other two are unemployed. The family lacks a proper latrine facility, using a damaged facility.","6.9533818, 80.6101039","The family does not have a proper toilet facility. The agreement is set to end on 25/05/2026, but construction has not yet started.","Uma Kumaraguru"
"2994fe55-e85c-4516-a243-f292319c3f88","R. Karunaratne","Construction of toilets","Nuwara Eliya (Plantation)","Thalawakele","Mount Wernon","CDC","Selvarani Kanthasamy","5/17/2026","S. Vijayaletchumi is an estate worker, while her husband is a daily wage worker. They have four children, two of whom are attending school, and the other one is employed in Colombo. Currently, the family is using a damaged facility.","6.9538614, 80.6115214","The family is using a damaged facility. The construction has not started yet.","Uma Kumaraguru"
"9460f9a7-9160-4b92-bc8b-9f672057d979","N. Rathnayake","Construction of toilets","Nuwara Eliya (Plantation)","Thalawakele","Mount Wernon","CDC","Selvarani Kanthasamy","5/24/2026","T. Chandramohan is an estate worker, and his wife is a housewife. They have three school-going children. ","6.9551328, 80.6154954","The family was living in a temporary house while selecting the beneficiary. However, the family is now constructing a new house. Therefore, it is not recommended to build a toilet facility for this beneficiary.","Uma Kumaraguru"
"9809a36b-06bd-46fe-b461-09e5d87b9a54","I. Wijeratne","Construction of toilets","Nuwara Eliya (Plantation)","Thalawakele","Mountwernon","CDC","Selvarani Kanthasamy","5/19/2026","M. Kaaliyammah is an estate worker, while her husband is a daily wage worker. They have four children, three of whom are currently studying. The family lacks a proper latrine facility, using a damaged facility.","6.9577403, 80.6159495","The family does not have a proper toilet facility. The agreement is set to end on 25/05/2026, but construction has not yet started.","Uma Kumaraguru"
"6f1dfd47-89df-4f11-be89-866d3c490871","K. Samarasinghe","Construction of toilets","Nuwara Eliya (Plantation)","Thalawakele","Mountwernon","CDC","Selvarani Kanthasamy","5/24/2026","S. Pushpaleela is an estate worker, and her husband is a daily wage worker. They have a daughter who is currently attending school. The family lacks a proper latrine facility and uses neighbors.","6.9617042, 80.6173915","The family lacks a proper latrine facility and uses neighbors. The construction of a new loilet is underway.","Uma Kumaraguru"
"408efce4-7ac7-4d02-b176-74d274dadfb7","R. Peiris","Construction of toilets","Nuwara Eliya (Plantation)","Thalawakele","Mountwernon","CDC","Selvarani Kanthasamy","5/24/2026","S. Yogeshwari is a housewife, and her husband is a mason. They have a daughter and a son, both of whom are attending school. The family lacks a proper latrine facility and uses neighbors.","6.9617661, 80.6161208","Construction has ot started yet due to land constraints. ","Uma Kumaraguru"
"ada66ed9-8d72-4b85-ac9a-58f51d655b77","K. Herath","Construction of toilets","Nuwara Eliya (Plantation)","Thalawakele","Mount Wernon","CDC","Selvarani Kanthasamy","5/19/2026","K.Kirushnavathi is a housewife, while her husband is an estate worker. They have two children, one of whom is working as a daily wage worker. The other one is unemployed. The family lacks a proper latrine facility and uses neighbors.","6.9622275, 80.6164831","The family lacks a prgoper latrine facility and uses neighbors. Construction of a new toilet is underway.","Uma Kumaraguru"
"3162fd88-c200-41fa-afc3-0fdfb88535ea","K. Perera","Construction of toilets","Nuwara Eliya (Plantation)","Thalawakele","Mount wernon","CDC","Selvarani Kanthasamy","5/19/2026","S. Gowry is a housewife, while her husband is an estate worker. They have two daughters, one of whom is studying. The family lacks a proper latrine facility and uses neighbors.","6.9611452, 80.6177257","The family lacks a proper latrine facility and uses neighbors. The construction of a new loilet is underway.","Uma Kumaraguru"
"3f20d39a-fed8-4202-a2e3-0f4e89a4c8ab","V. Rathnayake","Construction of toilets","Nuwara Eliya (Plantation)","Thalawakele","Mountwernon","CDC","Selvarani Kanthasamy","5/19/2026","P. Letchumidevi and her husband both are estate workers. They have three school-going children. The family lacks a proper latrine facility and uses neighbors.","6.9610068, 80.6178585","The family lacks a proper latrine facility and uses neighbors. The construction is ongoing.","Uma Kumaraguru"
"a23239db-d059-45d9-8ea9-9f14ac37ada6","P. Senanayake","Construction of toilets","Nuwara Eliya (Plantation)","Thalawakele","Mountwernon","CDC","Selvarani Kanthasamy","5/19/2026","S. Aananthan and his wife, both are estate workers. They have two children, and both are unemployed. The family lacks a proper latrine facility and uses neighbors.","6.9610068, 80.6178585","The family lacks a proper latrine facility and uses neighbors. The construction of a new toilet facility is ongoing.","Uma Kumaraguru"
"ed283237-4dc7-40f7-bfc9-493748a139df","S. Ratnam","Construction of toilets","Nuwara Eliya (Plantation)","Thalawakele","Mountwernon","CDC","Selvarani Kanthasamy","5/19/2026","S. Krishnakumari and her husband both are estate workers. They have two sons, one of whom is currently studying. The family lacks a proper latrine facility and uses neighbors.","6.9603387, 80.6163292","The family lacks a proper latrine facility and uses neighbors. The construction of a new toilet facility is underway.","Uma Kumaraguru"
"91ed51e2-b8ca-4db0-8dbd-9342cbcd9a8a","I. Senanayake","Construction of toilets","Nuwara Eliya (Plantation)","Thalawakele","Mountwernon","CDC","Selvarani Kanthasamy","5/25/2026","The family consists of 06 members, including P. Sivaindhujayan and his wife, who works as estate workers. Two school-going children and parents who are unemployed. The family lacks a proper latrine facility and uses a damaged toilet.","6.9640945, 80.6162587","The family is currently using a damaged facility, and a new toilet construction is ongoing.","Uma Kumaraguru"
"2189e8ce-f26e-436f-acc2-f2ccab900b16","S. Vinothan","Construction of toilets","Nuwara Eliya (Plantation)","Thalawakele","Mountwernon","CDC","Selvarani Kanthasamy","5/25/2026","M. Pushparani is an estate worker and a single mother. She has two sons, one of whom is working in a garment factory and the other one is unemployed. The family lacks a proper latrine facility and uses neighbors.","6.9637463, 80.6156884","The family lacks a proper latrine facility and uses neighbors. The initial work of new toilet construction is completed.","Uma Kumaraguru"
"4cfe7797-4f32-4d84-8cf0-8e8097554789","V. Kanapathippillai","Construction of toilets","Nuwara Eliya (Plantation)","Thalawakele","Mountwernon","CDC","Selvarani Kanthasamy","5/25/2026","A. Pusparani is an estate worker, and her husband is a mason. Their son's family, including the son, daughter-in-law, and grandchild. The family lacks a proper latrine facility and uses a damaged facility.","6.9633011, 80.617777","The family lacks a proper latrine facility and uses a damaged toilet. The initial work of new toilet construction is underway.","Uma Kumaraguru"
"9e00fc26-66f1-4ab1-abca-1d275c79b52f","R. Abeywardena","Construction of toilets","Nuwara Eliya (Plantation)","Thalawakele","Mountwernon","CDC","Selvarani Kanthasamy","5/25/2026","R.C. Jamika is a housewife and her husband works as a mason. They have a 4-month-old child. The family lacks a proper latrine facility and uses a damaged facility.","6.9635522, 80.6177289","The family lacks a proper latrine facility and uses a damaged facility. The construction of a new toilet is underway.","Uma Kumaraguru"
"22e22aaf-4047-45f0-b5c2-8e6b16ffa11e","K. Kanapathippillai","Construction of toilets","Nuwara Eliya (Plantation)","Thalawakele","Mountwernon","CDC","Selvarani Kanthasamy","5/25/2026",". Sureshkumar and his wife, both are estate workers. They have three school-going children. The family lacks a proper latrine facility and uses a damaged toilet facility.","6.9635499, 80.6172833","The family lacks a proper latrine facility and uses a damaged facility. The initial work of new toilet construction is underway.","Uma Kumaraguru"
"ba2ee9db-f559-4e22-8de4-c721eebf3c4a","C. Ranasinghe","Construction of toilets","Nuwara Eliya (Plantation)","Thalawakele","Mountwernon","CDC","Selvarani Kanthasamy","5/25/2026","J. Dharshini and her husband are both estate workers. They have two children who are attending school. The family lacks a proper latrine facility and uses neighbors.
","6.9629424, 80.6163573","The family is currently using the neighbor's facility, and a new toilet construction is ongoing.","Uma Kumaraguru"
"52bccc66-e655-44a8-94c7-f119c9a19685","Youth from Nuwara Eliya DS division","Vocational/professional/ soft skill development of youth","Nuwara Eliya (Plantation)","Nuwara Eliya","Nuwara Eliya DS division","YDC","Selvarani Kanthasamy","5/14/2026","The selected youth entrepreneurs were guided in business idea generation. ","6.9756935, 80.7658756","The first day of the session of business idea generation has been carried out.","Suganthi Vinothan"
"dbc0ddcc-c5b1-4546-9ba5-394c5190769a","Kaushalya Karunaratne","Renovation of water projects","Nuwara Eliya (Plantation)","Nuwara Eliya","Mattakele","CDC","Selvarani Kanthasamy","1/20/2026","The water tank filter tank had leaks before the construction. Filter material was unchanged. ","6.9215976, 80.7083252","","Priyantha Senanayake"
"40f1801e-71bc-464f-b9ea-acc122b19462","L. Wickramasinghe","Material support for family-based livelihood development","Nuwara Eliya (Plantation)","Norwood","Ingestre","CDC","Selvarani Kanthasamy","5/25/2026","T. Navaneethan is a estate worker and his wife is a housewife. They a school going children. Mr. Navaneethan was engaging in vegetable cultivation without proper equipment. ","6.8442535, 80.6457965","The equipment has been recovered by a volunteer in the specified area. The items are being collected as the beneficiary has received money by pawning them. However, the items have not yet been returned to the BDS office.","Somawathi Karunaratne"
"edf1530a-1cd2-4920-ac29-ec529806e1fe","Clarendon Lower division Community","Financial support for CSO/Youth club actions","Nuwara Eliya (Plantation)","Nuwara Eliya","Clarendon","CDC","Selvarani Kanthasamy","5/27/2026","The Community was an unusable footpath.","6.9246655, 80.7307855","The construction of the clarendon lower division footpath has completed. The community now has good foot path access.","Roshan Herath"
"69b4fbb0-bf7f-46e9-887a-f1f0c7ac8690","N. Karunaratne","Construction of toilets","Nuwara Eliya (Plantation)","Nuwara Eliya","Clarendon","CDC","Selvarani Kanthasamy","5/26/2026","V. Singaram is a estate worker, and his wife is a housewife. Mr. Singaram's son works in Colombo, while daughter in law works in a garment. Also, his grand children lives with them. The family is currently using a damaged toilet.","6.9243131, 80.7304488","The family is currently using a damaged toilet. The construction of a new toilet is in progress. ","Roshan Herath"
"8c4bd0b5-6615-429b-8e8b-f30139bedc46","V. Jeganathan","Construction of toilets","Nuwara Eliya (Plantation)","Nuwara Eliya","Clarendon","CDC","Selvarani Kanthasamy","5/26/2026","P. Sivakumar and his wife are both estate workers. Thay have three children, two of them are currently studying. They are currently using a damaged toilet facility. ","6.9268567, 80.7244018","They are currently using a damaged toilet facility. The new toilet construction in progress. ","Roshan Herath"
"d6ae2031-6f06-48ee-ae01-c05bce3f3001","D. Jayasuriya","Construction of toilets","Nuwara Eliya (Plantation)","Nuwara Eliya","Clarendon","CDC","Selvarani Kanthasamy","5/26/2026"," M. Kogilawani and his wife are both estate workers. They have 03 children, all of whom are studying. The family does not have a toilet, forcing them to use others' facilities.","6.926773, 80.7247869"," The family does not have a toilet of their own. The new toilet construction is in progress.","Roshan Herath"
"ffcfb7ac-5b2e-4056-94cc-7328cfa59b4d","Clarendon Community","Capacity building training/awareness sessions","Nuwara Eliya (Plantation)","Nuwara Eliya","Clarendon","CDC","Selvarani Kanthasamy","5/30/2026","The Financial literacy training session was conducted for the livelihood beneficiaries.","6.9268522, 80.7234887","The financial literacy training for the livelihood beneficiaries was conducted.","Roshan Herath"
"993dfbf7-cfee-4616-ba24-b843040b2006","S. Peiris","Material support for family-based livelihood development","Batticaloa","Valachchenei (KP)","Kalmadu ","CDC","Kaushalya Wijeratne","6/2/2026","Vijayalatchumi is a tailor,she was using old sewing machine for tailoring.She has 2 children.Husband is a fishermen.","7.9060188, 81.5514066","She is doing her business well.","Ajith Kariyawasam"
"e6492bea-e0bc-4401-baea-d28e26bafcaf","Low income beneficiaries","MenCare","Anuradhapura","Manupa","All","CDC","Upul Bandara","6/5/2026","Men care 3rd  day programme for 7 families ","8.3091546, 80.442091","","Sivagami Kandasamy"
"578425e3-c186-4e69-b593-726ce840d002","CSO members and relevant government officers","Capacity building training/awareness sessions","Batticaloa","Pattipalai (MSW)","Kokkatticholai","YDC","Kaushalya Wijeratne","6/9/2026","DRR Hazard mapping program held in MSW.Kokkatticholai,Pandariyarweli,Kadukkamunai and Muthalaikkudah GNDs are participating.","7.5990876, 81.7172695","Training venue should have adequate space for group work.Feed back mechanism should be ensured.Poor communication with beneficiaries.Participants no is high.","Anusha Rathnayake"
"1b6e0e02-7133-436b-b5e7-9dd9305b27fc","I. Ranasinghe","Renovation of houses","Anuradhapura","Manupa","Aluthgama","CDC","Upul Bandara","6/22/2026","Ashwardheen is 43 years old labour. His wife is Pawasila and she is 39. They have 3 sons (17,11,9). Aswesuma receives 10000. Earlier lived in a small partially constructed house.","8.4644895, 80.3652489","Roofing is not done as per the BOQ. According to BOQ it is necessary to increase the height of walls. Floor rendering is not in standers ","Sivagami Kandasamy"
"8480faaf-8153-465a-80fc-4e1a0f44284b","S. Wijesinghe","Renovation of houses","Mullaitivu","Maritimepattu","Mullivaikal East","CDC","Kaushalya Wijeratne","6/30/2026","House renovated","9.3146641, 80.7810633","Floor is cracked.Common issue in this location.","Kokila Navaratnam"
"db760eeb-572b-4f2d-a785-e44b8b793503","Somasiri Wijeratne","Renovation of houses","Mullaitivu","Maritimepattu","Mullivaikal East","CDC","Kaushalya Wijeratne","6/30/2026","House renovated","9.3154323, 80.7823194","Family living in this house no complains rised.","Kokila Navaratnam"
"7ccfadf1-58eb-439a-a72f-9bbc58089fda","I. Bandara","Material support for family-based livelihood development","Mullaitivu","Maritimepattu","Mullivaikal East","CDC","Kaushalya Wijeratne","6/30/2026","Currently doing his work well","9.3155665, 80.7811814","He is doing his work perfectly","Kokila Navaratnam"
"c217ca53-72cb-459f-9c69-ddcc8ef928e7","N. Rajapaksha","Material support for family-based livelihood development","Mullaitivu","Maritimepattu","Mullivaikal East","CDC","Kaushalya Wijeratne","6/30/2026","Theiva Eswary is a single mother living with two sons.She is doing goat rearing. BDS provided a goat shed worth of 125,000.00.","9.3122136, 80.7819021","She is using goat shed currently ","Kokila Navaratnam"
"ee148b00-415b-4a1f-a794-b81bbc0dac9e","U. Gunasekara","Renovation of houses","Mullaitivu","Oddusudan","Muththayankaddu ","CDC","Kaushalya Wijeratne","7/1/2026","House renovation supported to beneficiary who has two children.","9.2153188, 80.6301565","Everything fine and beneficiary satisfied ","Kokila Navaratnam"
"552d40d2-267c-4076-b1c3-1f97725b0099","S. de Zoysa","Renovation of houses","Mullaitivu","Oddusudan","Muththayankaddu","CDC","Kaushalya Wijeratne","7/1/2026","Family is living in the house happily.","9.2161343, 80.6324093","Everything fine
","Kokila Navaratnam"
"8ae3e5af-1a37-465c-ba98-5fd35a2352ef","S. Rathnayake","Renovation of houses","Mullaitivu","Oddusudan","Miththayankaddu","CDC","Kaushalya Wijeratne","7/1/2026","Family living in the house happily ","9.2170231, 80.6320898","Beneficiary is satisfied.","Kokila Navaratnam"
"c46acef7-bdc4-4159-a893-e0676323087c","S. Wickramasinghe","Construction of toilets","Nuwara Eliya (Plantation)","Thalawakele","Mattakele","CDC","Selvarani Kanthasamy","7/20/2026","G. Amudha and her husband are estate workers with four children. One of their children is currently studying, while another is working. They do not have their own toilet and are using their neighbor's facilities.","6.9223048, 80.6968865","The construction is underway. ","Priyantha Senanayake"
"d4a02e49-5fe2-4a89-b07a-bf471d6856f9","L. Wijesinghe","Construction of toilets","Nuwara Eliya (Plantation)","Thalawakele","Mattakele","CDC","Selvarani Kanthasamy","7/20/2026","R. Pushparani is an estate worker, while her husband works in Colombo. They have two children, and her parents also live with them. Currently, they have a damaged toilet.","6.9202761, 80.6965642","The construction is underway.","Priyantha Senanayake"
"5afb3f77-89bc-432d-bc93-3b6fc2b116d7","G. Gunawardena","Construction of toilets","Nuwara Eliya (Plantation)","Thalawakele","Mattakele","CDC","Selvarani Kanthasamy","7/20/2026","S. Divya is an estate worker, while her husband is a daily wage labourer. They have three children attending school. The family does not have a toilet of their own.","6.9198649, 80.7025352","Only the intial works such as pit excavations have completed.","Priyantha Senanayake"
"a0907fdb-e88a-4c7b-9890-fc5345abc51c","K. Gunawardena","Construction of toilets","Nuwara Eliya (Plantation)","Thalawakele","Mattakele","CDC","Selvarani Kanthasamy","7/20/2026","N. Kanageshwaran and his wife are both estate workers, and they have three children who are all attending school. His mother also lives with them. They do not have a toilet and use a relative's facilities.","6.9217538, 80.7097618","The construction is ongoing.","Priyantha Senanayake"
"0209ed0b-5308-4ace-b1de-5d1856c526c2","N. Kodithuwakku","Construction of toilets","Nuwara Eliya (Plantation)","Thalawakele","Mattakele","CDC","Selvarani Kanthasamy","7/20/2026","A. Savariyamma lives in a family of six members. Both she and her husband are employed as estate labourers. Their two daughters work in a fancy shop, and their son is employed in a vegetable shop in Nuwara Eliya. DBS has supported their new house construction. During the construction, their existing toilet was completely damaged. Therefore, the toilet construction is underway with the support of BDS.","6.9210862, 80.7019177","The toilet construction is underway. However, there is an angle deviation in the wall.","Priyantha Senanayake"
"0f268ab8-3733-4d0a-91d5-2ea4ff39a7ca","Mattakele No. 12 division community people","Financial support for CSO/Youth club actions","Nuwara Eliya (Plantation)","Thalawakele","Mattakele","CDC","Selvarani Kanthasamy","7/21/2026","The community was using a damaged road facility.","6.9218876, 80.7012493","The youth club has implemented the road construction. The construction has been completed as per the estimate.","Priyantha Senanayake"
"5075ae67-6853-496a-afd8-5e7cf493eb0e","Mattakele No.12 community people","Financial support for CSO/Youth club actions","Nuwara Eliya (Plantation)","Thalawakele","Mattakele","CDC","Selvarani Kanthasamy","7/21/2026","The community was using a damaged unusable road.","6.9234032, 80.7045871","At the time of the visit, the final work of the construction was underway.","Priyantha Senanayake"
"5b29d169-4c85-49d4-80b9-4ee250e2e434","A. Herath","Material support for family-based livelihood development","Nuwara Eliya (Plantation)","Thalawakele","Mattakele","CDC","Selvarani Kanthasamy","7/20/2026","R. Romingtan is a vegetable farmer and also works as a mason to earn additional income. His wife is a housewife, and they have two children, one of whom is studying. They lacked proper equipment for masonry work.","6.9222319, 80.7078502","The provided equipments are currently in use, and the beneficiary is motivated to engage in the livelihood activities.","Priyantha Senanayake"
"796c0ce3-1ed3-4f9c-96b5-a7f4a6a1181d","S. Abeywardena","Material support for family-based livelihood development","Nuwara Eliya (Plantation)","Thalawakele","Mattakele","CDC","Selvarani Kanthasamy","7/20/2026","K. Mano is working as a mason while his wife is a housewife. They have two children and one of whom is currently attending school. They have limited equipment for the masonry work. ","6.9222346, 80.7113521","The beneficiary is making use of the provided equipment. The beneficiary is motivated to engage in livelihood.","Priyantha Senanayake"
"88d8919a-99f6-42b0-9b47-3e353b830071","C. Ekanayake","Material support for family-based livelihood development","Nuwara Eliya (Plantation)","Thalawakele","Clarendon","CDC","Selvarani Kanthasamy","7/21/2026","K. Punitharaj works as a daily wage laborer, while his wife is employed as an estate laborer. They have three children, all of whom are attending school. The couple is engaged in agriculture without proper equipment.
","6.9272895, 80.7307088","The beneficiary actively engaged in cultivation with the provided equipment.","Roshan Herath"
"1f30d887-b96b-4f84-8ef7-cdc14b38b514","J. Dissanayake","Material support for family-based livelihood development","Nuwara Eliya (Plantation)","Nuwara Eliya","Clarendon","CDC","Selvarani Kanthasamy","7/21/2026","K. Vickneshwaran is a daily wage worker, and his wife is a housewife. They have three children, all of whom attend school. K. Vickneshwaran is involved in vegetable cultivation, but they lacked proper equipment for their farming activities.","6.9246417, 80.7305085","The provided matrial are in use, and the beneficiary is motivated to engage in vegetable cultivation.","Roshan Herath"
"b43ac905-a7e6-4f23-9921-d23f3e5fc227","N. Amarasinghe","Material support for family-based livelihood development","Nuwara Eliya (Plantation)","Nuwara Eliya","Clarendon","CDC","Selvarani Kanthasamy","7/21/2026","M. Yogeshwary and her husband are engaged in vegetable cultivation. Her husband works on a daily wage basis. They have three children, one of whom is attending school. This family was cultivating vegetables without proper equipment.","6.9254995, 80.7319129","The provided materials are in use, and the beneficiary is motivated to engage in vegetable cultivation.","Roshan Herath"
"77b121d6-bbde-4ffe-b75e-07b962fd6b33","B. Ekanayake","Renovation of houses","Anuradhapura","Thirappane","Pairamaduwa","CDC","Upul Bandara","7/27/2026","Rathnasiri is 41 years old and working as a laborer. S.d.N. Rathnayake is wofe 33 years old and unemployed. There are 2 daughters and both are schooling.earlier lived in a singl room house partially constructed.","8.2620569, 80.5885453","House renovation has done.","Shameem Rizvi"
"ba123d27-aca0-41ae-82f8-1ca1f74510c8","Somawathi Abeywardena","Renovation of houses","Anuradhapura","Thirappane","Pairamaduwa","CDC","Upul Bandara","7/27/2026","Sujith is a fisherman and 36 years old. Wife is sashikala and unemployed. Has 1 kid 2.5 years old. Lived in a partially constructed house very risky.","8.2559837, 80.5877146","","Shameem Rizvi"
"60abfe3a-de14-4ac1-97ef-93418fcf2b08","Nadeera Wijeratne","Construction of new houses","Anuradhapura","Thirappane","Puliyankulama","CDC","Upul Bandara","7/27/2026","Roopika is 38 years old laborer. Her aon is hasila and she is 13 years old schooling. Her mother is vijemenika and she is 63 years old living with roopika. Earlier lived in a small house partially constructed.","8.2569194, 80.6259304","","Shameem Rizvi"
"5e83a135-0bdc-4ba4-bdb5-93e94bcac8be","Anil Bandara","Construction of toilets","Anuradhapura","Thirappane","Kuttikulama","CDC","Upul Bandara","7/27/2026","Nuwan is 32 years old laborer. Samisha is 30 years old unemployed. Son is ometh and he is 7 years old schooling. Seelawathi is mother and she is 53 years old, Ananda is father is 66 years old father and he is a farmer. Earlie had a toilet but it was in dilapidated condition. Used previous toilet by 3 families. ","8.2560892, 80.6161717","","Shameem Rizvi"
"54539f49-128d-45bc-bb9f-b4f6d2f9d242","K. Bandara","Construction of toilets","Anuradhapura","Thirappane","Kuttikulama","CDC","Upul Bandara","7/27/2026","Milinawathi is 72 years old. Lasantha is her son and 45 years old laborer. He has 2 children. Both are schooling. Earlier had a toilet but was in very bad condition that can not use.","8.2591498, 80.6071317","","Shameem Rizvi"
"801fa717-2603-4140-a5c7-79f8ff184ffd","N. de Zoysa","Construction of new houses","Batticaloa","Pattipalai (MSW)","Kadukkamunai GND","CDC","Kaushalya Wijeratne","7/29/2026","Kunalatchumi was living with her 3 children and husband in small temporary house.All they were faced difficulties in that house.Husband is a labourer and he couldn't building a permanent house within his income.","7.5914261, 81.7446962","She is happy with the intervention.","Piyal Ekanayake"
"eb45af4c-da2c-4d68-9308-d686e53f1d31","N. Gunasekara","Construction of new houses","Batticaloa","Pattipalai (MSW)","Kadukkamunai GND","CDC","Kaushalya Wijeratne","7/29/2026","Shiyamala is a separated woman and mother of one.Her brother is looking after them.She had a old house without adequate space and safety.","7.5918238, 81.7443809","During the rain water leaking from the roof.","Piyal Ekanayake"
"0e2e2b20-e475-419a-ad1b-644138e695bf","K. Peiris","Provide material support for youth enterprise development","Batticaloa","Pattipalai (MSW)","Arasaditheevu","YDC","Kaushalya Wijeratne","7/29/2026","Pradeepan is a skilled labourer his profession is electrician.He was getting tools for rent.He spent more for rent.","7.5924925, 81.7443253","He is multi talented and works going on.","Anusha Rathnayake"
"0c6c8efa-06d8-4f7a-8d30-4ad3e696d231","S. Abeywardena","Construction of toilets","Anuradhapura","Manupa","Helambagaswewa","CDC","Upul Bandara","7/30/2026","Wanasinghe is 28 years old and a farmer. His wife is Iresha 20 years old and they have 1 kid. That is a daughter and she is attending pre school. Aswesuma 5000 receives. Living in a clay walled house. Earlier used their parent's toilet ","8.4995167, 80.3359284","","Sivagami Kandasamy"
"69d151b8-6713-4c08-bd9d-d62371355154","M. Amarasinghe","Construction of toilets","Anuradhapura","Manupa","Helambagaswewa ","CDC","Upul Bandara","7/30/2026","Wasantha is 27 years old security officer in a private company. Wife is Lakshitha 25 years old, unemployed. They have a daughter 5 years old. Earlier used parents toilet.living in a partially constructed house.","8.5100133, 80.308391","","Sivagami Kandasamy"
"44e393f3-0fe0-427d-802b-19291874235b","Malini Fernando","Material support for family-based livelihood development","Anuradhapura","Manupa","Helmbagswewa","CDC","Upul Bandara","7/30/2026","Piyasiri is 33 years old laborer. Wife is Dammika and she can not talk and she is 32 years old. There are 3 childrens. 2 are schooling and younger son is 3 years old not schooling.","8.5119309, 80.3083348","",""
"79873f5c-8c99-48d5-a2b9-d143be0cc451","Dilani Kariyawasam","Material support for family-based livelihood development","Anuradhapura","Manupa","Helambagaswewa ","CDC","Upul Bandara","7/30/2026","Susantha is 31 years old laborer. His wife ruwani and she is 28. They have 1 kid and that is a son. Living in parents home.","8.5120566, 80.3096969","",""
"be5fe09e-0e40-47a5-b205-b29fa14d78df","Isuru Wickramasinghe","Material support for family-based livelihood development","Anuradhapura","Manupa","Helambagaswewa ","CDC","Upul Bandara","7/30/2026","Gayan is 36 years old laborer. His wife is 30 years old and she is anusha, unemployed. They have 2 schooling kids. Doing goat rearing since 5 years","8.5119309, 80.3083348","",""
"2d05c9fe-8408-46b7-823f-9a5f4dbab566","P. Ranasinghe","Renovation of houses","Anuradhapura","Manupa","Gambirigaswewa","CDC","Upul Bandara","7/30/2026","Ajmir is 29 years old laborer. His wife is Sifana and she is 28 years old and unemployed. There are 2 kids. afla is daughter and she is 9 years old and younger son is 2 years old. They lived in a partially constructed house. ","8.4687273, 80.3634703","Floor has cracked ",""
"fc0085ee-9394-4070-a66f-fc531cc02a54","Somerset Division Community","Livelihood infrastructure development","Nuwara Eliya (Plantation)","Nuwara Eliya","Somerset","CDC","Selvarani Kanthasamy","7/21/2026","The community was using a damaged facility, which caused difficulties.","6.9380572, 80.7037451","The road construction has completed and community satisfied with the intervention.","Roshan Herath"
"5def3484-22ab-467f-8f58-f9c273b563b1","S. Kariyawasam","Material support for family-based livelihood development","Nuwara Eliya (Plantation)","Nuwara Eliya","Clarendon","CDC","Selvarani Kanthasamy","12/17/2025","S. Mohanraj is an estate worker, and his wife is a housewife. They have one daughter at home. They engaged in vegetable cultivation with limited equipment before support.","6.9149163, 80.7215145","The beneficiary actively engaged in cultivation.","Roshan Herath"
"8085cba1-d9a4-4f35-b16a-e51a0601ec04","M. Vaithilingam","Material support for family-based livelihood development","Nuwara Eliya (Plantation)","Nuwara Eliya","Clarendon","CDC","Selvarani Kanthasamy","7/21/2026","Ms. Rajasulosana is a housewife, and her husband is engaged in farming. They have four children, all of whom are studying. The father and grandmother also live with them. With their limited income, they struggle to support the family.","6.924319, 80.7314538","The provided material is in use, and the beneficiary is motivated to engage in vegetable cultivation. ","Roshan Herath"
"d02577d4-da5d-4a7d-bd10-f12398c327b8","S. Kariyawasam","Material support for family-based livelihood development","Nuwara Eliya (Plantation)","Nuwara Eliya","Clarendon","CDC","Selvarani Kanthasamy","7/21/2026","S. Mohanraj is an estate worker, and his wife is a housewife. They have one daughter at home. They engaged in vegetable cultivation with limited equipment before BDS support.","6.9149163, 80.7215145","The provided materials are being utilized, motivating the beneficiary to engage in vegetable cultivation.","Roshan Herath"
"c34883da-f7b8-4b19-8ab6-50f0e828a73d","M. Wijeratne","Construction of toilets","Nuwara Eliya (Plantation)","Nuwara Eliya","Clarendon","CDC","Selvarani Kanthasamy","7/21/2026","L. Satheesh is an estate worker, and her husband works in a hotel. They have two school -going children. Her father and mother depend on them. They did not have a toilet used neighbor's facility before the BDS support. ","6.9161314, 80.7234205","Initially, the pit was not closed properly, but this issue has now been resolved.","Roshan Herath"
"f6fa9b3e-c675-4dee-8c94-977983372ee3","S. Peiris","Material support for family-based livelihood development","Nuwara Eliya (Plantation)","Nuwara Eliya","Clarendon","CDC","Selvarani Kanthasamy","7/21/2026","Mr. Pradeepan is engaged in vegetable cultivation. His father is a cancer patient, and his mother is unemployed. His wife is a housewife. The family lacked proper tools before support.","6.9263107, 80.7307935","The provided equipment is in use, and the beneficiary is actively engaged in cultivation.","Roshan Herath"
"eeb28cb3-576b-4a20-8c88-a352cc877226","K. Sutharshan","Material support for family-based livelihood development","Nuwara Eliya (Plantation)","Nuwara Eliya","Clarendon","CDC","Selvarani Kanthasamy","7/21/2026","P. Jeevaratnam and his wife are both engaged in vegetable cultivation. They were involved in vegetable cultivation without proper equipment before receiving support.","6.9149163, 80.7215145","
The provided material are in use. Since this the main source of income beneficiary is motivated to engage in vegetable cultivation.
","Roshan Herath"
"fe6cfbbc-f9f4-4a06-97f8-7cf5c58c013d","N. Ranasinghe","Material support for family-based livelihood development","Nuwara Eliya (Plantation)","Nuwara Eliya","Clarendon","CDC","Selvarani Kanthasamy","7/21/2026","S. Sinthuja is a housewife while her husband works in Colombo. Ms. Sinthuja engaged in cultivation. The family lacked proper equipment before BDS support.","6.9241823, 80.7321136","Provided equipments are in use.","Roshan Herath"
"e669cbbd-7d67-4312-8988-39a80f2d5a56","K. Krishnapillai","Material support for family-based livelihood development","Nuwara Eliya (Plantation)","Nuwara Eliya","Clarendon","CDC","Selvarani Kanthasamy","7/21/2026","D. Rajinikanth is engaged in vegetable cultivation and his wife is working in a strawberry farm. They have two children, one is currently attending school. They family engaged in cultivation without proper equipment before BDS support.","6.9236589, 80.7299905","The family actively engaged in cultivation.","Roshan Herath"
"c90d7d1c-bb00-45b2-9bb7-88e3d7c6c0bc","D. Mendis","Material support for family-based livelihood development","Nuwara Eliya (Plantation)","Nuwara Eliya","Clarendon","CDC","Selvarani Kanthasamy","7/21/2026","A. Mohanadash engaged in cultivation and hir wife is a housewife. They have three children, two of whom are currently studying. They family lacked proper equipment before the BDS support.","6.9199265, 80.7282132","The beneficiary temporarily stopped the cultivation due to the cyclone. Now the beneficiary is actively engaged in cultivation.","Roshan Herath"
"748f78d6-38f5-412c-93f1-ed98b6e545ba","V. Kumaraguru","Material support for family-based livelihood development","Batticaloa","Valachchenei (KP)","Kalmadu","CDC","Kaushalya Wijeratne","8/3/2026","Uthayarani is a tailor with more than 20 years work experience. She is separated now due to divorce.She has two daughters. She required overlock machine for further business development.","7.9181116, 81.541008","Material yet to be provided.","Ajith Kariyawasam"
"0e1840f4-5076-4ea2-95ef-efd01f455861","Buddhika Rathnayake","Material support for family-based livelihood development","Batticaloa","Valachchenei (KP)","Kalamdu","CDC","Kaushalya Wijeratne","8/3/2026","Susanthi is a tailor and she has 3 children.Husband is a labour.She had old manual sewing machine.She required Juki machine","7.9097556, 81.5468069","She is using provided sewing machine.New machine is easy to stich long dresses and speedy.","Ajith Kariyawasam"
"668e9240-222d-4fec-8a9a-2db3c04f78dc","H. Karunaratne","Construction of toilets","Batticaloa","Valachchenei (KP)","Kalmadu","CDC","Kaushalya Wijeratne","8/3/2026","Susanthi has 3 children and husband is a labourer.Her latrine is old and damaged.Children are facing difficulties in day and night time,","7.9097498, 81.5471412","Beneficiary is satisfied with the intervention ","Ajith Kariyawasam"
"e7321995-c95b-4c3b-86c0-ffa38a6d25ae","N. Gunawardena","Renovation of houses","Batticaloa","Valachchenei (KP)","Kinnayadi","CDC","Kaushalya Wijeratne","8/10/2026","Velayutham Kengeswary is living in kinnayadi.Her husband is physically disable and Her mentally disables elder son passed away a month ago.She has other two children.Her house roof was damaged and facing difficulties during the rain.Also, no safety in night time.","7.8868384, 81.5240695","Roof renovated well.House protected from rain.","Ajith Kariyawasam"
"f5d5f129-c50c-4d37-b15d-f1c1d61ac4c7","D. Wijesinghe","Material support for family-based livelihood development","Batticaloa","Valachchenei (KP)","Kinnayadi","CDC","Kaushalya Wijeratne","8/10/2026","Kumudini is caterar.preparing food and selling to the surrounding.","7.8863192, 81.525024","Beneficiary identified and not yet start processing for further assessment ","Ajith Kariyawasam"
"bf2f3ca3-4d6b-4ff7-af86-96921ba5e0fa","I. Gunasekara","Construction of toilets","Batticaloa","Valachchenei (KP)","Kinnayadi","CDC","Kaushalya Wijeratne","8/10/2026","S.Kemavathi living in Kinnayadi and they have two children.They do not have own latrine to use.They used their relatives toilet more than ten years.After BDS intervention,They got a new toilet.","7.8842827, 81.5234274","Toilet is constructed properly.","Ajith Kariyawasam"
"af5ce8f4-298a-4ca6-aa70-458842d9c82c","M. Karunaratne","Material support for family-based livelihood development","Batticaloa","Valachchenei (KP)","Kinnayadi","CDC","Kaushalya Wijeratne","8/10/2026","Baskar was received Welding and Electrician tools for his livelihood development.","7.8833871, 81.5248118","He is doing he job well.","Ajith Kariyawasam"
"2f500794-0c4e-472f-9cf6-29e21dce1365","N. Silva","Construction of toilets","Batticaloa","Valachchenei (KP)","Kinnayadi","CDC","Kaushalya Wijeratne","8/10/2026","Yathusika is living in kinnayadi without a own toilet facility.She has two years daughter.They facing difficulties in using toilet.After the BDS intervention,she got support to construct the new toilet.","7.8833871, 81.5248118","Construction just started.","Ajith Kariyawasam"
"1b922da8-28ce-4784-ba9d-c0a548832cfb","N. Rajapaksha","Renovation of houses","Batticaloa","Valachchenei (KP)","Kinnayadi","CDC","Kaushalya Wijeratne","8/10/2026","Thurgadevi living in Kinnayadi and she has physically disable son.Therefore,BDS agreed to provide attached bathroom with house renovation.","7.8800137, 81.5250034","House renovation completed with attached bathroom.","Ajith Kariyawasam"
"75328b17-c4c7-44c0-9cff-6e0d7a929164","P. Kariyawasam","Renovation of houses","Batticaloa","Valachchenei (KP)","Kinnayadi","CDC","Kaushalya Wijeratne","8/10/2026","T.Gowridevi living in Kinnayadi and living with twin daighters.House renovation started on end of last year.They are living in a temporary hut currently.","7.8794327, 81.5281631","House renovation process started on end of last year but construction going on.","Ajith Kariyawasam"
"cdb5e069-93ea-42d3-afb4-fcb57ee62fc7","Hasini Samarasinghe","Renovation of houses","Anuradhapura","Thirappane","Wannamkulama","CDC","Upul Bandara","8/12/2026","Suresh is 31 years old laborer. Nishanthika is his wife and 31 years old unemployed women. they have 2 kids (7 years and 1 year). Younger son is sufferung from a special illnesses. Earlier lived in a single room partially constructed house. Also they are cattle rearing and did not have a cattle shed earlier ","8.2493814, 80.5393203","","Shameem Rizvi"
"7fce31e2-8163-4934-9cef-0a4e0cfcabf4","K. Ranasinghe","Provide material support for youth enterprise development","Batticaloa","Valachchenei (KP)","Pethalai","YDC","Kaushalya Wijeratne","8/12/2026","Anuja is a cake maker.He has a child.He used small and old oven for cake baking.She needed large oven with advanced features.She faced many difficulties before.She satisfied with bds intervention now.","7.9190149, 81.5453505","Youth is motivated and doing her business well.","Anusha Rathnayake"
"01640d37-7870-48d3-9a25-4c4f8ee9394f","Hasini Samarasinghe","Material support for family-based livelihood development","Anuradhapura","Thirappane","Wannamkulama","CDC","Upul Bandara","8/12/2026","Suresh is 31 years old laborer. Nishanthika is his wife and 31 years old unemployed women. they have 2 kids (7 years and 1 year). Younger son is sufferung from a special illnesses. Earlier lived in a single room partially constructed house. Also they are cattle rearing and did not have a cattle shed earlier ","8.2495772, 80.5394834","","Shameem Rizvi"
"d87d78fa-db36-4d0f-92a0-73a1b66b9011","Malini Samarasinghe","Renovation of houses","Anuradhapura","Thirappane","Wannamkulama","CDC","Upul Bandara","8/12/2026","Lahiru is 25 years old labour. His wife is dilhani and she is 30 years old unemployed. They have 2 kids aged 5 years and 1 year. Lived in a small house which is partially constructed ","8.2482127, 80.5400663","Beneficiary is complaining that the house construction is getting delayed (Started in 2025)","Shameem Rizvi"
"3a9608c9-9f13-4e62-86d9-6faf06cf46eb","W. Dissanayake","Renovation of houses","Anuradhapura","Thirappane","Wannamkulama","CDC","Upul Bandara","8/12/2026","N. Upasena is 68 years old labour living with her 60 years old wife, 22 years old son in law and 20 years old daughter. They lived a partially constructed house without proper safety","8.2500896, 80.5471459","","Shameem Rizvi"
"ce151bc8-24d0-4f5a-97f0-dd829a010a0d","V. Hettiarachchi","Provide material support for youth enterprise development","Batticaloa","Valachchenei (KP)","Pethalai ","YDC","Kaushalya Wijeratne","8/12/2026","Sarmini is tailor,living with her husband and mother.She had old manual sewing machine.She requested new machine bds provided her zoji sewing machine.","7.9283439, 81.5478364","Youth engaging tailoring need more improvements ","Anusha Rathnayake"
"464d0b09-ef3a-4fcb-a530-dbd085b5522d","A. Wijeratne","Renovation of houses","Anuradhapura","Thirappane","Puliyankulama ","CDC","Upul Bandara","8/12/2026","Rasika is 39 years old labour. His wife is maheshika and she is 36 years. There are 2 daughters and 1 son (17 years, 8 years and 1 year) lived in a single room house which is almost verg to collapse ","8.2611112, 80.6236547","","Shameem Rizvi"
"755cbb01-ecff-4cec-abab-c3578eb798ad","Champika Dissanayake","Material support for family-based livelihood development","Anuradhapura","Thirappane","Puliyankulama ","CDC","Upul Bandara","8/12/2026","Rasika is 39 years old labour. His wife is maheshika and she is 36 years. There are 2 daughters and 1 son (17 years, 8 years and 1 year) lived in a single room house which is almost verg to collapse. They are cutting 1 acre land. No electricity for that land.","8.2611198, 80.6222082","","Shameem Rizvi"
"5ba82f8e-ff4e-4c7b-bc54-954b00ff5626","N. Bandara","Provide material support for youth enterprise development","Batticaloa","Valachchenei (KP)","Kannakipuram","YDC","Kaushalya Wijeratne","8/12/2026","Mithusha is cake Baker, mother of one.She needed a electric oven with beater.After BDS intervention, She received required materials.","7.9154137, 81.5370867","She is doing her business well","Anusha Rathnayake"
"d687dc1a-7848-40d1-bc87-796d670ff375","Muthuselvi Balachandran","Renovation of houses","Anuradhapura","Thirappane","Puliyankulama","CDC","Upul Bandara","8/12/2026","Nihal is a laborer, and his wife is madhushani Kanchanamala and she is unemployed. They have 16 and 10 years old son and daughter. Living in a partially constructed house. They are cultivating 1 acre land in addition to labour worker","8.261113, 80.6239961","","Shameem Rizvi"
"db9885a1-616c-49f4-b6b8-7778c92c2da2","Muthuselvi Balachandran","Material support for family-based livelihood development","Anuradhapura","Thirappane","Puliyankulama","CDC","Upul Bandara","8/12/2026","Nihal is a laborer, and his wife is madhushani Kanchanamala and she is unemployed. They have 16 and 10 years old son and daughter. Living in a partially constructed house. They are cultivating 1 acre land in addition to labour worker","8.2615986, 80.6244446","","Shameem Rizvi"
"dd4c113f-3261-4089-81e7-d972a9e349d7","Pubudu Govi Sanvidana","Livelihood infrastructure development","Anuradhapura","Thirappane","Puliyankulama ","CDC","Upul Bandara","8/12/2026","Meda akkaraya channel in puliyankulama GND was highly dilapidated. The channel provides water for 40 acres. It's highly dilapidated area was about 50m and pubudo FO jas renovated it","8.278061, 80.6388863","","Shameem Rizvi"
"49b82eab-f034-4505-9f1f-1f6e886340f0","Pubudu Govi sanvidanaya - Pandiketuwewa","Financial support for CSO/Youth club actions","Anuradhapura","Thirappane","Puliyankulama ","CDC","Upul Bandara","8/13/2026","Pipena kekulu pre-school building was highly dilapidated. Fo has renovated it's roof and walls to ensure the security.","8.2768886, 80.6429365","","Shameem Rizvi"
"d2d403cc-b156-4377-b053-6ac7f8b419b9","Sriyani Silva","Providing business development services to family-based livelihoods (training, market support, insurance etc.)","Anuradhapura","Manupa","Gambirigaswewa ","CDC","Upul Bandara","8/16/2026","The training is about technical training on Dairy farming. Conducted for Selected livelihood supported farmers in Gambirigaswewa GND.","8.4911831, 80.3955708","","Sivagami Kandasamy"
"3d3ffaab-9283-4a8e-8273-71b93c85381f","A. Gunasekara","Renovation of houses","Mullaitivu","Maritimepattu","Ambalavanpokkanai","CDC","Kaushalya Wijeratne","8/16/2026","Thasarathan is living with wife and three children.His house was damaged and no safe and protection.After the BDS intervention he got house renovation support.Now they are happy and satisfied.","9.3655709, 80.7207761","Beneficiary is satisfied and house renovated upto standard.","Kokila Navaratnam"
"98c6912b-4dea-487f-9187-84898b210cf1","N. Ekanayake","Renovation of houses","Mullaitivu","Maritimepattu","Ambalvanpokkanai","CDC","Kaushalya Wijeratne","8/16/2026","Nanthini is physically unfit and mother of three.House was damaged, no plastered,floor incomplete and toilet also damaged.After the bds intervention, she received house and toilet renovation support.","9.361494, 80.7227304","Beneficiary is happy and satisfied with the interventions ","Kokila Navaratnam"
"e13cb66a-4f13-4da8-88d0-1590d3debf6b","A. Senanayake","Material support for family-based livelihood development","Mullaitivu","Maritimepattu","Ambalavanpokkanai","CDC","Kaushalya Wijeratne","8/16/2026","Sahinthani living with her husband and two children.They do goat rearing as livelihood.They do not have own goat shed.After the BDS intervention she received a goat shed.","9.3605502, 80.7229755","She is satisfied with the intervention ","Kokila Navaratnam"
"8ef8c546-bf76-492a-aaf3-cdaef9c7ed36","N. Hettiarachchi","Renovation of houses","Mullaitivu","Maritimepattu","Ambalavanpokkanai","CDC","Kaushalya Wijeratne","8/16/2026","Ramakrishna is a labourer living with wife and three children.BDS supported to house and toilet renovation.","9.3536033, 80.734288","Construction is going on","Kokila Navaratnam"
"8b6d7bc1-d11b-45bb-9b75-5301642e1ac1","Piyal Dissanayake","Construction of new houses","Mullaitivu","Maritimepattu","Amabalavanpokkanai","CDC","Kaushalya Wijeratne","8/16/2026","Jeewadarshini is woman headed household mother of two.She was living in temporary house before bds intervention.Now she is satisfied.","9.3483185, 80.7431371","Beneficiary is happy with the intervention ","Kokila Navaratnam"
"c3f91151-af6d-4b80-bdda-821bd929496d","S. Arumugam","Material support for family-based livelihood development","Mullaitivu","Maritimepattu","Mullivaikal West","CDC","Kaushalya Wijeratne","8/16/2026","Mariyaseelan is living in Mullivaikal West.He has cows without shed.They requested Cow shed as livelihood support.They earn 20000 per day by milk selling.","9.3390983, 80.7493113","They satisfied with the interventions ","Kokila Navaratnam"
"ee2ee5c8-2746-4623-a633-3391284df93e","Nadeera Senanayake","Material support for family-based livelihood development","Mullaitivu","Maritimepattu","Mullivaikal West","CDC","Kaushalya Wijeratne","8/16/2026","Vijayaroopan is labourer and affected by long term deceased.He is do goat rearing also.BDS provided goat shed for Strengthen their livelihood.","9.336693, 80.753984","Beneficiary satisfied with the interventions ","Kokila Navaratnam"
"b0d4feff-969d-4276-88c8-c34e5a20395a","S. Sinnathurai","Renovation of houses","Mullaitivu","Maritimepattu","Mullivaikal West","CDC","Kaushalya Wijeratne","8/16/2026","Anton kumar is living in mullivaikal with his wife and two children.They were living in incomplete government housing scheme.After the BDS intervention they got completed house.It is giving pleasure and safety.","9.3163833, 80.7794669","Family is happy with provided house renovation support.","Kokila Navaratnam"
"321f2e99-e732-44b5-8199-efa2a9418ad9","A. Gunasekara","Material support for family-based livelihood development","Mullaitivu","Oddusudan","Jeewanagar","CDC","Kaushalya Wijeratne","8/17/2026","Barathamani is living in Jeewanagar, she has cattles but no proper shed for them.Due to that cows affecting by rain and it caused lost Therefore BDS provided cattle shed for livelihood strengthen.","9.2141006, 80.6393609","Cow shed set up perfectly and income also generated by this support.","Kokila Navaratnam"
"414ad32e-5c85-488e-b4d0-ad1c3b3756a0","W. Amarasinghe","Construction of new houses","Mullaitivu","Oddusudan","Jeewanagar","CDC","Kaushalya Wijeratne","8/17/2026","Mathusan is a labourer living with his wife and child.His child is a long term patient.Now they living in temporary hut.Therefore BDS agreed to provide new house.Construction is going on.","9.2176117, 80.6332799","Beneficiary not yet contributed as agreed.","Kokila Navaratnam"
"8e5706c5-d577-4e1c-acbb-77b79ba96d9f","K. Somasundaram","Renovation of houses","Mullaitivu","Oddusudan","Jeewanagar","CDC","Kaushalya Wijeratne","8/17/2026","Prem kumar is labourer living with her wife and four children.They were lived in incomplete house.After the BDS intervention, they got renovated house and living happily.","9.2176117, 80.6332799","Balance payment is getting late.But house is satisfied to family.","Kokila Navaratnam"
"7334cdab-8ab1-454c-be94-954a886a213f","M. Thevarajan","Renovation of houses","Mullaitivu","Oddusudan","Jeewanagar ","CDC","Kaushalya Wijeratne","8/17/2026","Yoganathan is labourer living with wife and physically unfit daughter.They had damaged house.BDS provided house renovation support.","9.2216463, 80.6306605","Family is living in the house.","Kokila Navaratnam"
"f97f3fa7-093a-4b2a-b36e-83eb23ea0d27","C. Paramasivam","Provide material support for youth enterprise development","Mullaitivu","Oddusudan","Jeewanagar","YDC","Kaushalya Wijeratne","8/17/2026","Kanthan is electrician living with his wife and son.He required electrical materials for his work improvement.","9.2221027, 80.6349663","Youth involving business","Wickramasinghe Kodithuwakku"
"f97f3fa7-093a-4b2a-b36e-83eb23ea0d27","C. Paramasivam","Provide material support for youth enterprise development","Mullaitivu","Oddusudan","Jeewanagar","YDC","Kaushalya Wijeratne","8/17/2026","Kanthan is electrician living with his wife and son.He required electrical materials for his work improvement.","9.2221027, 80.6349663","Youth involving business","Wickramasinghe Kodithuwakku"
"f6531c10-a7a0-4ade-bfae-385d687801ad","R. Arumugam","Construction of new houses","Mullaitivu","Oddusudan","Jeewanagar","CDC","Kaushalya Wijeratne","8/17/2026","Perinbanathan living with his wife and three children in Jeewanagar.They had incomplete house Berendina supported to complete the house.","9.2219618, 80.6367968","House is completed family is living in the house.","Kokila Navaratnam"
"0818ea2c-7c5b-4081-90c3-bf9c6b5318a3","Roshan Dissanayake","Renovation of houses","Anuradhapura","Manupa","Elayapattuwa","CDC","Upul Bandara","8/17/2026","Oshan is a carpenter. His wife is unemployed, and they have a 1-year-old child. They are living in a temporarily constructed house that is very unsafe and unhealthy.","8.3840173, 80.3171931","","Sivagami Kandasamy"
"5bd86e09-a951-44dc-9d5b-63571542d9fd","Roshan Dissanayake","Construction of toilets","Anuradhapura","Manupa","Elayapattuwa ","CDC","Upul Bandara","8/17/2026","Oshan is a carpenter. His wife is unemployed, and they have a 1-year-old child. They are living in a temporarily constructed house that is very unsafe and unhealthy. Earlier, they had a toilet, but it was in unusable condition.","8.3835948, 80.3169662","","Sivagami Kandasamy"
"686e1b91-5581-4377-8680-72f5a19a56b0","L. Jayasuriya","Material support for family-based livelihood development","Mullaitivu","Oddusudan","Jeewanagar ","CDC","Kaushalya Wijeratne","8/17/2026","Thavamani devi is living in jeewanagar she has 8 cows but they do not have proper shed to cows.BDS provided shed to improve cattle farm.","9.2202541, 80.6361177","She has 8 cows and shed is properly set up","Kokila Navaratnam"
"1eb6c54c-7b52-4b58-9f2b-647583fdddea","Rizana Hameed","Renovation of houses","Anuradhapura","Manupa","Aluthgama","CDC","Upul Bandara","8/17/2026","Rifai is a 44-year-old laborer. His wife is Fathima Imasha. They have two kids: a 10-year-old daughter and a one-year-old son. Their house was previously a partially constructed single room.","8.4652053, 80.363195","Beneficiary Complain Reported as :The constructor has not constructed one window as per the plan. The constructor is asking for an additional contribution from beneficiary.","Sivagami Kandasamy"
"baf79cf8-b724-4287-a556-6aee46df0ddc","R. Herath","Renovation of houses","Mullaitivu","Oddusudan","Peraru","CDC","Kaushalya Wijeratne","8/17/2026","T.Rejinthan is living in peraru with three children and wife.He is a Mason.Due to the incomplete of house,BDS provided house renovated support.","9.203239, 80.6834356","Family is living in the house.","Kokila Navaratnam"
"1139beb4-5694-43b1-a7ac-b40a2fe38b8d","Ajith Herath","Construction of toilets","Anuradhapura","Manupa","Aluthgama","CDC","Upul Bandara","8/17/2026","Amith is 37 years old laborer. His wife is Meri and she is 36 years old and unemployed. They have 2 kids, 15 years old son and 4 years old daughter. Earlier they dod not have a toilet and used their parents toilet ","8.4450149, 80.3783002","",""
"cc66d2b0-3679-4e20-b196-bd134fa6f630","Gayan Weerasinghe","Construction of toilets","Anuradhapura","Manupa","Aluthgama","CDC","Upul Bandara","8/17/2026","Danushka is a 28-year-old farmer. His wife is Bagya, and she is 20 years old. They have one daughter, who is 2 years old. Earlier, they had a toilet, but it was in very unusable condition.","8.4473102, 80.3813801","",""
"39d8b2fa-bd66-4e43-9e33-6062d6a47bb6","Sunil Ekanayake","Material support for family-based livelihood development","Anuradhapura","Manupa","Aluthgama","CDC","Upul Bandara","8/17/2026","Danushka is a 28-year-old farmer. His wife is Bagya, and she is 20 years old. They have one daughter, who is 2 years old. They cultivate 1 acre land.","8.4482161, 80.3804591","",""
"5d696478-06ff-4cd5-a8fa-0545a0e745b6","Ajith Herath","Renovation of houses","Anuradhapura","Manupa","Aluthgama","CDC","Upul Bandara","8/17/2026","Amith is 37 years old laborer. His wife is Meri and she is 36 years old and unemployed. They have 2 kids, 15 years old son and 4 years old daughter. Earlier they dod not have a toilet and used their parents toilet. They currently living in a partially constructed house","8.4460078, 80.3788533","",""
"3506e134-9a03-4472-b5f5-ab8822dcbeac","T. Amarasinghe","Renovation of houses","Mullaitivu","Oddusudan","Peraru","CDC","Kaushalya Wijeratne","8/17/2026","R.Partheepan is living in peraru with wife and child.They had incompleted house.BDS provided house renovation support.","9.2019194, 80.6828124","Family is living in the house.","Kokila Navaratnam"
"0f844c3f-a7c2-4835-a1ce-9bf725de12f8","T. Amarasinghe","Provide material support for youth enterprise development","Mullaitivu","Oddusudan","Peraru","YDC","Kaushalya Wijeratne","8/17/2026","Partheepan is a skilled Mason and BDS provided working materials.He continues his work well.","9.2031538, 80.6829823","Youth continues his work with our materials ","Wickramasinghe Kodithuwakku"
"0f844c3f-a7c2-4835-a1ce-9bf725de12f8","T. Amarasinghe","Provide material support for youth enterprise development","Mullaitivu","Oddusudan","Peraru","YDC","Kaushalya Wijeratne","8/17/2026","Partheepan is a skilled Mason and BDS provided working materials.He continues his work well.","9.2031538, 80.6829823","Youth continues his work with our materials ","Wickramasinghe Kodithuwakku"
"f9d758ba-e05e-4e7a-9b66-c2ccdc71a776","I. Fernando","Provide material support for youth enterprise development","Mullaitivu","Oddusudan","Katchilaimadu GND","YDC","Kaushalya Wijeratne","8/17/2026","Kajanikan living in oddusuttan with his wife and two children.He is a painter and actively engaging with his work.He doesn't have enough working material before,bds provided working materials.","9.2031337, 80.6837117","He is actively engaging and using provided working materials effectively ","Wickramasinghe Kodithuwakku"
"237cae07-380a-45af-aae4-5122ceecf52a","A. de Zoysa","Provide material support for youth enterprise development","Mullaitivu","Oddusudan","Katchilaimadu","YDC","Kaushalya Wijeratne","8/17/2026","Jinthujan is a mason living in Oddusuttan.He doesn't have enough working materials to improve his work.After the BDS intervention he received tools.","9.1877001, 80.6614762","He is using working materials ","Wickramasinghe Kodithuwakku"
"237cae07-380a-45af-aae4-5122ceecf52a","A. de Zoysa","Provide material support for youth enterprise development","Mullaitivu","Oddusudan","Katchilaimadu","YDC","Kaushalya Wijeratne","8/17/2026","Jinthujan is a mason living in Oddusuttan.He doesn't have enough working materials to improve his work.After the BDS intervention he received tools.","9.1877001, 80.6614762","He is using working materials ","Wickramasinghe Kodithuwakku"
"29de9741-4b63-4053-9916-133adfdb6745","H. Amarasinghe","Provide material support for youth enterprise development","Mullaitivu","Oddusudan","Kaichilaimadu GND","YDC","Kaushalya Wijeratne","8/17/2026","Sinthujan is a painter living in oddusuttan.He worked as labour,after the BDS intervention he received materials to enhance his work.","9.1868706, 80.6633402","He is doing his work with using materials ","Wickramasinghe Kodithuwakku"
"29de9741-4b63-4053-9916-133adfdb6745","H. Amarasinghe","Provide material support for youth enterprise development","Mullaitivu","Oddusudan","Kaichilaimadu GND","YDC","Kaushalya Wijeratne","8/17/2026","Sinthujan is a painter living in oddusuttan.He worked as labour,after the BDS intervention he received materials to enhance his work.","9.1868706, 80.6633402","He is doing his work with using materials ","Wickramasinghe Kodithuwakku"
"f5d24cc0-31db-412f-b598-e99410d39fa5","LH supported youth in Thirappane DSD and MaNuPa DSD","Capacity building training/awareness sessions","Anuradhapura","Manupa","All GND","YDC","Upul Bandara","8/19/2026","Youth supported for Tailoring and cake production participated for digital marketing training.","8.3210029, 80.4096079","","Sivakumar Balachandran"
"955350df-96c4-429a-a5d4-97e75d8a43e9","I. Silva","Provide material support for youth enterprise development","Mullaitivu","Maritimepattu","Kepapilavu GND","YDC","Kaushalya Wijeratne","8/18/2026","Sivinthan living in Kepapilavu with wife and three kids.Before the intervention, he used some old materials.Now he has own and advanced tools.","9.2573298, 80.7757921","Beneficiary using provided carpentry tool and earning ","Wickramasinghe Kodithuwakku"
"955350df-96c4-429a-a5d4-97e75d8a43e9","I. Silva","Provide material support for youth enterprise development","Mullaitivu","Maritimepattu","Kepapilavu GND","YDC","Kaushalya Wijeratne","8/18/2026","Sivinthan living in Kepapilavu with wife and three kids.Before the intervention, he used some old materials.Now he has own and advanced tools.","9.2573298, 80.7757921","Beneficiary using provided carpentry tool and earning ","Wickramasinghe Kodithuwakku"
"097d22f6-8296-4bf4-840d-225df0fe81ed","C. Gunawardena","Construction of toilets","Mullaitivu","Maritimepattu","Kepapilavu GND","CDC","Kaushalya Wijeratne","8/18/2026","Dusitha is living in kepapilavu with three children.She is separated for 10years.BDS supported to renovate the toilet.","9.2564275, 80.7780196","Family using provided latrine ","Kokila Navaratnam"
"4a1249ec-e8c4-4168-b664-4e5d01c8a49b","C. Abeywardena","Provide material support for youth enterprise development","Mullaitivu","Maritimepattu","Kepapilavu","YDC","Kaushalya Wijeratne","8/18/2026","Puwanenthiran is a carpenter he used old carpentry tools for his work.Now he got advanced new working material through the BDS interventions ","9.2573705, 80.7784565","Youth is involved with provided tools and improving his business.","Wickramasinghe Kodithuwakku"
"4a1249ec-e8c4-4168-b664-4e5d01c8a49b","C. Abeywardena","Provide material support for youth enterprise development","Mullaitivu","Maritimepattu","Kepapilavu","YDC","Kaushalya Wijeratne","8/18/2026","Puwanenthiran is a carpenter he used old carpentry tools for his work.Now he got advanced new working material through the BDS interventions ","9.2573705, 80.7784565","Youth is involved with provided tools and improving his business.","Wickramasinghe Kodithuwakku"
"afcf84d7-48d1-4dee-8024-80ffa17903c9","N. Ranasinghe","Material support for family-based livelihood development","Mullaitivu","Maritimepattu","Kepapilavu GND","CDC","Kaushalya Wijeratne","8/18/2026","Vaseeharan is a Mason living with wife and children.He received materials by bds livelihood intervention.Now he using own materials.","9.258421, 80.7772262","Beneficiary using our provided materials ","Kokila Navaratnam"
"49b1e2c1-dd54-459e-b2f2-341d378abc1e","N. Weerasinghe","Material support for family-based livelihood development","Mullaitivu","Maritimepattu","Kepapilavu","CDC","Kaushalya Wijeratne","8/18/2026","Susikala is a WHH.Living with daughter and Mother.They have goats with normal shed.They wanted goat shed for protect the goats from rain and flood.After the BDS intervention she received goat shed.","9.2544063, 80.7763731","She is involving goat rearing with happy and satisfaction.","Kokila Navaratnam"
"7e219c77-147f-4e90-b5b4-cada30a0d66a","C. Ekanayake","Construction of toilets","Mullaitivu","Maritimepattu","Kepapilavu","CDC","Kaushalya Wijeratne","8/18/2026","Saroja Devi is living the children in Kepapilavu.She doesn't have proper toilet facilities before BDS intervention.","9.2553598, 80.777791","Water accessibility is difficult.","Kokila Navaratnam"
"230b855d-8216-47cf-b0ae-b51e9cf18e0b","D. Gunawardena","Construction of toilets","Mullaitivu","Maritimepattu","Kepapilavu ","CDC","Kaushalya Wijeratne","8/18/2026","Subramaniyam living with wife and children.They had old damaged toilet.After the BDS interventions they received toilet renovation.","9.257396, 80.7757446","Toilet is using by beneficiary and satisfied with the intervention ","Kokila Navaratnam"
"21078d1a-0f8c-45e9-88eb-09fe0fa908b5","S. de Zoysa","Provide material support for youth enterprise development","Mullaitivu","Maritimepattu","Kepapilavu GND","YDC","Kaushalya Wijeratne","8/18/2026","Kerthiya is young motivated tailor.She was involving tailoring with her old sewing machine.After the BDS intervention she received Zoji machine.Now is using actively.","9.2579997, 80.774442","She is very active and has clear goal.","Wickramasinghe Kodithuwakku"
"21078d1a-0f8c-45e9-88eb-09fe0fa908b5","S. de Zoysa","Provide material support for youth enterprise development","Mullaitivu","Maritimepattu","Kepapilavu GND","YDC","Kaushalya Wijeratne","8/18/2026","Kerthiya is young motivated tailor.She was involving tailoring with her old sewing machine.After the BDS intervention she received Zoji machine.Now is using actively.","9.2579997, 80.774442","She is very active and has clear goal.","Wickramasinghe Kodithuwakku"
"bb7076d0-18f8-4c29-ad81-5dfab4c4e934","H. Kodithuwakku","Provide material support for youth enterprise development","Mullaitivu","Maritimepattu","Kepapilavu GND","YDC","Kaushalya Wijeratne","8/18/2026","Inthujan is a electrician, living in Kepapilavu.He used old working material for doing his work.Later BDS provided material for work enhancement.","9.2576341, 80.7736632","Youth involving his work actively with using provided materials.","Wickramasinghe Kodithuwakku"
"bb7076d0-18f8-4c29-ad81-5dfab4c4e934","H. Kodithuwakku","Provide material support for youth enterprise development","Mullaitivu","Maritimepattu","Kepapilavu GND","YDC","Kaushalya Wijeratne","8/18/2026","Inthujan is a electrician, living in Kepapilavu.He used old working material for doing his work.Later BDS provided material for work enhancement.","9.2576341, 80.7736632","Youth involving his work actively with using provided materials.","Wickramasinghe Kodithuwakku"
"dcdfc005-8b8b-47f6-9526-41097019035b","S. Rathnayake","Material support for family-based livelihood development","Mullaitivu","Maritimepattu","Kapapilavu","CDC","Kaushalya Wijeratne","8/18/2026","Niranjala is doing catering.She prepares breakfast for selling.Bds provided materials.","9.2590385, 80.7754239","She is active with clear business idea.She uses provided materials.","Kokila Navaratnam"
"6d0ee522-8413-4615-a238-55904b4091c8","Great Western, Luisa division community","Financial support for CSO/Youth club actions","Nuwara Eliya (Plantation)","Thalawakele","Great Western","CDC","Selvarani Kanthasamy","8/21/2026","The Community was used damaged pavements around their residential area.","6.9521448, 80.6903239","The Construction of the pavement is complete. The beneficiaries are satisfied with the construction.","Krishnamoorthy Somasundaram"
"b9678c6b-5897-4c36-b159-f55dba4b3659","Great Western Community Members","Financial support for CSO/Youth club actions","Nuwara Eliya (Plantation)","Thalawakele","Great Western","CDC","Selvarani Kanthasamy","8/21/2026","The CDC was damaged in a fire accident before the support.","6.9489043, 80.6976131","The Construction of the CDC renovation has been completed. The electricity supply is unavailable.","Krishnamoorthy Somasundaram"
"ed3095f9-0f25-4379-b833-5c23df7b36c4","Great Western, Luisa division community","Financial support for CSO/Youth club actions","Nuwara Eliya (Plantation)","Thalawakele","Great Western","CDC","Selvarani Kanthasamy","8/21/2026","The retaining wall was damaged by DITWAH. The road was used by more than 40 families.","6.9519438, 80.6878857","The retaining wall was constructed by the youth club successfully. The community now has access to the road. The community expressed satisfaction for the intervention.","Krishnamoorthy Somasundaram"
"2b576f9c-5fec-4697-afca-3c262d36de75","Nadeeka Abeywardena","Material support for family-based livelihood development","Anuradhapura","Manupa","Puliyankulama","CDC","Upul Bandara","8/23/2026","Hasnah is a farmer who cultivates 1.5 acres. He is 30 years old. His wife is Radha, and she is 30 years old and unemployed. They have a daughter who is 1.5 years old. They do not have their own water pump even though they cultivate.","8.3202928, 80.4098087","","Sivagami Kandasamy"
"042d8ccd-edbc-4231-a1c1-8e31ed5da73a","Great Western Community","Financial support for CSO/Youth club actions","Nuwara Eliya (Plantation)","Thalawakele","Great Western","CDC","Selvarani Kanthasamy","8/21/2026","The community members and school students were face difficulties without a bus stand.","6.9526889, 80.6819658","The bus stand has been constructed has per engineer estimate.","Krishnamoorthy Somasundaram"
"a2d16a7b-2e97-4b3b-ad69-3ecf554306a5","M. Rathnayake","Material support for family-based livelihood development","Anuradhapura","Thirappane","Kuttikulama","CDC","Upul Bandara","8/23/2026","Jayasinghe is 42 years old and he is working in his own salon. His wife is Kalpani and she is 32 years. She is supporting to her husband. They have 2 daughters (8y, 3 months). No aswesuma or any allowance received from government. ","8.3202928, 80.4098087","","Shameem Rizvi"
"9f9967cf-e1cb-417a-b06a-047a12cd1451","Manel Kariyawasam","Material support for family-based livelihood development","Anuradhapura","Thirappane","Puliyankulama","CDC","Upul Bandara","8/23/2026","Chalana is a farmer and part-time labour. He is 34 years old. His wife is Tarushi and she is 34 years old and she is supporting to her husband's livelihoods. There are 3 sons (8 y, 4 y, 1 y). They cultivate 2 acre of land. Earlier they did not have a warer pump and they used their parents water pump.","8.3202928, 80.4098087","",""
"bd5b89f6-93ed-44a6-9396-46795cad6e83","Great Western Community","Livelihood infrastructure development","Nuwara Eliya (Plantation)","Thalawakele","Great Western","CDC","Selvarani Kanthasamy","8/20/2026","The Community is using a damaged facility.","6.9565941, 80.6773379","Material was supplied for the road construction, but the construction has not started yet.","Krishnamoorthy Somasundaram"
"4a5b6bbb-6eb6-427a-8fe7-e2626646ab79","W. de Zoysa","Renovation of houses","Anuradhapura","Thirappane","Pairamaduwa","CDC","Upul Bandara","8/23/2026","Nadeeka, aged 43, is a mother of three. Her eldest son, 17, is a monk. Her younger son is 10 years old, and her youngest daughter is 4 years old. Nadeeka is a homemaker, and her husband, Jayantha, also 43, is a laborer. Previously, the family resided in a partially constructed single-room dwelling.","8.3202928, 80.4098087","Not fixed window frames in standered way. No locks. Not properly fixed.","Shameem Rizvi"
"3ed7199c-b40f-4941-9b3b-3666c5b64ee2","D. Peiris","Material support for family-based livelihood development","Anuradhapura","Thirappane","Pairamaduwa","CDC","Upul Bandara","8/23/2026","Nadeeka, aged 43, is a mother of three. Her eldest son, 17, is a monk. Her younger son is 10 years old, and her youngest daughter is 4 years old. Nadeeka is a homemaker, and her husband, Jayantha, also 43, is a laborer. Previously, the family resided in a partially constructed single-room dwelling. No experience in cattle rearing ","8.3202928, 80.4098087","","Shameem Rizvi"
"e962aafb-3928-4e93-a2a9-5fb7f361a25d","L. Jayasuriya","Construction of toilets","Nuwara Eliya (Plantation)","Thalawakele","Great Western","CDC","Selvarani Kanthasamy","8/20/2026","T. Sumithra is an estate worker, and her husband drives a three-wheeler. They have three children, two of whom are currently studying. T. Sumithra's parents also live with them. The family lacks proper latrine facilities and use a neighbor's toilet.","6.9471726, 80.6975436","The Beneficiary's family does not have a toilet.","Krishnamoorthy Somasundaram"
"101ca2df-cd25-4d5a-a305-ddd89aedaedb","S. Ranasinghe","Construction of toilets","Nuwara Eliya (Plantation)","Thalawakele","Great Western","CDC","Selvarani Kanthasamy","8/20/2026","N. Radhiga is an estate worker while her husband is a three-wheel driver. They have two children one of whom is currently studying. The family currently using a damaged toilet facility.","6.9517372, 80.6891893","The family is currently using a damaged toilet facility.
","Krishnamoorthy Somasundaram"
"14948edb-9869-4bb9-9a86-cfb380c22241","M. Kumaraguru","Construction of toilets","Nuwara Eliya (Plantation)","Thalawakele","Great Western","CDC","Selvarani Kanthasamy","8/20/2026","R. Bavani and her husband are both estate workers. They have three children; two of them are currently attending school. The Family does not have a toilet facility for their own depends on neighbors' facilities.","6.9533644, 80.6897353","The Family does not have a toilet facility for their own depends on neighbours' facilities. The construction of a new toilet has not started yet.","Krishnamoorthy Somasundaram"
"5ea82de7-30f5-43de-b847-70f354db917e","Piyal Herath","Renovation of houses","Anuradhapura","Thirappane","Wannamkulama","CDC","Upul Bandara","8/23/2026","Sahalika is 30 years old unemployed. Her husband is Nuwan Jayawardhane and he is 39 years old. He is a laborer. They have 3 daughters (13 y, 4 y and 2 y). Living in a partially constructed house.","8.3202928, 80.4098087","",""
"5d393e7e-91b4-4bca-b48d-ef5f6f48b830","S. Vinothan","Material support for family-based livelihood development","Nuwara Eliya (Plantation)","Thalawakele","Great Western","CDC","Selvarani Kanthasamy","8/20/2026","R. Pathmanathan and his wife are both engaged in vegetable cultivation. Their son and daughter work in Colombo. Before receiving support from BDS the family lacked proper equipment.","6.9472775, 80.6972541","The family is using the materials provided and motivated to engage in cultivation.","Krishnamoorthy Somasundaram"
"2ec0b4b8-03df-4437-b141-ab109b38d6d5","V. Thambirajah","Material support for family-based livelihood development","Nuwara Eliya (Plantation)","Thalawakele","Great Western","CDC","Selvarani Kanthasamy","8/20/2026","V.Sivanraj and his wife both are estate workers. In addition to estate work Mr. Sivanraj also engage in mason works. They have three children, one of whom is attending school. They lacked proper equipment before the support.","6.9523175, 80.6878458","The provided equipment is in use, which has improved the income of the beneficiary. ","Krishnamoorthy Somasundaram"
"3c22b370-8cc5-4e8f-810b-295150970428","Fordyce Community","Renovation of water projects","Nuwara Eliya (Plantation)","Norwood","Great Western","CDC","Selvarani Kanthasamy","8/19/2026","The water project had damage, and the water was not clean prior to providing support.","6.8617257, 80.6336715","","Uma Kumaraguru"
"1495bfd1-0c45-4a8b-93ba-1701b3c7e752","Fordyce, GG Community","Livelihood infrastructure development","Nuwara Eliya (Plantation)","Norwood","Fordyce","CDC","Selvarani Kanthasamy","8/18/2026","The community was using a damaged road facility.","6.861259, 80.6310237","The construction has been completed and is being used by the community. The community expressed satisfaction towards the intervention.","Uma Kumaraguru"
"0607702e-7a28-4fa5-b631-4986371ca63c","Fordyce, GG division Community","Financial support for CSO/Youth club actions","Nuwara Eliya (Plantation)","Norwood","Fordyce","CDC","Selvarani Kanthasamy","8/19/2026","The community was using a damaged footpath before the support.","6.8586869, 80.6343653","The construction has been completed as planned.","Uma Kumaraguru"
"ea44c75b-88d8-461e-b1dc-399e07df430a","Fordyce, Beret division community","Livelihood infrastructure development","Nuwara Eliya (Plantation)","Norwood","Ingestre","CDC","Selvarani Kanthasamy","8/18/2026","The community was using a damaged road facility.","6.8593182, 80.6350869","The construction of the road has been completed. The community expressed satisfaction towards road construction.","Somawathi Karunaratne"
"92847fa5-6b51-4467-b380-b476c4f8f151","Clarendon, Avoka division Community","Financial support for CSO/Youth club actions","Nuwara Eliya (Plantation)","Nuwara Eliya","Clarendon ","CDC","Selvarani Kanthasamy","8/25/2026","The preschool did not have a fencing net around the building. This caused many security issues.","6.9164092, 80.7216381","The fencing net construction completed as per the estimate. The intervention increased protection of children.","Roshan Herath"
"9932246f-9c13-491c-b5a9-c629f6574f6c","S. Dias","Vocational/professional/ soft skill development of youth","Batticaloa","Valachchenei (KP)","Muravodai Tamil","YDC","Kaushalya Wijeratne","8/24/2026","Abilaksha is 21 years old following tailoring course at VTA Karuwakerny.Looking for the BDS support.","7.9031958, 81.5335023","Course started last month and payment requested.","Anusha Rathnayake"
"75da194c-bf13-46d9-b749-e5c7a079c2ef","Desford, Desford division community","Livelihood infrastructure development","Nuwara Eliya (Plantation)","Nuwara Eliya","Desford","CDC","Selvarani Kanthasamy","8/24/2026","The Community was using a severely damaged road facility.","6.9159008, 80.7349687","The construction on the road facility is underway.","Sivakumar Selvanayagam"
"1a156f97-a8dc-4852-8751-aa3cb3aacffc","Vimukthi Gunawardena","Material support for family-based livelihood development","Anuradhapura","Thirappane","Wannamkulama","CDC","Upul Bandara","8/24/2026","Lahiru is a laborer. His wife is unemployed. They have 2 kids. Has previous experience in cattle rearing. Living in a partially constructed house. BDS is supporting for house renovation also","8.2503919, 80.545243","",""
"2847ac8c-50a3-4a93-8070-a6f4cd3868c4","N. Wijeratne","Material support for family-based livelihood development","Anuradhapura","Thirappane","Wannamkulama","CDC","Upul Bandara","8/24/2026","M. Jayanthi is 65 years old. Her husband is 70 years old farmer. Their grand son is living with them and he is 10 years old. They are cultivating 0.5 acre but has elephant issues ","8.248593, 80.5342025","",""
"08c17d10-025e-44d6-9257-ca61b3706adf","Somawathi Fernando","Material support for family-based livelihood development","Anuradhapura","Thirappane","Wannamkulama","CDC","Upul Bandara","8/24/2026","Suranjitth is 44 years old farmer. Suramyalatha is wife and she is 44 years old. 3 daughters (14 y, 10y, 10y), and old parents are living with them. No any government allowance receives. Has 10+ years experience in cultivation. ","8.2490001, 80.5383993","",""
"c12912d0-4dca-4531-8e5d-1542d202bf92","Gayan Herath","Construction of toilets","Anuradhapura","Thirappane","Wannamkulama","CDC","Upul Bandara","8/24/2026","Amila is 42 years old labour. His wife is niluka and she also 42 years old. They have 3 sons (19 y, 16 y, 8 y) and 1 daughter (11y). Previous toilet was in unusable condition. No any government allowance receives.","8.2480927, 80.535505","",""
"0d649d56-d00c-4e3a-811e-28db4aabba77","K. Balachandran","Material support for family-based livelihood development","Anuradhapura","Thirappane","Wannamkulama","CDC","Upul Bandara","8/24/2026","Nandana Kumara is a farmer living vith her wife and 2 children. They are cultivating 1 acre since 10 years. They have a water pump but it is malfunctioning.","8.2494401, 80.5381403","",""
"912dad05-db95-4089-8e6f-c377222b12ea","K. Sutharshan","Material support for family-based livelihood development","Nuwara Eliya (Plantation)","Nuwara Eliya","Clarendon","CDC","Selvarani Kanthasamy","8/24/2026","P. Jeevaratnam and his wife are both engaged in vegetable cultivation. They were involved in vegetable cultivation without proper equipment before receiving support.","6.9149163, 80.7215145","Provided equipments are in use and the beneficiary motivated to engage in cultivation.","Roshan Herath"
"b82570a6-122e-4d19-bdc8-5057a4b9882e","M. Wijeratne","Construction of toilets","Nuwara Eliya (Plantation)","Nuwara Eliya","Clarendon","CDC","Selvarani Kanthasamy","8/24/2026","L. Satheesh is an estate worker, and her husband works in a hotel. They have two school -going children. Her father and mother depend on them. They did not have a toilet for their own used neighbor's facility before the BDS support. ","6.9168425, 80.7239061","The pit was not properly closed in the initial visit has been resolved","Roshan Herath"
"942d921f-691e-4e7d-9526-325edc528088","Clarendon, Avoka division community","Livelihood infrastructure development","Nuwara Eliya (Plantation)","Nuwara Eliya","Clarendon","CDC","Selvarani Kanthasamy","8/24/2026","The community has been using a damaged footpath","6.9157543, 80.7248253","The construction is underway. the small parts need to be completed.","Roshan Herath"
